ok,level,attack_id,run_id,service,packet_count,byte_count,first_epoch,last_epoch,source_kind,campaign_relative_path,error
True,L0,bf_ssh,run01,ssh,667,52598,1782901295.625455,1782901334.800374,features,bf_ssh/bf_ssh/L0/run01/ssh-bf_ssh-L0-run01.pcap,
True,L0,bf_ssh,run02,ssh,660,52122,1782901339.391645,1782901378.564972,features,bf_ssh/bf_ssh/L0/run02/ssh-bf_ssh-L0-run02.pcap,
True,L0,bf_ssh,run03,ssh,666,52554,1782901381.18823,1782901420.360866,features,bf_ssh/bf_ssh/L0/run03/ssh-bf_ssh-L0-run03.pcap,
True,L0,bf_ssh,run04,ssh,658,51966,1782901422.927096,1782901462.101836,features,bf_ssh/bf_ssh/L0/run04/ssh-bf_ssh-L0-run04.pcap,
True,L0,bf_ssh,run05,ssh,666,52554,1782901464.670502,1782901503.839149,features,bf_ssh/bf_ssh/L0/run05/ssh-bf_ssh-L0-run05.pcap,
True,L1,bf_ssh,run01,ssh,1276,155873,1782901506.434693,1782901545.493411,features,bf_ssh/bf_ssh/L1/run01/ssh-bf_ssh-L1-run01.pcap,
True,L1,bf_ssh,run02,ssh,1252,150660,1782901548.469831,1782901587.614555,features,bf_ssh/bf_ssh/L1/run02/ssh-bf_ssh-L1-run02.pcap,
True,L1,bf_ssh,run03,ssh,1246,150048,1782901590.564252,1782901629.681224,features,bf_ssh/bf_ssh/L1/run03/ssh-bf_ssh-L1-run03.pcap,
True,L1,bf_ssh,run04,ssh,1163,132888,1782901632.58143,1782901671.682131,features,bf_ssh/bf_ssh/L1/run04/ssh-bf_ssh-L1-run04.pcap,
True,L1,bf_ssh,run05,ssh,1275,156053,1782901674.616404,1782901713.70972,features,bf_ssh/bf_ssh/L1/run05/ssh-bf_ssh-L1-run05.pcap,
True,L2,bf_ssh,run01,ssh,1283,156692,1782901716.632021,1782901755.767092,features,bf_ssh/bf_ssh/L2/run01/ssh-bf_ssh-L2-run01.pcap,
True,L2,bf_ssh,run02,ssh,1250,150495,1782901758.671925,1782901797.80384,features,bf_ssh/bf_ssh/L2/run02/ssh-bf_ssh-L2-run02.pcap,
True,L2,bf_ssh,run03,ssh,1282,156440,1782901800.935805,1782901840.057992,features,bf_ssh/bf_ssh/L2/run03/ssh-bf_ssh-L2-run03.pcap,
True,L2,bf_ssh,run04,ssh,1309,162130,1782901842.963021,1782901882.074241,features,bf_ssh/bf_ssh/L2/run04/ssh-bf_ssh-L2-run04.pcap,
True,L2,bf_ssh,run05,ssh,1253,150711,1782901884.688708,1782901924.211451,features,bf_ssh/bf_ssh/L2/run05/ssh-bf_ssh-L2-run05.pcap,
True,L3,bf_ssh,run01,ssh,1276,156029,1782901927.05199,1782901966.23549,features,bf_ssh/bf_ssh/L3/run01/ssh-bf_ssh-L3-run01.pcap,
True,L3,bf_ssh,run02,ssh,1300,161632,1782901969.038129,1782902008.123604,features,bf_ssh/bf_ssh/L3/run02/ssh-bf_ssh-L3-run02.pcap,
True,L3,bf_ssh,run03,ssh,1251,150630,1782902011.080483,1782902050.198723,features,bf_ssh/bf_ssh/L3/run03/ssh-bf_ssh-L3-run03.pcap,
True,L3,bf_ssh,run04,ssh,1239,149598,1782902053.112684,1782902092.255559,features,bf_ssh/bf_ssh/L3/run04/ssh-bf_ssh-L3-run04.pcap,
True,L3,bf_ssh,run05,ssh,1279,156362,1782902095.315279,1782902134.475751,features,bf_ssh/bf_ssh/L3/run05/ssh-bf_ssh-L3-run05.pcap,
True,L0,bf_telnet,run01,telnet,656,50139,1782902195.54951,1782902234.902979,features,bf_telnet/bf_telnet/L0/run01/telnet-bf_telnet-L0-run01.pcap,
True,L0,bf_telnet,run02,telnet,656,50155,1782902238.676302,1782902277.984521,features,bf_telnet/bf_telnet/L0/run02/telnet-bf_telnet-L0-run02.pcap,
True,L0,bf_telnet,run03,telnet,653,49939,1782902280.505233,1782902319.808898,features,bf_telnet/bf_telnet/L0/run03/telnet-bf_telnet-L0-run03.pcap,
True,L0,bf_telnet,run04,telnet,652,49867,1782902322.271819,1782902361.588905,features,bf_telnet/bf_telnet/L0/run04/telnet-bf_telnet-L0-run04.pcap,
True,L0,bf_telnet,run05,telnet,656,50155,1782902364.166405,1782902403.500617,features,bf_telnet/bf_telnet/L0/run05/telnet-bf_telnet-L0-run05.pcap,
True,L1,bf_telnet,run01,telnet,2767,214451,1782902406.030348,1782902445.434169,features,bf_telnet/bf_telnet/L1/run01/telnet-bf_telnet-L1-run01.pcap,
True,L1,bf_telnet,run02,telnet,2749,213167,1782902448.652341,1782902488.060811,features,bf_telnet/bf_telnet/L1/run02/telnet-bf_telnet-L1-run02.pcap,
True,L1,bf_telnet,run03,telnet,2774,214967,1782902491.163499,1782902530.517219,features,bf_telnet/bf_telnet/L1/run03/telnet-bf_telnet-L1-run03.pcap,
True,L1,bf_telnet,run04,telnet,2752,213237,1782902533.660258,1782902572.993092,features,bf_telnet/bf_telnet/L1/run04/telnet-bf_telnet-L1-run04.pcap,
True,L1,bf_telnet,run05,telnet,2761,213924,1782902577.551542,1782902616.876921,features,bf_telnet/bf_telnet/L1/run05/telnet-bf_telnet-L1-run05.pcap,
True,L2,bf_telnet,run01,telnet,2767,214686,1782902620.006687,1782902659.382198,features,bf_telnet/bf_telnet/L2/run01/telnet-bf_telnet-L2-run01.pcap,
True,L2,bf_telnet,run02,telnet,2813,217775,1782902662.417008,1782902701.732072,features,bf_telnet/bf_telnet/L2/run02/telnet-bf_telnet-L2-run02.pcap,
True,L2,bf_telnet,run03,telnet,2759,213887,1782902704.793141,1782902744.124124,features,bf_telnet/bf_telnet/L2/run03/telnet-bf_telnet-L2-run03.pcap,
True,L2,bf_telnet,run04,telnet,2764,214247,1782902747.201752,1782902786.50333,features,bf_telnet/bf_telnet/L2/run04/telnet-bf_telnet-L2-run04.pcap,
True,L2,bf_telnet,run05,telnet,2792,216251,1782902789.525235,1782902828.8421,features,bf_telnet/bf_telnet/L2/run05/telnet-bf_telnet-L2-run05.pcap,
True,L3,bf_telnet,run01,telnet,2824,218567,1782902831.947331,1782902871.294411,features,bf_telnet/bf_telnet/L3/run01/telnet-bf_telnet-L3-run01.pcap,
True,L3,bf_telnet,run02,telnet,2803,217163,1782902874.385256,1782902913.745682,features,bf_telnet/bf_telnet/L3/run02/telnet-bf_telnet-L3-run02.pcap,
True,L3,bf_telnet,run03,telnet,2891,224243,1782902916.841833,1782902956.200092,features,bf_telnet/bf_telnet/L3/run03/telnet-bf_telnet-L3-run03.pcap,
True,L3,bf_telnet,run04,telnet,2766,214233,1782902959.476577,1782902998.833429,features,bf_telnet/bf_telnet/L3/run04/telnet-bf_telnet-L3-run04.pcap,
True,L3,bf_telnet,run05,telnet,2734,212087,1782903002.035988,1782903041.384331,features,bf_telnet/bf_telnet/L3/run05/telnet-bf_telnet-L3-run05.pcap,
True,L0,dos_fin_flood,run01,http,1580,324927,1782903095.592858,1782903135.135705,features,dos_fin_flood/dos_fin_flood/L0/run01/http-dos_fin_flood-L0-run01.pcap,
True,L0,dos_fin_flood,run02,http,1560,320814,1782903139.148385,1782903178.175712,features,dos_fin_flood/dos_fin_flood/L0/run02/http-dos_fin_flood-L0-run02.pcap,
True,L0,dos_fin_flood,run03,http,1561,320886,1782903181.323364,1782903220.35578,features,dos_fin_flood/dos_fin_flood/L0/run03/http-dos_fin_flood-L0-run03.pcap,
True,L0,dos_fin_flood,run04,http,1580,324927,1782903223.358894,1782903262.813861,features,dos_fin_flood/dos_fin_flood/L0/run04/http-dos_fin_flood-L0-run04.pcap,
True,L0,dos_fin_flood,run05,http,1560,320814,1782903265.480446,1782903304.452038,features,dos_fin_flood/dos_fin_flood/L0/run05/http-dos_fin_flood-L0-run05.pcap,
True,L1,dos_fin_flood,run01,http,2409247,144788667,1782903307.73182,1782903347.161478,features,dos_fin_flood/dos_fin_flood/L1/run01/http-dos_fin_flood-L1-run01.pcap,
True,L1,dos_fin_flood,run02,http,2348261,141124314,1782903935.213809,1782903974.198188,features,dos_fin_flood/dos_fin_flood/L1/run02/http-dos_fin_flood-L1-run02.pcap,
True,L1,dos_fin_flood,run03,http,2378313,142927434,1782904552.250253,1782904591.606729,features,dos_fin_flood/dos_fin_flood/L1/run03/http-dos_fin_flood-L1-run03.pcap,
True,L1,dos_fin_flood,run04,http,2390190,143640030,1782905167.078705,1782905206.233202,features,dos_fin_flood/dos_fin_flood/L1/run04/http-dos_fin_flood-L1-run04.pcap,
True,L1,dos_fin_flood,run05,http,2414177,145082187,1782905785.440953,1782905824.880715,features,dos_fin_flood/dos_fin_flood/L1/run05/http-dos_fin_flood-L1-run05.pcap,
True,L2,dos_fin_flood,run01,http,2404420,144493818,1782906419.68519,1782906458.69482,features,dos_fin_flood/dos_fin_flood/L2/run01/http-dos_fin_flood-L2-run01.pcap,
True,L2,dos_fin_flood,run02,http,2435396,146352426,1782907048.628215,1782907087.833222,features,dos_fin_flood/dos_fin_flood/L2/run02/http-dos_fin_flood-L2-run02.pcap,
True,L2,dos_fin_flood,run03,http,2421169,145493340,1782907682.317595,1782907721.521704,features,dos_fin_flood/dos_fin_flood/L2/run03/http-dos_fin_flood-L2-run03.pcap,
True,L2,dos_fin_flood,run04,http,2444660,146911131,1782908313.524237,1782908352.947453,features,dos_fin_flood/dos_fin_flood/L2/run04/http-dos_fin_flood-L2-run04.pcap,
True,L2,dos_fin_flood,run05,http,2447322,147070863,1782908953.140582,1782908992.59567,features,dos_fin_flood/dos_fin_flood/L2/run05/http-dos_fin_flood-L2-run05.pcap,
True,L3,dos_fin_flood,run01,http,2429781,146012553,1782909597.191978,1782909636.461577,features,dos_fin_flood/dos_fin_flood/L3/run01/http-dos_fin_flood-L3-run01.pcap,
True,L3,dos_fin_flood,run02,http,2433888,146261934,1782910233.956542,1782910272.951723,features,dos_fin_flood/dos_fin_flood/L3/run02/http-dos_fin_flood-L3-run02.pcap,
True,L3,dos_fin_flood,run03,http,2372586,142586667,1782910867.639864,1782910907.096199,features,dos_fin_flood/dos_fin_flood/L3/run03/http-dos_fin_flood-L3-run03.pcap,
True,L3,dos_fin_flood,run04,http,2310383,138851610,1782911486.044896,1782911525.044262,features,dos_fin_flood/dos_fin_flood/L3/run04/http-dos_fin_flood-L3-run04.pcap,
True,L3,dos_fin_flood,run05,http,2390349,143646669,1782912094.123844,1782912133.113147,features,dos_fin_flood/dos_fin_flood/L3/run05/http-dos_fin_flood-L3-run05.pcap,
True,L0,dos_http_simple,run01,http,1601,329112,1782912787.434544,1782912827.355775,features,dos_http_simple/dos_http_simple/L0/run01/http-dos_http_simple-L0-run01.pcap,
True,L0,dos_http_simple,run02,http,1580,324927,1782912830.75074,1782912870.152256,features,dos_http_simple/dos_http_simple/L0/run02/http-dos_http_simple-L0-run02.pcap,
True,L0,dos_http_simple,run03,http,1580,324927,1782912872.81982,1782912912.19293,features,dos_http_simple/dos_http_simple/L0/run03/http-dos_http_simple-L0-run03.pcap,
True,L0,dos_http_simple,run04,http,1580,324927,1782912914.893453,1782912954.286333,features,dos_http_simple/dos_http_simple/L0/run04/http-dos_http_simple-L0-run04.pcap,
True,L0,dos_http_simple,run05,http,1580,324927,1782912957.057049,1782912996.445633,features,dos_http_simple/dos_http_simple/L0/run05/http-dos_http_simple-L0-run05.pcap,
True,L1,dos_http_simple,run01,http,3420,560631,1782912999.108922,1782913038.482945,features,dos_http_simple/dos_http_simple/L1/run01/http-dos_http_simple-L1-run01.pcap,
True,L1,dos_http_simple,run02,http,3421,560703,1782913041.734935,1782913081.088431,features,dos_http_simple/dos_http_simple/L1/run02/http-dos_http_simple-L1-run02.pcap,
True,L1,dos_http_simple,run03,http,3440,563193,1782913084.317705,1782913123.666304,features,dos_http_simple/dos_http_simple/L1/run03/http-dos_http_simple-L1-run03.pcap,
True,L1,dos_http_simple,run04,http,3400,558069,1782913126.927505,1782913166.323427,features,dos_http_simple/dos_http_simple/L1/run04/http-dos_http_simple-L1-run04.pcap,
True,L1,dos_http_simple,run05,http,3440,563193,1782913169.45057,1782913208.811707,features,dos_http_simple/dos_http_simple/L1/run05/http-dos_http_simple-L1-run05.pcap,
True,L2,dos_http_simple,run01,http,3390,556788,1782913212.039541,1782913251.458627,features,dos_http_simple/dos_http_simple/L2/run01/http-dos_http_simple-L2-run01.pcap,
True,L2,dos_http_simple,run02,http,3420,560631,1782913254.810541,1782913294.168276,features,dos_http_simple/dos_http_simple/L2/run02/http-dos_http_simple-L2-run02.pcap,
True,L2,dos_http_simple,run03,http,3440,563193,1782913297.392803,1782913336.765387,features,dos_http_simple/dos_http_simple/L2/run03/http-dos_http_simple-L2-run03.pcap,
True,L2,dos_http_simple,run04,http,3390,556788,1782913339.983136,1782913379.367006,features,dos_http_simple/dos_http_simple/L2/run04/http-dos_http_simple-L2-run04.pcap,
True,L2,dos_http_simple,run05,http,3440,563193,1782913382.633393,1782913421.9924,features,dos_http_simple/dos_http_simple/L2/run05/http-dos_http_simple-L2-run05.pcap,
True,L3,dos_http_simple,run01,http,3441,563265,1782913425.373951,1782913464.759972,features,dos_http_simple/dos_http_simple/L3/run01/http-dos_http_simple-L3-run01.pcap,
True,L3,dos_http_simple,run02,http,3370,554226,1782913468.099757,1782913507.511005,features,dos_http_simple/dos_http_simple/L3/run02/http-dos_http_simple-L3-run02.pcap,
True,L3,dos_http_simple,run03,http,3390,556788,1782913510.952046,1782913550.372197,features,dos_http_simple/dos_http_simple/L3/run03/http-dos_http_simple-L3-run03.pcap,
True,L3,dos_http_simple,run04,http,3430,561912,1782913553.585278,1782913592.955786,features,dos_http_simple/dos_http_simple/L3/run04/http-dos_http_simple-L3-run04.pcap,
True,L3,dos_http_simple,run05,http,3440,563193,1782913596.368532,1782913635.757121,features,dos_http_simple/dos_http_simple/L3/run05/http-dos_http_simple-L3-run05.pcap,
True,L0,dos_http_slowloris,run01,http,1600,329040,1782913717.640126,1782913757.530445,features,dos_http_slowloris/dos_http_slowloris/L0/run01/http-dos_http_slowloris-L0-run01.pcap,
True,L0,dos_http_slowloris,run02,http,1580,324927,1782913761.200866,1782913800.5664,features,dos_http_slowloris/dos_http_slowloris/L0/run02/http-dos_http_slowloris-L0-run02.pcap,
True,L0,dos_http_slowloris,run03,http,1581,324999,1782913803.348303,1782913842.703828,features,dos_http_slowloris/dos_http_slowloris/L0/run03/http-dos_http_slowloris-L0-run03.pcap,
True,L0,dos_http_slowloris,run04,http,1580,324927,1782913845.371496,1782913884.715863,features,dos_http_slowloris/dos_http_slowloris/L0/run04/http-dos_http_slowloris-L0-run04.pcap,
True,L0,dos_http_slowloris,run05,http,1580,324927,1782913887.439205,1782913926.818513,features,dos_http_slowloris/dos_http_slowloris/L0/run05/http-dos_http_slowloris-L0-run05.pcap,
True,L1,dos_http_slowloris,run01,http,3303,458709,1782913929.50705,1782913968.719883,features,dos_http_slowloris/dos_http_slowloris/L1/run01/http-dos_http_slowloris-L1-run01.pcap,
True,L1,dos_http_slowloris,run02,http,3273,453900,1782913972.092178,1782914011.256499,features,dos_http_slowloris/dos_http_slowloris/L1/run02/http-dos_http_slowloris-L1-run02.pcap,
True,L1,dos_http_slowloris,run03,http,3285,454765,1782914014.668582,1782914053.84149,features,dos_http_slowloris/dos_http_slowloris/L1/run03/http-dos_http_slowloris-L1-run03.pcap,
True,L1,dos_http_slowloris,run04,http,3279,454312,1782914057.166738,1782914096.312974,features,dos_http_slowloris/dos_http_slowloris/L1/run04/http-dos_http_slowloris-L1-run04.pcap,
True,L1,dos_http_slowloris,run05,http,3279,454323,1782914099.670185,1782914138.813787,features,dos_http_slowloris/dos_http_slowloris/L1/run05/http-dos_http_slowloris-L1-run05.pcap,
True,L2,dos_http_slowloris,run01,http,3259,450214,1782914142.19703,1782914181.371884,features,dos_http_slowloris/dos_http_slowloris/L2/run01/http-dos_http_slowloris-L2-run01.pcap,
True,L2,dos_http_slowloris,run02,http,3421,461869,1782914184.74195,1782914223.904223,features,dos_http_slowloris/dos_http_slowloris/L2/run02/http-dos_http_slowloris-L2-run02.pcap,
True,L2,dos_http_slowloris,run03,http,3279,454316,1782914227.368767,1782914266.708451,features,dos_http_slowloris/dos_http_slowloris/L2/run03/http-dos_http_slowloris-L2-run03.pcap,
True,L2,dos_http_slowloris,run04,http,3283,454597,1782914270.023782,1782914309.177236,features,dos_http_slowloris/dos_http_slowloris/L2/run04/http-dos_http_slowloris-L2-run04.pcap,
True,L2,dos_http_slowloris,run05,http,3283,454609,1782914312.653479,1782914351.804231,features,dos_http_slowloris/dos_http_slowloris/L2/run05/http-dos_http_slowloris-L2-run05.pcap,
True,L3,dos_http_slowloris,run01,http,3275,454035,1782914355.206924,1782914394.35032,features,dos_http_slowloris/dos_http_slowloris/L3/run01/http-dos_http_slowloris-L3-run01.pcap,
True,L3,dos_http_slowloris,run02,http,3281,454480,1782914397.721219,1782914436.867798,features,dos_http_slowloris/dos_http_slowloris/L3/run02/http-dos_http_slowloris-L3-run02.pcap,
True,L3,dos_http_slowloris,run03,http,3281,454473,1782914440.231567,1782914479.390398,features,dos_http_slowloris/dos_http_slowloris/L3/run03/http-dos_http_slowloris-L3-run03.pcap,
True,L3,dos_http_slowloris,run04,http,3253,449770,1782914482.920503,1782914522.065945,features,dos_http_slowloris/dos_http_slowloris/L3/run04/http-dos_http_slowloris-L3-run04.pcap,
True,L3,dos_http_slowloris,run05,http,3249,449498,1782914525.46358,1782914564.620478,features,dos_http_slowloris/dos_http_slowloris/L3/run05/http-dos_http_slowloris-L3-run05.pcap,
True,L0,dos_icmp_flood,run01,http,4871,995035,1782914647.879382,1782914687.756714,features,dos_icmp_flood/dos_icmp_flood/L0/run01/http-dos_icmp_flood-L0-run01.pcap,
True,L0,dos_icmp_flood,run02,http,4802,980783,1782914692.297813,1782914731.671752,features,dos_icmp_flood/dos_icmp_flood/L0/run02/http-dos_icmp_flood-L0-run02.pcap,
True,L0,dos_icmp_flood,run03,http,4819,983714,1782914734.986197,1782914774.712869,features,dos_icmp_flood/dos_icmp_flood/L0/run03/http-dos_icmp_flood-L0-run03.pcap,
True,L0,dos_icmp_flood,run04,http,4806,982266,1782914778.264623,1782914817.631889,features,dos_icmp_flood/dos_icmp_flood/L0/run04/http-dos_icmp_flood-L0-run04.pcap,
True,L0,dos_icmp_flood,run05,http,4811,981564,1782914820.780204,1782914860.597833,features,dos_icmp_flood/dos_icmp_flood/L0/run05/http-dos_icmp_flood-L0-run05.pcap,
True,L1,dos_icmp_flood,run01,http,4814092,6002887019,1782914863.788234,1782914904.752308,features,dos_icmp_flood/dos_icmp_flood/L1/run01/http-dos_icmp_flood-L1-run01.pcap,
True,L1,dos_icmp_flood,run02,http,4175400,5205934233,1782916472.719662,1782916512.651649,features,dos_icmp_flood/dos_icmp_flood/L1/run02/http-dos_icmp_flood-L1-run02.pcap,
True,L1,dos_icmp_flood,run03,http,3603325,4491980749,1782917865.545031,1782917906.605724,features,dos_icmp_flood/dos_icmp_flood/L1/run03/http-dos_icmp_flood-L1-run03.pcap,
True,L1,dos_icmp_flood,run04,http,4678865,5834191743,1782919075.353984,1782919116.240242,features,dos_icmp_flood/dos_icmp_flood/L1/run04/http-dos_icmp_flood-L1-run04.pcap,
True,L1,dos_icmp_flood,run05,http,4379771,5460941569,1782920643.132097,1782920684.175147,features,dos_icmp_flood/dos_icmp_flood/L1/run05/http-dos_icmp_flood-L1-run05.pcap,
True,L2,dos_icmp_flood,run01,http,4317249,5383072120,1782922094.842951,1782922135.503252,features,dos_icmp_flood/dos_icmp_flood/L2/run01/http-dos_icmp_flood-L2-run01.pcap,
True,L2,dos_icmp_flood,run02,http,4109775,5124167730,1782923535.419926,1782923575.993656,features,dos_icmp_flood/dos_icmp_flood/L2/run02/http-dos_icmp_flood-L2-run02.pcap,
True,L2,dos_icmp_flood,run03,http,4131306,5150929542,1782924918.656293,1782924959.02114,features,dos_icmp_flood/dos_icmp_flood/L2/run03/http-dos_icmp_flood-L2-run03.pcap,
True,L2,dos_icmp_flood,run04,http,4554182,5678838005,1782926296.129408,1782926336.454875,features,dos_icmp_flood/dos_icmp_flood/L2/run04/http-dos_icmp_flood-L2-run04.pcap,
True,L2,dos_icmp_flood,run05,http,4652718,5801958954,1782927812.263095,1782927853.223527,features,dos_icmp_flood/dos_icmp_flood/L2/run05/http-dos_icmp_flood-L2-run05.pcap,
True,L3,dos_icmp_flood,run01,http,4752653,5926347246,1782929366.021242,1782929407.520332,features,dos_icmp_flood/dos_icmp_flood/L3/run01/http-dos_icmp_flood-L3-run01.pcap,
True,L3,dos_icmp_flood,run02,http,4061321,5063930325,1782930942.083005,1782930982.977353,features,dos_icmp_flood/dos_icmp_flood/L3/run02/http-dos_icmp_flood-L3-run02.pcap,
True,L3,dos_icmp_flood,run03,http,4509258,5623310268,1782932284.616224,1782932325.601029,features,dos_icmp_flood/dos_icmp_flood/L3/run03/http-dos_icmp_flood-L3-run03.pcap,
True,L3,dos_icmp_flood,run04,http,4191954,5227325358,1782933776.953488,1782933816.291439,features,dos_icmp_flood/dos_icmp_flood/L3/run04/http-dos_icmp_flood-L3-run04.pcap,
True,L3,dos_icmp_flood,run05,http,3739619,4662577821,1782935162.114013,1782935203.231915,features,dos_icmp_flood/dos_icmp_flood/L3/run05/http-dos_icmp_flood-L3-run05.pcap,
True,L0,dos_psh_flood,run01,http,1540,316701,1782936524.925223,1782936564.229146,features,dos_psh_flood/dos_psh_flood/L0/run01/http-dos_psh_flood-L0-run01.pcap,
True,L0,dos_psh_flood,run02,http,1561,320886,1782936569.948233,1782936609.304645,features,dos_psh_flood/dos_psh_flood/L0/run02/http-dos_psh_flood-L0-run02.pcap,
True,L0,dos_psh_flood,run03,http,1565,323130,1782936611.672708,1782936651.362215,features,dos_psh_flood/dos_psh_flood/L0/run03/http-dos_psh_flood-L0-run03.pcap,
True,L0,dos_psh_flood,run04,http,1560,320814,1782936654.311915,1782936693.36305,features,dos_psh_flood/dos_psh_flood/L0/run04/http-dos_psh_flood-L0-run04.pcap,
True,L0,dos_psh_flood,run05,http,1560,320814,1782936696.43564,1782936735.479095,features,dos_psh_flood/dos_psh_flood/L0/run05/http-dos_psh_flood-L0-run05.pcap,
True,L1,dos_psh_flood,run01,http,2304152,138479970,1782936738.605224,1782936777.857433,features,dos_psh_flood/dos_psh_flood/L1/run01/http-dos_psh_flood-L1-run01.pcap,
True,L1,dos_psh_flood,run02,http,1993896,119856516,1782937323.673388,1782937362.701693,features,dos_psh_flood/dos_psh_flood/L1/run02/http-dos_psh_flood-L1-run02.pcap,
True,L1,dos_psh_flood,run03,http,2399861,144217353,1782937836.949518,1782937875.973561,features,dos_psh_flood/dos_psh_flood/L1/run03/http-dos_psh_flood-L1-run03.pcap,
True,L1,dos_psh_flood,run04,http,2286330,137408430,1782938442.457164,1782938481.932064,features,dos_psh_flood/dos_psh_flood/L1/run04/http-dos_psh_flood-L1-run04.pcap,
True,L1,dos_psh_flood,run05,http,2416276,145180761,1782939022.512101,1782939059.990358,features,dos_psh_flood/dos_psh_flood/L1/run05/http-dos_psh_flood-L1-run05.pcap,
True,L2,dos_psh_flood,run01,http,2442679,146786433,1782939627.679447,1782939666.847171,features,dos_psh_flood/dos_psh_flood/L2/run01/http-dos_psh_flood-L2-run01.pcap,
True,L2,dos_psh_flood,run02,http,2398933,144152910,1782940240.238292,1782940279.385587,features,dos_psh_flood/dos_psh_flood/L2/run02/http-dos_psh_flood-L2-run02.pcap,
True,L2,dos_psh_flood,run03,http,2399782,144215574,1782940844.327737,1782940883.520527,features,dos_psh_flood/dos_psh_flood/L2/run03/http-dos_psh_flood-L2-run03.pcap,
True,L2,dos_psh_flood,run04,http,2377031,142850490,1782941449.014348,1782941488.348929,features,dos_psh_flood/dos_psh_flood/L2/run04/http-dos_psh_flood-L2-run04.pcap,
True,L2,dos_psh_flood,run05,http,2404603,144493086,1782942046.81509,1782942085.823312,features,dos_psh_flood/dos_psh_flood/L2/run05/http-dos_psh_flood-L2-run05.pcap,
True,L3,dos_psh_flood,run01,http,2421005,145488930,1782942651.137888,1782942690.464161,features,dos_psh_flood/dos_psh_flood/L3/run01/http-dos_psh_flood-L3-run01.pcap,
True,L3,dos_psh_flood,run02,http,2393725,143852130,1782943259.324743,1782943298.410097,features,dos_psh_flood/dos_psh_flood/L3/run02/http-dos_psh_flood-L3-run02.pcap,
True,L3,dos_psh_flood,run03,http,2044787,122915850,1782943867.190852,1782943906.435733,features,dos_psh_flood/dos_psh_flood/L3/run03/http-dos_psh_flood-L3-run03.pcap,
True,L3,dos_psh_flood,run04,http,2419391,145392054,1782944391.599873,1782944430.995897,features,dos_psh_flood/dos_psh_flood/L3/run04/http-dos_psh_flood-L3-run04.pcap,
True,L3,dos_psh_flood,run05,http,2448772,147154950,1782944997.422342,1782945036.56854,features,dos_psh_flood/dos_psh_flood/L3/run05/http-dos_psh_flood-L3-run05.pcap,
True,L0,dos_rst_flood,run01,http,1581,324999,1782945678.306968,1782945718.047724,features,dos_rst_flood/dos_rst_flood/L0/run01/http-dos_rst_flood-L0-run01.pcap,
True,L0,dos_rst_flood,run02,http,1560,320814,1782945722.105316,1782945761.116984,features,dos_rst_flood/dos_rst_flood/L0/run02/http-dos_rst_flood-L0-run02.pcap,
True,L0,dos_rst_flood,run03,http,1560,320814,1782945764.168759,1782945803.27236,features,dos_rst_flood/dos_rst_flood/L0/run03/http-dos_rst_flood-L0-run03.pcap,
True,L0,dos_rst_flood,run04,http,1560,320814,1782945806.206683,1782945845.203385,features,dos_rst_flood/dos_rst_flood/L0/run04/http-dos_rst_flood-L0-run04.pcap,
True,L0,dos_rst_flood,run05,http,1580,324927,1782945848.246575,1782945887.684873,features,dos_rst_flood/dos_rst_flood/L0/run05/http-dos_rst_flood-L0-run05.pcap,
True,L1,dos_rst_flood,run01,http,2370133,142435206,1782945890.517103,1782945929.607374,features,dos_rst_flood/dos_rst_flood/L1/run01/http-dos_rst_flood-L1-run01.pcap,
True,L1,dos_rst_flood,run02,http,2379436,142996287,1782946488.687896,1782946528.162823,features,dos_rst_flood/dos_rst_flood/L1/run02/http-dos_rst_flood-L1-run02.pcap,
True,L1,dos_rst_flood,run03,http,2400578,144261894,1782947089.112953,1782947128.192045,features,dos_rst_flood/dos_rst_flood/L1/run03/http-dos_rst_flood-L1-run03.pcap,
True,L1,dos_rst_flood,run04,http,2280698,137063268,1782947694.836109,1782947734.037423,features,dos_rst_flood/dos_rst_flood/L1/run04/http-dos_rst_flood-L1-run04.pcap,
True,L1,dos_rst_flood,run05,http,2425374,145752579,1782948272.489194,1782948311.872172,features,dos_rst_flood/dos_rst_flood/L1/run05/http-dos_rst_flood-L1-run05.pcap,
True,L2,dos_rst_flood,run01,http,2360572,141861534,1782948881.933513,1782948920.991926,features,dos_rst_flood/dos_rst_flood/L2/run01/http-dos_rst_flood-L2-run01.pcap,
True,L2,dos_rst_flood,run02,http,2354686,141494492,1782949476.360368,1782949515.59393,features,dos_rst_flood/dos_rst_flood/L2/run02/http-dos_rst_flood-L2-run02.pcap,
True,L2,dos_rst_flood,run03,http,2378915,142962114,1782950067.510017,1782950106.489891,features,dos_rst_flood/dos_rst_flood/L2/run03/http-dos_rst_flood-L2-run03.pcap,
True,L2,dos_rst_flood,run04,http,2451519,147321279,1782950664.459065,1782950703.897598,features,dos_rst_flood/dos_rst_flood/L2/run04/http-dos_rst_flood-L2-run04.pcap,
True,L2,dos_rst_flood,run05,http,1988561,119535108,1782951278.751511,1782951317.976284,features,dos_rst_flood/dos_rst_flood/L2/run05/http-dos_rst_flood-L2-run05.pcap,
True,L3,dos_rst_flood,run01,http,2394711,143912787,1782951786.048586,1782951825.444076,features,dos_rst_flood/dos_rst_flood/L3/run01/http-dos_rst_flood-L3-run01.pcap,
True,L3,dos_rst_flood,run02,http,2378906,142964487,1782952389.982976,1782952429.464954,features,dos_rst_flood/dos_rst_flood/L3/run02/http-dos_rst_flood-L3-run02.pcap,
True,L3,dos_rst_flood,run03,http,1937904,116504367,1782952986.636762,1782953026.026558,features,dos_rst_flood/dos_rst_flood/L3/run03/http-dos_rst_flood-L3-run03.pcap,
True,L3,dos_rst_flood,run04,http,2456651,147629187,1782953481.0944,1782953520.465127,features,dos_rst_flood/dos_rst_flood/L3/run04/http-dos_rst_flood-L3-run04.pcap,
True,L3,dos_rst_flood,run05,http,2382062,143153847,1782954095.883911,1782954135.292776,features,dos_rst_flood/dos_rst_flood/L3/run05/http-dos_rst_flood-L3-run05.pcap,
True,L0,dos_syn_flood,run01,http,1580,324927,1782954771.870725,1782954811.223545,features,dos_syn_flood/dos_syn_flood/L0/run01/http-dos_syn_flood-L0-run01.pcap,
True,L0,dos_syn_flood,run02,http,1581,324999,1782954815.591705,1782954855.015235,features,dos_syn_flood/dos_syn_flood/L0/run02/http-dos_syn_flood-L0-run02.pcap,
True,L0,dos_syn_flood,run03,http,1580,324927,1782954857.667311,1782954897.081833,features,dos_syn_flood/dos_syn_flood/L0/run03/http-dos_syn_flood-L0-run03.pcap,
True,L0,dos_syn_flood,run04,http,1582,325071,1782954899.750195,1782954939.128358,features,dos_syn_flood/dos_syn_flood/L0/run04/http-dos_syn_flood-L0-run04.pcap,
True,L0,dos_syn_flood,run05,http,1580,324927,1782954941.840773,1782954981.203987,features,dos_syn_flood/dos_syn_flood/L0/run05/http-dos_syn_flood-L0-run05.pcap,
True,L1,dos_syn_flood,run01,http,3139,416954,1782954983.96814,1782955022.937825,features,dos_syn_flood/dos_syn_flood/L1/run01/http-dos_syn_flood-L1-run01.pcap,
True,L1,dos_syn_flood,run02,http,3511,439938,1782955026.472837,1782955065.896797,features,dos_syn_flood/dos_syn_flood/L1/run02/http-dos_syn_flood-L1-run02.pcap,
True,L1,dos_syn_flood,run03,http,3592,448019,1782955068.968834,1782955108.623898,features,dos_syn_flood/dos_syn_flood/L1/run03/http-dos_syn_flood-L1-run03.pcap,
True,L1,dos_syn_flood,run04,http,3606,448767,1782955111.464722,1782955151.27396,features,dos_syn_flood/dos_syn_flood/L1/run04/http-dos_syn_flood-L1-run04.pcap,
True,L1,dos_syn_flood,run05,http,3533,444075,1782955154.472848,1782955193.979732,features,dos_syn_flood/dos_syn_flood/L1/run05/http-dos_syn_flood-L1-run05.pcap,
True,L2,dos_syn_flood,run01,http,3512,442839,1782955196.968737,1782955236.466922,features,dos_syn_flood/dos_syn_flood/L2/run01/http-dos_syn_flood-L2-run01.pcap,
True,L2,dos_syn_flood,run02,http,3490,441383,1782955239.576082,1782955279.006879,features,dos_syn_flood/dos_syn_flood/L2/run02/http-dos_syn_flood-L2-run02.pcap,
True,L2,dos_syn_flood,run03,http,3436,437923,1782955282.190219,1782955321.623308,features,dos_syn_flood/dos_syn_flood/L2/run03/http-dos_syn_flood-L2-run03.pcap,
True,L2,dos_syn_flood,run04,http,3494,441691,1782955324.45675,1782955364.10534,features,dos_syn_flood/dos_syn_flood/L2/run04/http-dos_syn_flood-L2-run04.pcap,
True,L2,dos_syn_flood,run05,http,3597,448195,1782955366.952756,1782955406.556713,features,dos_syn_flood/dos_syn_flood/L2/run05/http-dos_syn_flood-L2-run05.pcap,
True,L3,dos_syn_flood,run01,http,3523,443439,1782955409.448878,1782955449.091248,features,dos_syn_flood/dos_syn_flood/L3/run01/http-dos_syn_flood-L3-run01.pcap,
True,L3,dos_syn_flood,run02,http,3590,447803,1782955451.944752,1782955491.591036,features,dos_syn_flood/dos_syn_flood/L3/run02/http-dos_syn_flood-L3-run02.pcap,
True,L3,dos_syn_flood,run03,http,3563,446103,1782955494.440732,1782955534.023238,features,dos_syn_flood/dos_syn_flood/L3/run03/http-dos_syn_flood-L3-run03.pcap,
True,L3,dos_syn_flood,run04,http,3596,448167,1782955536.936759,1782955576.593855,features,dos_syn_flood/dos_syn_flood/L3/run04/http-dos_syn_flood-L3-run04.pcap,
True,L3,dos_syn_flood,run05,http,3567,446303,1782955579.432729,1782955619.217838,features,dos_syn_flood/dos_syn_flood/L3/run05/http-dos_syn_flood-L3-run05.pcap,
True,L0,dos_udp_flood,run01,http,1600,329040,1782955672.139789,1782955712.018387,features,dos_udp_flood/dos_udp_flood/L0/run01/http-dos_udp_flood-L0-run01.pcap,
True,L0,dos_udp_flood,run02,http,1580,324927,1782955715.440709,1782955754.787927,features,dos_udp_flood/dos_udp_flood/L0/run02/http-dos_udp_flood-L0-run02.pcap,
True,L0,dos_udp_flood,run03,http,1580,324927,1782955757.499427,1782955796.828669,features,dos_udp_flood/dos_udp_flood/L0/run03/http-dos_udp_flood-L0-run03.pcap,
True,L0,dos_udp_flood,run04,http,1580,324927,1782955799.49452,1782955838.835221,features,dos_udp_flood/dos_udp_flood/L0/run04/http-dos_udp_flood-L0-run04.pcap,
True,L0,dos_udp_flood,run05,http,1580,324927,1782955841.521333,1782955880.885513,features,dos_udp_flood/dos_udp_flood/L0/run05/http-dos_udp_flood-L0-run05.pcap,
True,L1,dos_udp_flood,run01,http,1682109,80990319,1782955883.563277,1782955922.892897,features,dos_udp_flood/dos_udp_flood/L1/run01/http-dos_udp_flood-L1-run01.pcap,
True,L1,dos_udp_flood,run02,http,1638917,78917103,1782956264.241464,1782956303.615347,features,dos_udp_flood/dos_udp_flood/L1/run02/http-dos_udp_flood-L1-run02.pcap,
True,L1,dos_udp_flood,run03,http,1629551,78467535,1782956635.977883,1782956675.324818,features,dos_udp_flood/dos_udp_flood/L1/run03/http-dos_udp_flood-L1-run03.pcap,
True,L1,dos_udp_flood,run04,http,1683188,81042111,1782957004.927714,1782957044.265338,features,dos_udp_flood/dos_udp_flood/L1/run04/http-dos_udp_flood-L1-run04.pcap,
True,L1,dos_udp_flood,run05,http,1665374,80187039,1782957383.905392,1782957423.239994,features,dos_udp_flood/dos_udp_flood/L1/run05/http-dos_udp_flood-L1-run05.pcap,
True,L2,dos_udp_flood,run01,http,1691250,81429111,1782957760.323822,1782957799.654094,features,dos_udp_flood/dos_udp_flood/L2/run01/http-dos_udp_flood-L2-run01.pcap,
True,L2,dos_udp_flood,run02,http,1642774,79102239,1782958142.156913,1782958181.510212,features,dos_udp_flood/dos_udp_flood/L2/run02/http-dos_udp_flood-L2-run02.pcap,
True,L2,dos_udp_flood,run03,http,1646828,79296831,1782958512.75259,1782958552.085103,features,dos_udp_flood/dos_udp_flood/L2/run03/http-dos_udp_flood-L2-run03.pcap,
True,L2,dos_udp_flood,run04,http,1669323,80373462,1782958882.700196,1782958921.788215,features,dos_udp_flood/dos_udp_flood/L2/run04/http-dos_udp_flood-L2-run04.pcap,
True,L2,dos_udp_flood,run05,http,1696892,81699927,1782959260.031181,1782959299.396552,features,dos_udp_flood/dos_udp_flood/L2/run05/http-dos_udp_flood-L2-run05.pcap,
True,L3,dos_udp_flood,run01,http,1691691,81450255,1782959643.35333,1782959682.675109,features,dos_udp_flood/dos_udp_flood/L3/run01/http-dos_udp_flood-L3-run01.pcap,
True,L3,dos_udp_flood,run02,http,1655841,79729455,1782960024.227424,1782960063.569856,features,dos_udp_flood/dos_udp_flood/L3/run02/http-dos_udp_flood-L3-run02.pcap,
True,L3,dos_udp_flood,run03,http,1607217,77395551,1782960398.155273,1782960437.487463,features,dos_udp_flood/dos_udp_flood/L3/run03/http-dos_udp_flood-L3-run03.pcap,
True,L3,dos_udp_flood,run04,http,1279108,61646271,1782960763.504751,1782960802.850852,features,dos_udp_flood/dos_udp_flood/L3/run04/http-dos_udp_flood-L3-run04.pcap,
True,L3,dos_udp_flood,run05,http,1697284,81718743,1782961062.609027,1782961101.935611,features,dos_udp_flood/dos_udp_flood/L3/run05/http-dos_udp_flood-L3-run05.pcap,
True,L0,exf_dns_tunneling,run01,http,4880,995445,1782961524.900909,1782961564.746235,features,exf_dns_tunneling/exf_dns_tunneling/L0/run01/http-exf_dns_tunneling-L0-run01.pcap,
True,L0,exf_dns_tunneling,run02,http,4804,982360,1782961569.044914,1782961608.506825,features,exf_dns_tunneling/exf_dns_tunneling/L0/run02/http-exf_dns_tunneling-L0-run02.pcap,
True,L0,exf_dns_tunneling,run03,http,4802,981446,1782961612.081218,1782961651.467444,features,exf_dns_tunneling/exf_dns_tunneling/L0/run03/http-exf_dns_tunneling-L0-run03.pcap,
True,L0,exf_dns_tunneling,run04,http,4805,981979,1782961654.709464,1782961694.439476,features,exf_dns_tunneling/exf_dns_tunneling/L0/run04/http-exf_dns_tunneling-L0-run04.pcap,
True,L0,exf_dns_tunneling,run05,http,4810,983012,1782961697.407522,1782961737.205184,features,exf_dns_tunneling/exf_dns_tunneling/L0/run05/http-exf_dns_tunneling-L0-run05.pcap,
True,L1,exf_dns_tunneling,run01,http,5149,1023984,1782961740.419587,1782961780.080236,features,exf_dns_tunneling/exf_dns_tunneling/L1/run01/http-exf_dns_tunneling-L1-run01.pcap,
True,L1,exf_dns_tunneling,run02,http,5145,1023930,1782961783.427574,1782961823.143007,features,exf_dns_tunneling/exf_dns_tunneling/L1/run02/http-exf_dns_tunneling-L1-run02.pcap,
True,L1,exf_dns_tunneling,run03,http,5151,1025418,1782961826.468132,1782961866.19826,features,exf_dns_tunneling/exf_dns_tunneling/L1/run03/http-exf_dns_tunneling-L1-run03.pcap,
True,L1,exf_dns_tunneling,run04,http,5147,1024305,1782961869.571443,1782961909.407551,features,exf_dns_tunneling/exf_dns_tunneling/L1/run04/http-exf_dns_tunneling-L1-run04.pcap,
True,L1,exf_dns_tunneling,run05,http,5141,1022949,1782961913.040531,1782961952.415581,features,exf_dns_tunneling/exf_dns_tunneling/L1/run05/http-exf_dns_tunneling-L1-run05.pcap,
True,L2,exf_dns_tunneling,run01,http,5147,1024995,1782961955.931445,1782961995.423683,features,exf_dns_tunneling/exf_dns_tunneling/L2/run01/http-exf_dns_tunneling-L2-run01.pcap,
True,L2,exf_dns_tunneling,run02,http,5151,1024980,1782961999.1436,1782962038.540374,features,exf_dns_tunneling/exf_dns_tunneling/L2/run02/http-exf_dns_tunneling-L2-run02.pcap,
True,L2,exf_dns_tunneling,run03,http,5154,1025189,1782962042.29564,1782962081.719672,features,exf_dns_tunneling/exf_dns_tunneling/L2/run03/http-exf_dns_tunneling-L2-run03.pcap,
True,L2,exf_dns_tunneling,run04,http,5154,1025624,1782962085.380922,1782962124.724041,features,exf_dns_tunneling/exf_dns_tunneling/L2/run04/http-exf_dns_tunneling-L2-run04.pcap,
True,L2,exf_dns_tunneling,run05,http,5156,1025416,1782962128.381252,1782962167.706636,features,exf_dns_tunneling/exf_dns_tunneling/L2/run05/http-exf_dns_tunneling-L2-run05.pcap,
True,L3,exf_dns_tunneling,run01,http,5154,1024742,1782962171.489511,1782962210.876134,features,exf_dns_tunneling/exf_dns_tunneling/L3/run01/http-exf_dns_tunneling-L3-run01.pcap,
True,L3,exf_dns_tunneling,run02,http,5155,1025443,1782962214.593528,1782962253.928789,features,exf_dns_tunneling/exf_dns_tunneling/L3/run02/http-exf_dns_tunneling-L3-run02.pcap,
True,L3,exf_dns_tunneling,run03,http,5155,1025670,1782962257.663533,1782962297.038632,features,exf_dns_tunneling/exf_dns_tunneling/L3/run03/http-exf_dns_tunneling-L3-run03.pcap,
True,L3,exf_dns_tunneling,run04,http,5151,1024263,1782962300.67543,1782962340.085226,features,exf_dns_tunneling/exf_dns_tunneling/L3/run04/http-exf_dns_tunneling-L3-run04.pcap,
True,L3,exf_dns_tunneling,run05,http,5152,1025617,1782962343.679512,1782962383.201295,features,exf_dns_tunneling/exf_dns_tunneling/L3/run05/http-exf_dns_tunneling-L3-run05.pcap,
True,L0,exf_icmp_tunnel,run01,ssh,667,52610,1782962455.859045,1782962495.052561,features,exf_icmp_tunnel/exf_icmp_tunnel/L0/run01/ssh-exf_icmp_tunnel-L0-run01.pcap,
True,L0,exf_icmp_tunnel,run02,ssh,668,52686,1782962498.595231,1782962537.819924,features,exf_icmp_tunnel/exf_icmp_tunnel/L0/run02/ssh-exf_icmp_tunnel-L0-run02.pcap,
True,L0,exf_icmp_tunnel,run03,ssh,671,52914,1782962540.559589,1782962579.782705,features,exf_icmp_tunnel/exf_icmp_tunnel/L0/run03/ssh-exf_icmp_tunnel-L0-run03.pcap,
True,L0,exf_icmp_tunnel,run04,ssh,669,52770,1782962582.487085,1782962621.705534,features,exf_icmp_tunnel/exf_icmp_tunnel/L0/run04/ssh-exf_icmp_tunnel-L0-run04.pcap,
True,L0,exf_icmp_tunnel,run05,ssh,657,51906,1782962624.355955,1782962663.573066,features,exf_icmp_tunnel/exf_icmp_tunnel/L0/run05/ssh-exf_icmp_tunnel-L0-run05.pcap,
True,L1,exf_icmp_tunnel,run01,ssh,3301,835628,1782962666.197894,1782962705.406218,features,exf_icmp_tunnel/exf_icmp_tunnel/L1/run01/ssh-exf_icmp_tunnel-L1-run01.pcap,
True,L1,exf_icmp_tunnel,run02,ssh,3363,850124,1782962708.764134,1782962747.927069,features,exf_icmp_tunnel/exf_icmp_tunnel/L1/run02/ssh-exf_icmp_tunnel-L1-run02.pcap,
True,L1,exf_icmp_tunnel,run03,ssh,3345,844504,1782962751.225624,1782962790.462177,features,exf_icmp_tunnel/exf_icmp_tunnel/L1/run03/ssh-exf_icmp_tunnel-L1-run03.pcap,
True,L1,exf_icmp_tunnel,run04,ssh,3355,849928,1782962793.817035,1782962833.056384,features,exf_icmp_tunnel/exf_icmp_tunnel/L1/run04/ssh-exf_icmp_tunnel-L1-run04.pcap,
True,L1,exf_icmp_tunnel,run05,ssh,3336,845936,1782962836.363135,1782962875.565547,features,exf_icmp_tunnel/exf_icmp_tunnel/L1/run05/ssh-exf_icmp_tunnel-L1-run05.pcap,
True,L2,exf_icmp_tunnel,run01,ssh,3329,841218,1782962878.982104,1782962918.174695,features,exf_icmp_tunnel/exf_icmp_tunnel/L2/run01/ssh-exf_icmp_tunnel-L2-run01.pcap,
True,L2,exf_icmp_tunnel,run02,ssh,3355,850128,1782962921.601907,1782962960.783346,features,exf_icmp_tunnel/exf_icmp_tunnel/L2/run02/ssh-exf_icmp_tunnel-L2-run02.pcap,
True,L2,exf_icmp_tunnel,run03,ssh,3349,848832,1782962964.091614,1782963003.260457,features,exf_icmp_tunnel/exf_icmp_tunnel/L2/run03/ssh-exf_icmp_tunnel-L2-run03.pcap,
True,L2,exf_icmp_tunnel,run04,ssh,3360,849860,1782963006.600957,1782963045.808069,features,exf_icmp_tunnel/exf_icmp_tunnel/L2/run04/ssh-exf_icmp_tunnel-L2-run04.pcap,
True,L2,exf_icmp_tunnel,run05,ssh,3353,852148,1782963049.164467,1782963088.340218,features,exf_icmp_tunnel/exf_icmp_tunnel/L2/run05/ssh-exf_icmp_tunnel-L2-run05.pcap,
True,L3,exf_icmp_tunnel,run01,ssh,3356,849932,1782963091.66053,1782963130.830436,features,exf_icmp_tunnel/exf_icmp_tunnel/L3/run01/ssh-exf_icmp_tunnel-L3-run01.pcap,
True,L3,exf_icmp_tunnel,run02,ssh,3348,850236,1782963134.214121,1782963173.411709,features,exf_icmp_tunnel/exf_icmp_tunnel/L3/run02/ssh-exf_icmp_tunnel-L3-run02.pcap,
True,L3,exf_icmp_tunnel,run03,ssh,3351,848848,1782963176.723435,1782963215.89477,features,exf_icmp_tunnel/exf_icmp_tunnel/L3/run03/ssh-exf_icmp_tunnel-L3-run03.pcap,
True,L3,exf_icmp_tunnel,run04,ssh,3356,848928,1782963219.231122,1782963258.419756,features,exf_icmp_tunnel/exf_icmp_tunnel/L3/run04/ssh-exf_icmp_tunnel-L3-run04.pcap,
True,L3,exf_icmp_tunnel,run05,ssh,3342,850112,1782963261.752517,1782963300.916685,features,exf_icmp_tunnel/exf_icmp_tunnel/L3/run05/ssh-exf_icmp_tunnel-L3-run05.pcap,
True,L0,iot_coap_get_flood,run01,coap,434,33370,1782963356.257707,1782963395.528904,features,iot_coap_get_flood/iot_coap_get_flood/L0/run01/coap-iot_coap_get_flood-L0-run01.pcap,
True,L0,iot_coap_get_flood,run02,coap,457,35195,1782963398.775446,1782963438.216536,features,iot_coap_get_flood/iot_coap_get_flood/L0/run02/coap-iot_coap_get_flood-L0-run02.pcap,
True,L0,iot_coap_get_flood,run03,coap,474,36498,1782963441.034935,1782963480.438346,features,iot_coap_get_flood/iot_coap_get_flood/L0/run03/coap-iot_coap_get_flood-L0-run03.pcap,
True,L0,iot_coap_get_flood,run04,coap,474,36498,1782963482.775859,1782963521.951298,features,iot_coap_get_flood/iot_coap_get_flood/L0/run04/coap-iot_coap_get_flood-L0-run04.pcap,
True,L0,iot_coap_get_flood,run05,coap,474,36498,1782963524.571268,1782963563.674873,features,iot_coap_get_flood/iot_coap_get_flood/L0/run05/coap-iot_coap_get_flood-L0-run05.pcap,
True,L1,iot_coap_get_flood,run01,coap,12474,842838,1782963566.373963,1782963605.495601,features,iot_coap_get_flood/iot_coap_get_flood/L1/run01/coap-iot_coap_get_flood-L1-run01.pcap,
True,L1,iot_coap_get_flood,run02,coap,12474,842838,1782963611.618893,1782963650.871476,features,iot_coap_get_flood/iot_coap_get_flood/L1/run02/coap-iot_coap_get_flood-L1-run02.pcap,
True,L1,iot_coap_get_flood,run03,coap,12474,842838,1782963656.662278,1782963695.830976,features,iot_coap_get_flood/iot_coap_get_flood/L1/run03/coap-iot_coap_get_flood-L1-run03.pcap,
True,L1,iot_coap_get_flood,run04,coap,12474,842838,1782963701.884627,1782963740.982934,features,iot_coap_get_flood/iot_coap_get_flood/L1/run04/coap-iot_coap_get_flood-L1-run04.pcap,
True,L1,iot_coap_get_flood,run05,coap,12474,842838,1782963746.950744,1782963786.058894,features,iot_coap_get_flood/iot_coap_get_flood/L1/run05/coap-iot_coap_get_flood-L1-run05.pcap,
True,L2,iot_coap_get_flood,run01,coap,12474,842838,1782963792.096764,1782963831.322815,features,iot_coap_get_flood/iot_coap_get_flood/L2/run01/coap-iot_coap_get_flood-L2-run01.pcap,
True,L2,iot_coap_get_flood,run02,coap,12474,842838,1782963837.27439,1782963876.375395,features,iot_coap_get_flood/iot_coap_get_flood/L2/run02/coap-iot_coap_get_flood-L2-run02.pcap,
True,L2,iot_coap_get_flood,run03,coap,12474,842838,1782963882.465118,1782963921.730241,features,iot_coap_get_flood/iot_coap_get_flood/L2/run03/coap-iot_coap_get_flood-L2-run03.pcap,
True,L2,iot_coap_get_flood,run04,coap,12474,842838,1782963927.776803,1782963966.925155,features,iot_coap_get_flood/iot_coap_get_flood/L2/run04/coap-iot_coap_get_flood-L2-run04.pcap,
True,L2,iot_coap_get_flood,run05,coap,12474,842838,1782963972.957081,1782964012.090627,features,iot_coap_get_flood/iot_coap_get_flood/L2/run05/coap-iot_coap_get_flood-L2-run05.pcap,
True,L3,iot_coap_get_flood,run01,coap,12474,842838,1782964018.314741,1782964057.425374,features,iot_coap_get_flood/iot_coap_get_flood/L3/run01/coap-iot_coap_get_flood-L3-run01.pcap,
True,L3,iot_coap_get_flood,run02,coap,12474,842838,1782964063.546914,1782964102.643695,features,iot_coap_get_flood/iot_coap_get_flood/L3/run02/coap-iot_coap_get_flood-L3-run02.pcap,
True,L3,iot_coap_get_flood,run03,coap,12474,842838,1782964108.760578,1782964147.903152,features,iot_coap_get_flood/iot_coap_get_flood/L3/run03/coap-iot_coap_get_flood-L3-run03.pcap,
True,L3,iot_coap_get_flood,run04,coap,12474,842838,1782964154.230435,1782964193.34991,features,iot_coap_get_flood/iot_coap_get_flood/L3/run04/coap-iot_coap_get_flood-L3-run04.pcap,
True,L3,iot_coap_get_flood,run05,coap,12474,842838,1782964199.466529,1782964238.559201,features,iot_coap_get_flood/iot_coap_get_flood/L3/run05/coap-iot_coap_get_flood-L3-run05.pcap,
True,L0,iot_coap_resource_exhaustion,run01,coap,474,36498,1782964316.88227,1782964355.980582,features,iot_coap_resource_exhaustion/iot_coap_resource_exhaustion/L0/run01/coap-iot_coap_resource_exhaustion-L0-run01.pcap,
True,L0,iot_coap_resource_exhaustion,run02,coap,474,36498,1782964359.399344,1782964398.519731,features,iot_coap_resource_exhaustion/iot_coap_resource_exhaustion/L0/run02/coap-iot_coap_resource_exhaustion-L0-run02.pcap,
True,L0,iot_coap_resource_exhaustion,run03,coap,474,36498,1782964401.307048,1782964440.426267,features,iot_coap_resource_exhaustion/iot_coap_resource_exhaustion/L0/run03/coap-iot_coap_resource_exhaustion-L0-run03.pcap,
True,L0,iot_coap_resource_exhaustion,run04,coap,474,36498,1782964443.213542,1782964482.321238,features,iot_coap_resource_exhaustion/iot_coap_resource_exhaustion/L0/run04/coap-iot_coap_resource_exhaustion-L0-run04.pcap,
True,L0,iot_coap_resource_exhaustion,run05,coap,474,36498,1782964485.137423,1782964524.24686,features,iot_coap_resource_exhaustion/iot_coap_resource_exhaustion/L0/run05/coap-iot_coap_resource_exhaustion-L0-run05.pcap,
True,L1,iot_coap_resource_exhaustion,run01,coap,1314,95151,1782964527.129419,1782964566.231498,features,iot_coap_resource_exhaustion/iot_coap_resource_exhaustion/L1/run01/coap-iot_coap_resource_exhaustion-L1-run01.pcap,
True,L1,iot_coap_resource_exhaustion,run02,coap,1338,96843,1782964569.19354,1782964608.324463,features,iot_coap_resource_exhaustion/iot_coap_resource_exhaustion/L1/run02/coap-iot_coap_resource_exhaustion-L1-run02.pcap,
True,L1,iot_coap_resource_exhaustion,run03,coap,1338,96837,1782964611.39763,1782964650.507878,features,iot_coap_resource_exhaustion/iot_coap_resource_exhaustion/L1/run03/coap-iot_coap_resource_exhaustion-L1-run03.pcap,
True,L1,iot_coap_resource_exhaustion,run04,coap,1338,96837,1782964653.491607,1782964692.590987,features,iot_coap_resource_exhaustion/iot_coap_resource_exhaustion/L1/run04/coap-iot_coap_resource_exhaustion-L1-run04.pcap,
True,L1,iot_coap_resource_exhaustion,run05,coap,1338,96849,1782964695.556941,1782964734.649045,features,iot_coap_resource_exhaustion/iot_coap_resource_exhaustion/L1/run05/coap-iot_coap_resource_exhaustion-L1-run05.pcap,
True,L2,iot_coap_resource_exhaustion,run01,coap,1338,96849,1782964737.647314,1782964776.747507,features,iot_coap_resource_exhaustion/iot_coap_resource_exhaustion/L2/run01/coap-iot_coap_resource_exhaustion-L2-run01.pcap,
True,L2,iot_coap_resource_exhaustion,run02,coap,1338,96849,1782964779.671144,1782964818.762428,features,iot_coap_resource_exhaustion/iot_coap_resource_exhaustion/L2/run02/coap-iot_coap_resource_exhaustion-L2-run02.pcap,
True,L2,iot_coap_resource_exhaustion,run03,coap,1338,96849,1782964821.664635,1782964860.792263,features,iot_coap_resource_exhaustion/iot_coap_resource_exhaustion/L2/run03/coap-iot_coap_resource_exhaustion-L2-run03.pcap,
True,L2,iot_coap_resource_exhaustion,run04,coap,1338,96843,1782964863.789068,1782964902.88614,features,iot_coap_resource_exhaustion/iot_coap_resource_exhaustion/L2/run04/coap-iot_coap_resource_exhaustion-L2-run04.pcap,
True,L2,iot_coap_resource_exhaustion,run05,coap,1338,96843,1782964905.832896,1782964944.927602,features,iot_coap_resource_exhaustion/iot_coap_resource_exhaustion/L2/run05/coap-iot_coap_resource_exhaustion-L2-run05.pcap,
True,L3,iot_coap_resource_exhaustion,run01,coap,1338,96849,1782964947.918869,1782964987.038996,features,iot_coap_resource_exhaustion/iot_coap_resource_exhaustion/L3/run01/coap-iot_coap_resource_exhaustion-L3-run01.pcap,
True,L3,iot_coap_resource_exhaustion,run02,coap,1338,96849,1782964990.079904,1782965029.217538,features,iot_coap_resource_exhaustion/iot_coap_resource_exhaustion/L3/run02/coap-iot_coap_resource_exhaustion-L3-run02.pcap,
True,L3,iot_coap_resource_exhaustion,run03,coap,1338,96843,1782965032.285412,1782965071.42885,features,iot_coap_resource_exhaustion/iot_coap_resource_exhaustion/L3/run03/coap-iot_coap_resource_exhaustion-L3-run03.pcap,
True,L3,iot_coap_resource_exhaustion,run04,coap,1338,96849,1782965074.62645,1782965113.767063,features,iot_coap_resource_exhaustion/iot_coap_resource_exhaustion/L3/run04/coap-iot_coap_resource_exhaustion-L3-run04.pcap,
True,L3,iot_coap_resource_exhaustion,run05,coap,1338,96849,1782965116.876444,1782965155.978608,features,iot_coap_resource_exhaustion/iot_coap_resource_exhaustion/L3/run05/coap-iot_coap_resource_exhaustion-L3-run05.pcap,
True,L0,iot_coap_response_fuzz,run01,coap,474,36498,1782965217.503909,1782965256.5994,features,iot_coap_response_fuzz/iot_coap_response_fuzz/L0/run01/coap-iot_coap_response_fuzz-L0-run01.pcap,
True,L0,iot_coap_response_fuzz,run02,coap,474,36498,1782965260.05994,1782965299.155296,features,iot_coap_response_fuzz/iot_coap_response_fuzz/L0/run02/coap-iot_coap_response_fuzz-L0-run02.pcap,
True,L0,iot_coap_response_fuzz,run03,coap,474,36498,1782965301.830561,1782965340.923951,features,iot_coap_response_fuzz/iot_coap_response_fuzz/L0/run03/coap-iot_coap_response_fuzz-L0-run03.pcap,
True,L0,iot_coap_response_fuzz,run04,coap,474,36498,1782965343.541452,1782965382.643861,features,iot_coap_response_fuzz/iot_coap_response_fuzz/L0/run04/coap-iot_coap_response_fuzz-L0-run04.pcap,
True,L0,iot_coap_response_fuzz,run05,coap,474,36498,1782965385.312561,1782965424.408438,features,iot_coap_response_fuzz/iot_coap_response_fuzz/L0/run05/coap-iot_coap_response_fuzz-L0-run05.pcap,
True,L1,iot_coap_response_fuzz,run01,coap,297,41642,1782965427.112326,1782965466.156111,features,iot_coap_response_fuzz/iot_coap_response_fuzz/L1/run01/coap-iot_coap_response_fuzz-L1-run01.pcap,
True,L1,iot_coap_response_fuzz,run02,coap,163,42684,1782965468.649051,1782965507.67877,features,iot_coap_response_fuzz/iot_coap_response_fuzz/L1/run02/coap-iot_coap_response_fuzz-L1-run02.pcap,
True,L1,iot_coap_response_fuzz,run03,coap,163,42681,1782965510.613196,1782965549.643843,features,iot_coap_response_fuzz/iot_coap_response_fuzz/L1/run03/coap-iot_coap_response_fuzz-L1-run03.pcap,
True,L1,iot_coap_response_fuzz,run04,coap,163,42683,1782965552.526807,1782965591.566341,features,iot_coap_response_fuzz/iot_coap_response_fuzz/L1/run04/coap-iot_coap_response_fuzz-L1-run04.pcap,
True,L1,iot_coap_response_fuzz,run05,coap,163,42684,1782965594.51251,1782965633.548065,features,iot_coap_response_fuzz/iot_coap_response_fuzz/L1/run05/coap-iot_coap_response_fuzz-L1-run05.pcap,
True,L2,iot_coap_response_fuzz,run01,coap,163,42684,1782965636.602122,1782965675.650473,features,iot_coap_response_fuzz/iot_coap_response_fuzz/L2/run01/coap-iot_coap_response_fuzz-L2-run01.pcap,
True,L2,iot_coap_response_fuzz,run02,coap,163,42684,1782965678.611091,1782965717.65162,features,iot_coap_response_fuzz/iot_coap_response_fuzz/L2/run02/coap-iot_coap_response_fuzz-L2-run02.pcap,
True,L2,iot_coap_response_fuzz,run03,coap,163,42684,1782965720.666564,1782965759.727442,features,iot_coap_response_fuzz/iot_coap_response_fuzz/L2/run03/coap-iot_coap_response_fuzz-L2-run03.pcap,
True,L2,iot_coap_response_fuzz,run04,coap,163,42684,1782965762.761633,1782965801.812131,features,iot_coap_response_fuzz/iot_coap_response_fuzz/L2/run04/coap-iot_coap_response_fuzz-L2-run04.pcap,
True,L2,iot_coap_response_fuzz,run05,coap,163,42683,1782965804.924362,1782965843.965717,features,iot_coap_response_fuzz/iot_coap_response_fuzz/L2/run05/coap-iot_coap_response_fuzz-L2-run05.pcap,
True,L3,iot_coap_response_fuzz,run01,coap,163,42684,1782965846.97593,1782965886.01282,features,iot_coap_response_fuzz/iot_coap_response_fuzz/L3/run01/coap-iot_coap_response_fuzz-L3-run01.pcap,
True,L3,iot_coap_response_fuzz,run02,coap,163,42683,1782965888.993171,1782965928.035313,features,iot_coap_response_fuzz/iot_coap_response_fuzz/L3/run02/coap-iot_coap_response_fuzz-L3-run02.pcap,
True,L3,iot_coap_response_fuzz,run03,coap,163,42684,1782965931.158983,1782965970.203852,features,iot_coap_response_fuzz/iot_coap_response_fuzz/L3/run03/coap-iot_coap_response_fuzz-L3-run03.pcap,
True,L3,iot_coap_response_fuzz,run04,coap,163,42683,1782965973.412498,1782966012.446489,features,iot_coap_response_fuzz/iot_coap_response_fuzz/L3/run04/coap-iot_coap_response_fuzz-L3-run04.pcap,
True,L3,iot_coap_response_fuzz,run05,coap,163,42682,1782966015.679171,1782966054.721429,features,iot_coap_response_fuzz/iot_coap_response_fuzz/L3/run05/coap-iot_coap_response_fuzz-L3-run05.pcap,
True,L0,iot_coap_token_collision,run01,coap,79,5609,1782966118.144836,1782966157.19725,features,iot_coap_token_collision/iot_coap_token_collision/L0/run01/coap-iot_coap_token_collision-L0-run01.pcap,
True,L0,iot_coap_token_collision,run02,coap,79,5609,1782966161.120271,1782966200.152118,features,iot_coap_token_collision/iot_coap_token_collision/L0/run02/coap-iot_coap_token_collision-L0-run02.pcap,
True,L0,iot_coap_token_collision,run03,coap,79,5609,1782966203.203581,1782966242.23352,features,iot_coap_token_collision/iot_coap_token_collision/L0/run03/coap-iot_coap_token_collision-L0-run03.pcap,
True,L0,iot_coap_token_collision,run04,coap,79,5609,1782966245.146439,1782966284.179259,features,iot_coap_token_collision/iot_coap_token_collision/L0/run04/coap-iot_coap_token_collision-L0-run04.pcap,
True,L0,iot_coap_token_collision,run05,coap,79,5609,1782966287.152889,1782966326.184603,features,iot_coap_token_collision/iot_coap_token_collision/L0/run05/coap-iot_coap_token_collision-L0-run05.pcap,
True,L1,iot_coap_token_collision,run01,coap,485,32808,1782966329.142966,1782966368.183842,features,iot_coap_token_collision/iot_coap_token_collision/L1/run01/coap-iot_coap_token_collision-L1-run01.pcap,
True,L1,iot_coap_token_collision,run02,coap,485,32809,1782966371.348466,1782966410.386854,features,iot_coap_token_collision/iot_coap_token_collision/L1/run02/coap-iot_coap_token_collision-L1-run02.pcap,
True,L1,iot_coap_token_collision,run03,coap,485,32810,1782966413.591638,1782966452.624648,features,iot_coap_token_collision/iot_coap_token_collision/L1/run03/coap-iot_coap_token_collision-L1-run03.pcap,
True,L1,iot_coap_token_collision,run04,coap,485,32810,1782966455.78333,1782966494.839288,features,iot_coap_token_collision/iot_coap_token_collision/L1/run04/coap-iot_coap_token_collision-L1-run04.pcap,
True,L1,iot_coap_token_collision,run05,coap,485,32809,1782966497.266829,1782966536.301453,features,iot_coap_token_collision/iot_coap_token_collision/L1/run05/coap-iot_coap_token_collision-L1-run05.pcap,
True,L2,iot_coap_token_collision,run01,coap,485,32810,1782966539.330983,1782966578.363014,features,iot_coap_token_collision/iot_coap_token_collision/L2/run01/coap-iot_coap_token_collision-L2-run01.pcap,
True,L2,iot_coap_token_collision,run02,coap,485,32808,1782966581.519097,1782966620.553833,features,iot_coap_token_collision/iot_coap_token_collision/L2/run02/coap-iot_coap_token_collision-L2-run02.pcap,
True,L2,iot_coap_token_collision,run03,coap,485,32807,1782966623.818349,1782966662.861241,features,iot_coap_token_collision/iot_coap_token_collision/L2/run03/coap-iot_coap_token_collision-L2-run03.pcap,
True,L2,iot_coap_token_collision,run04,coap,485,32808,1782966666.081566,1782966705.118392,features,iot_coap_token_collision/iot_coap_token_collision/L2/run04/coap-iot_coap_token_collision-L2-run04.pcap,
True,L2,iot_coap_token_collision,run05,coap,485,32809,1782966708.348248,1782966747.383799,features,iot_coap_token_collision/iot_coap_token_collision/L2/run05/coap-iot_coap_token_collision-L2-run05.pcap,
True,L3,iot_coap_token_collision,run01,coap,485,32808,1782966750.5552,1782966789.596506,features,iot_coap_token_collision/iot_coap_token_collision/L3/run01/coap-iot_coap_token_collision-L3-run01.pcap,
True,L3,iot_coap_token_collision,run02,coap,485,32807,1782966792.940806,1782966831.985938,features,iot_coap_token_collision/iot_coap_token_collision/L3/run02/coap-iot_coap_token_collision-L3-run02.pcap,
True,L3,iot_coap_token_collision,run03,coap,485,32810,1782966834.373706,1782966873.40694,features,iot_coap_token_collision/iot_coap_token_collision/L3/run03/coap-iot_coap_token_collision-L3-run03.pcap,
True,L3,iot_coap_token_collision,run04,coap,485,32808,1782966876.599912,1782966915.632165,features,iot_coap_token_collision/iot_coap_token_collision/L3/run04/coap-iot_coap_token_collision-L3-run04.pcap,
True,L3,iot_coap_token_collision,run05,coap,485,32808,1782966918.846188,1782966957.878163,features,iot_coap_token_collision/iot_coap_token_collision/L3/run05/coap-iot_coap_token_collision-L3-run05.pcap,
True,L0,iot_mqtt_bruteforce,run01,mqtt,2384,182808,1782967018.620716,1782967058.228055,features,iot_mqtt_bruteforce/iot_mqtt_bruteforce/L0/run01/mqtt-iot_mqtt_bruteforce-L0-run01.pcap,
True,L0,iot_mqtt_bruteforce,run02,mqtt,2385,182859,1782967062.530288,1782967101.664344,features,iot_mqtt_bruteforce/iot_mqtt_bruteforce/L0/run02/mqtt-iot_mqtt_bruteforce-L0-run02.pcap,
True,L0,iot_mqtt_bruteforce,run03,mqtt,2385,182859,1782967104.911976,1782967144.03607,features,iot_mqtt_bruteforce/iot_mqtt_bruteforce/L0/run03/mqtt-iot_mqtt_bruteforce-L0-run03.pcap,
True,L0,iot_mqtt_bruteforce,run04,mqtt,2386,182931,1782967147.385514,1782967186.817635,features,iot_mqtt_bruteforce/iot_mqtt_bruteforce/L0/run04/mqtt-iot_mqtt_bruteforce-L0-run04.pcap,
True,L0,iot_mqtt_bruteforce,run05,mqtt,2386,182931,1782967189.790347,1782967228.901608,features,iot_mqtt_bruteforce/iot_mqtt_bruteforce/L0/run05/mqtt-iot_mqtt_bruteforce-L0-run05.pcap,
True,L1,iot_mqtt_bruteforce,run01,mqtt,9948,764889,1782967232.233073,1782967271.455709,features,iot_mqtt_bruteforce/iot_mqtt_bruteforce/L1/run01/mqtt-iot_mqtt_bruteforce-L1-run01.pcap,
True,L1,iot_mqtt_bruteforce,run02,mqtt,9950,765033,1782967276.592223,1782967315.718951,features,iot_mqtt_bruteforce/iot_mqtt_bruteforce/L1/run02/mqtt-iot_mqtt_bruteforce-L1-run02.pcap,
True,L1,iot_mqtt_bruteforce,run03,mqtt,9952,765177,1782967321.097265,1782967360.248873,features,iot_mqtt_bruteforce/iot_mqtt_bruteforce/L1/run03/mqtt-iot_mqtt_bruteforce-L1-run03.pcap,
True,L1,iot_mqtt_bruteforce,run04,mqtt,9946,764745,1782967365.583548,1782967404.743859,features,iot_mqtt_bruteforce/iot_mqtt_bruteforce/L1/run04/mqtt-iot_mqtt_bruteforce-L1-run04.pcap,
True,L1,iot_mqtt_bruteforce,run05,mqtt,9946,764745,1782967409.893393,1782967448.993751,features,iot_mqtt_bruteforce/iot_mqtt_bruteforce/L1/run05/mqtt-iot_mqtt_bruteforce-L1-run05.pcap,
True,L2,iot_mqtt_bruteforce,run01,mqtt,9954,765321,1782967454.080607,1782967493.198992,features,iot_mqtt_bruteforce/iot_mqtt_bruteforce/L2/run01/mqtt-iot_mqtt_bruteforce-L2-run01.pcap,
True,L2,iot_mqtt_bruteforce,run02,mqtt,9938,764169,1782967498.320897,1782967537.432223,features,iot_mqtt_bruteforce/iot_mqtt_bruteforce/L2/run02/mqtt-iot_mqtt_bruteforce-L2-run02.pcap,
True,L2,iot_mqtt_bruteforce,run03,mqtt,9937,764097,1782967542.622855,1782967581.709797,features,iot_mqtt_bruteforce/iot_mqtt_bruteforce/L2/run03/mqtt-iot_mqtt_bruteforce-L2-run03.pcap,
True,L2,iot_mqtt_bruteforce,run04,mqtt,9941,764385,1782967586.865314,1782967625.973472,features,iot_mqtt_bruteforce/iot_mqtt_bruteforce/L2/run04/mqtt-iot_mqtt_bruteforce-L2-run04.pcap,
True,L2,iot_mqtt_bruteforce,run05,mqtt,9949,764961,1782967630.990529,1782967670.090375,features,iot_mqtt_bruteforce/iot_mqtt_bruteforce/L2/run05/mqtt-iot_mqtt_bruteforce-L2-run05.pcap,
True,L3,iot_mqtt_bruteforce,run01,mqtt,9946,764745,1782967675.173413,1782967714.305502,features,iot_mqtt_bruteforce/iot_mqtt_bruteforce/L3/run01/mqtt-iot_mqtt_bruteforce-L3-run01.pcap,
True,L3,iot_mqtt_bruteforce,run02,mqtt,9949,764961,1782967719.431979,1782967758.537332,features,iot_mqtt_bruteforce/iot_mqtt_bruteforce/L3/run02/mqtt-iot_mqtt_bruteforce-L3-run02.pcap,
True,L3,iot_mqtt_bruteforce,run03,mqtt,9945,764673,1782967763.673241,1782967802.805868,features,iot_mqtt_bruteforce/iot_mqtt_bruteforce/L3/run03/mqtt-iot_mqtt_bruteforce-L3-run03.pcap,
True,L3,iot_mqtt_bruteforce,run04,mqtt,9946,764745,1782967807.996509,1782967847.126585,features,iot_mqtt_bruteforce/iot_mqtt_bruteforce/L3/run04/mqtt-iot_mqtt_bruteforce-L3-run04.pcap,
True,L3,iot_mqtt_bruteforce,run05,mqtt,9952,765177,1782967852.301832,1782967891.445836,features,iot_mqtt_bruteforce/iot_mqtt_bruteforce/L3/run05/mqtt-iot_mqtt_bruteforce-L3-run05.pcap,
True,L0,iot_mqtt_lwt_abuse,run01,mqtt,2382,182643,1782967949.510185,1782967988.601016,features,iot_mqtt_lwt_abuse/iot_mqtt_lwt_abuse/L0/run01/mqtt-iot_mqtt_lwt_abuse-L0-run01.pcap,
True,L0,iot_mqtt_lwt_abuse,run02,mqtt,2389,183147,1782967992.616581,1782968031.72384,features,iot_mqtt_lwt_abuse/iot_mqtt_lwt_abuse/L0/run02/mqtt-iot_mqtt_lwt_abuse-L0-run02.pcap,
True,L0,iot_mqtt_lwt_abuse,run03,mqtt,2386,182931,1782968034.872265,1782968074.005585,features,iot_mqtt_lwt_abuse/iot_mqtt_lwt_abuse/L0/run03/mqtt-iot_mqtt_lwt_abuse-L0-run03.pcap,
True,L0,iot_mqtt_lwt_abuse,run04,mqtt,2380,182499,1782968077.138583,1782968116.277378,features,iot_mqtt_lwt_abuse/iot_mqtt_lwt_abuse/L0/run04/mqtt-iot_mqtt_lwt_abuse-L0-run04.pcap,
True,L0,iot_mqtt_lwt_abuse,run05,mqtt,2384,182787,1782968119.556363,1782968158.6526,features,iot_mqtt_lwt_abuse/iot_mqtt_lwt_abuse/L0/run05/mqtt-iot_mqtt_lwt_abuse-L0-run05.pcap,
True,L1,iot_mqtt_lwt_abuse,run01,mqtt,3445,271713,1782968161.985385,1782968201.106618,features,iot_mqtt_lwt_abuse/iot_mqtt_lwt_abuse/L1/run01/mqtt-iot_mqtt_lwt_abuse-L1-run01.pcap,
True,L1,iot_mqtt_lwt_abuse,run02,mqtt,3466,273618,1782968204.714177,1782968243.844135,features,iot_mqtt_lwt_abuse/iot_mqtt_lwt_abuse/L1/run02/mqtt-iot_mqtt_lwt_abuse-L1-run02.pcap,
True,L1,iot_mqtt_lwt_abuse,run03,mqtt,3472,274050,1782968247.337221,1782968286.423449,features,iot_mqtt_lwt_abuse/iot_mqtt_lwt_abuse/L1/run03/mqtt-iot_mqtt_lwt_abuse-L1-run03.pcap,
True,L1,iot_mqtt_lwt_abuse,run04,mqtt,3487,275130,1782968289.928979,1782968329.022924,features,iot_mqtt_lwt_abuse/iot_mqtt_lwt_abuse/L1/run04/mqtt-iot_mqtt_lwt_abuse-L1-run04.pcap,
True,L1,iot_mqtt_lwt_abuse,run05,mqtt,3475,274266,1782968332.452157,1782968371.566475,features,iot_mqtt_lwt_abuse/iot_mqtt_lwt_abuse/L1/run05/mqtt-iot_mqtt_lwt_abuse-L1-run05.pcap,
True,L2,iot_mqtt_lwt_abuse,run01,mqtt,3473,274122,1782968375.098681,1782968414.203544,features,iot_mqtt_lwt_abuse/iot_mqtt_lwt_abuse/L2/run01/mqtt-iot_mqtt_lwt_abuse-L2-run01.pcap,
True,L2,iot_mqtt_lwt_abuse,run02,mqtt,3472,274050,1782968417.806423,1782968456.915727,features,iot_mqtt_lwt_abuse/iot_mqtt_lwt_abuse/L2/run02/mqtt-iot_mqtt_lwt_abuse-L2-run02.pcap,
True,L2,iot_mqtt_lwt_abuse,run03,mqtt,3484,274914,1782968460.386828,1782968499.487861,features,iot_mqtt_lwt_abuse/iot_mqtt_lwt_abuse/L2/run03/mqtt-iot_mqtt_lwt_abuse-L2-run03.pcap,
True,L2,iot_mqtt_lwt_abuse,run04,mqtt,3472,274050,1782968503.140996,1782968542.254749,features,iot_mqtt_lwt_abuse/iot_mqtt_lwt_abuse/L2/run04/mqtt-iot_mqtt_lwt_abuse-L2-run04.pcap,
True,L2,iot_mqtt_lwt_abuse,run05,mqtt,3477,274410,1782968545.831311,1782968584.937641,features,iot_mqtt_lwt_abuse/iot_mqtt_lwt_abuse/L2/run05/mqtt-iot_mqtt_lwt_abuse-L2-run05.pcap,
True,L3,iot_mqtt_lwt_abuse,run01,mqtt,3475,274266,1782968588.552488,1782968627.651305,features,iot_mqtt_lwt_abuse/iot_mqtt_lwt_abuse/L3/run01/mqtt-iot_mqtt_lwt_abuse-L3-run01.pcap,
True,L3,iot_mqtt_lwt_abuse,run02,mqtt,3465,273546,1782968631.170909,1782968670.270303,features,iot_mqtt_lwt_abuse/iot_mqtt_lwt_abuse/L3/run02/mqtt-iot_mqtt_lwt_abuse-L3-run02.pcap,
True,L3,iot_mqtt_lwt_abuse,run03,mqtt,3477,274410,1782968673.85576,1782968712.937554,features,iot_mqtt_lwt_abuse/iot_mqtt_lwt_abuse/L3/run03/mqtt-iot_mqtt_lwt_abuse-L3-run03.pcap,
True,L3,iot_mqtt_lwt_abuse,run04,mqtt,3472,274050,1782968716.356717,1782968755.462744,features,iot_mqtt_lwt_abuse/iot_mqtt_lwt_abuse/L3/run04/mqtt-iot_mqtt_lwt_abuse-L3-run04.pcap,
True,L3,iot_mqtt_lwt_abuse,run05,mqtt,3467,273690,1782968759.072905,1782968798.169947,features,iot_mqtt_lwt_abuse/iot_mqtt_lwt_abuse/L3/run05/mqtt-iot_mqtt_lwt_abuse-L3-run05.pcap,
True,L0,iot_mqtt_publisher,run01,mqtt,2394,183507,1782968880.296818,1782968919.415448,features,iot_mqtt_publisher/iot_mqtt_publisher/L0/run01/mqtt-iot_mqtt_publisher-L0-run01.pcap,
True,L0,iot_mqtt_publisher,run02,mqtt,2392,183363,1782968923.405908,1782968962.51416,features,iot_mqtt_publisher/iot_mqtt_publisher/L0/run02/mqtt-iot_mqtt_publisher-L0-run02.pcap,
True,L0,iot_mqtt_publisher,run03,mqtt,2383,182715,1782968965.868265,1782969004.988711,features,iot_mqtt_publisher/iot_mqtt_publisher/L0/run03/mqtt-iot_mqtt_publisher-L0-run03.pcap,
True,L0,iot_mqtt_publisher,run04,mqtt,2388,183075,1782969008.277821,1782969047.366693,features,iot_mqtt_publisher/iot_mqtt_publisher/L0/run04/mqtt-iot_mqtt_publisher-L0-run04.pcap,
True,L0,iot_mqtt_publisher,run05,mqtt,2387,183003,1782969050.608013,1782969089.698836,features,iot_mqtt_publisher/iot_mqtt_publisher/L0/run05/mqtt-iot_mqtt_publisher-L0-run05.pcap,
True,L1,iot_mqtt_publisher,run01,mqtt,32401,2472870,1782969092.97153,1782969131.573969,features,iot_mqtt_publisher/iot_mqtt_publisher/L1/run01/mqtt-iot_mqtt_publisher-L1-run01.pcap,
True,L1,iot_mqtt_publisher,run02,mqtt,32389,2472006,1782969142.897408,1782969181.491779,features,iot_mqtt_publisher/iot_mqtt_publisher/L1/run02/mqtt-iot_mqtt_publisher-L1-run02.pcap,
True,L1,iot_mqtt_publisher,run03,mqtt,32435,2475459,1782969192.569953,1782969231.657857,features,iot_mqtt_publisher/iot_mqtt_publisher/L1/run03/mqtt-iot_mqtt_publisher-L1-run03.pcap,
True,L1,iot_mqtt_publisher,run04,mqtt,32501,2480211,1782969242.546062,1782969281.633115,features,iot_mqtt_publisher/iot_mqtt_publisher/L1/run04/mqtt-iot_mqtt_publisher-L1-run04.pcap,
True,L1,iot_mqtt_publisher,run05,mqtt,32421,2474451,1782969292.526156,1782969331.606919,features,iot_mqtt_publisher/iot_mqtt_publisher/L1/run05/mqtt-iot_mqtt_publisher-L1-run05.pcap,
True,L2,iot_mqtt_publisher,run01,mqtt,32443,2476035,1782969342.495469,1782969381.582853,features,iot_mqtt_publisher/iot_mqtt_publisher/L2/run01/mqtt-iot_mqtt_publisher-L2-run01.pcap,
True,L2,iot_mqtt_publisher,run02,mqtt,32439,2475747,1782969392.390539,1782969431.481793,features,iot_mqtt_publisher/iot_mqtt_publisher/L2/run02/mqtt-iot_mqtt_publisher-L2-run02.pcap,
True,L2,iot_mqtt_publisher,run03,mqtt,32429,2475027,1782969442.324618,1782969481.417918,features,iot_mqtt_publisher/iot_mqtt_publisher/L2/run03/mqtt-iot_mqtt_publisher-L2-run03.pcap,
True,L2,iot_mqtt_publisher,run04,mqtt,32432,2475243,1782969492.229759,1782969531.323259,features,iot_mqtt_publisher/iot_mqtt_publisher/L2/run04/mqtt-iot_mqtt_publisher-L2-run04.pcap,
True,L2,iot_mqtt_publisher,run05,mqtt,32433,2475315,1782969542.077791,1782969581.177978,features,iot_mqtt_publisher/iot_mqtt_publisher/L2/run05/mqtt-iot_mqtt_publisher-L2-run05.pcap,
True,L3,iot_mqtt_publisher,run01,mqtt,32457,2477043,1782969592.082089,1782969631.165553,features,iot_mqtt_publisher/iot_mqtt_publisher/L3/run01/mqtt-iot_mqtt_publisher-L3-run01.pcap,
True,L3,iot_mqtt_publisher,run02,mqtt,32423,2474595,1782969642.138635,1782969681.229719,features,iot_mqtt_publisher/iot_mqtt_publisher/L3/run02/mqtt-iot_mqtt_publisher-L3-run02.pcap,
True,L3,iot_mqtt_publisher,run03,mqtt,32462,2477403,1782969691.981127,1782969731.06784,features,iot_mqtt_publisher/iot_mqtt_publisher/L3/run03/mqtt-iot_mqtt_publisher-L3-run03.pcap,
True,L3,iot_mqtt_publisher,run04,mqtt,32444,2476107,1782969741.810126,1782969780.894815,features,iot_mqtt_publisher/iot_mqtt_publisher/L3/run04/mqtt-iot_mqtt_publisher-L3-run04.pcap,
True,L3,iot_mqtt_publisher,run05,mqtt,32423,2474595,1782969791.892975,1782969830.979772,features,iot_mqtt_publisher/iot_mqtt_publisher/L3/run05/mqtt-iot_mqtt_publisher-L3-run05.pcap,
True,L0,iot_mqtt_qos_amplification,run01,mqtt,2407,184455,1782969900.721203,1782969940.312631,features,iot_mqtt_qos_amplification/iot_mqtt_qos_amplification/L0/run01/mqtt-iot_mqtt_qos_amplification-L0-run01.pcap,
True,L0,iot_mqtt_qos_amplification,run02,mqtt,2382,182643,1782969944.251863,1782969983.340344,features,iot_mqtt_qos_amplification/iot_mqtt_qos_amplification/L0/run02/mqtt-iot_mqtt_qos_amplification-L0-run02.pcap,
True,L0,iot_mqtt_qos_amplification,run03,mqtt,2380,182499,1782969986.610152,1782970025.697518,features,iot_mqtt_qos_amplification/iot_mqtt_qos_amplification/L0/run03/mqtt-iot_mqtt_qos_amplification-L0-run03.pcap,
True,L0,iot_mqtt_qos_amplification,run04,mqtt,2385,182859,1782970028.84838,1782970067.935766,features,iot_mqtt_qos_amplification/iot_mqtt_qos_amplification/L0/run04/mqtt-iot_mqtt_qos_amplification-L0-run04.pcap,
True,L0,iot_mqtt_qos_amplification,run05,mqtt,2384,182787,1782970071.11094,1782970110.199722,features,iot_mqtt_qos_amplification/iot_mqtt_qos_amplification/L0/run05/mqtt-iot_mqtt_qos_amplification-L0-run05.pcap,
True,L1,iot_mqtt_qos_amplification,run01,mqtt,39762,3558152,1782970113.322077,1782970152.411088,features,iot_mqtt_qos_amplification/iot_mqtt_qos_amplification/L1/run01/mqtt-iot_mqtt_qos_amplification-L1-run01.pcap,
True,L1,iot_mqtt_qos_amplification,run02,mqtt,38976,3479690,1782970165.08785,1782970204.171242,features,iot_mqtt_qos_amplification/iot_mqtt_qos_amplification/L1/run02/mqtt-iot_mqtt_qos_amplification-L1-run02.pcap,
True,L1,iot_mqtt_qos_amplification,run03,mqtt,39316,3509907,1782970216.875112,1782970255.952705,features,iot_mqtt_qos_amplification/iot_mqtt_qos_amplification/L1/run03/mqtt-iot_mqtt_qos_amplification-L1-run03.pcap,
True,L1,iot_mqtt_qos_amplification,run04,mqtt,43792,3918278,1782970269.010185,1782970308.081293,features,iot_mqtt_qos_amplification/iot_mqtt_qos_amplification/L1/run04/mqtt-iot_mqtt_qos_amplification-L1-run04.pcap,
True,L1,iot_mqtt_qos_amplification,run05,mqtt,44487,3971918,1782970322.105256,1782970361.182324,features,iot_mqtt_qos_amplification/iot_mqtt_qos_amplification/L1/run05/mqtt-iot_mqtt_qos_amplification-L1-run05.pcap,
True,L2,iot_mqtt_qos_amplification,run01,mqtt,39121,3486080,1782970375.306332,1782970414.406758,features,iot_mqtt_qos_amplification/iot_mqtt_qos_amplification/L2/run01/mqtt-iot_mqtt_qos_amplification-L2-run01.pcap,
True,L2,iot_mqtt_qos_amplification,run02,mqtt,42590,3801959,1782970427.15789,1782970466.233472,features,iot_mqtt_qos_amplification/iot_mqtt_qos_amplification/L2/run02/mqtt-iot_mqtt_qos_amplification-L2-run02.pcap,
True,L2,iot_mqtt_qos_amplification,run03,mqtt,41737,3733090,1782970479.619443,1782970518.699029,features,iot_mqtt_qos_amplification/iot_mqtt_qos_amplification/L2/run03/mqtt-iot_mqtt_qos_amplification-L2-run03.pcap,
True,L2,iot_mqtt_qos_amplification,run04,mqtt,42261,3788495,1782970532.234744,1782970571.308859,features,iot_mqtt_qos_amplification/iot_mqtt_qos_amplification/L2/run04/mqtt-iot_mqtt_qos_amplification-L2-run04.pcap,
True,L2,iot_mqtt_qos_amplification,run05,mqtt,43035,3850663,1782970584.691253,1782970623.764028,features,iot_mqtt_qos_amplification/iot_mqtt_qos_amplification/L2/run05/mqtt-iot_mqtt_qos_amplification-L2-run05.pcap,
True,L3,iot_mqtt_qos_amplification,run01,mqtt,44295,3947292,1782970637.410516,1782970676.486565,features,iot_mqtt_qos_amplification/iot_mqtt_qos_amplification/L3/run01/mqtt-iot_mqtt_qos_amplification-L3-run01.pcap,
True,L3,iot_mqtt_qos_amplification,run02,mqtt,38050,3404867,1782970690.601903,1782970729.684463,features,iot_mqtt_qos_amplification/iot_mqtt_qos_amplification/L3/run02/mqtt-iot_mqtt_qos_amplification-L3-run02.pcap,
True,L3,iot_mqtt_qos_amplification,run03,mqtt,39892,3560945,1782970741.901894,1782970780.984224,features,iot_mqtt_qos_amplification/iot_mqtt_qos_amplification/L3/run03/mqtt-iot_mqtt_qos_amplification-L3-run03.pcap,
True,L3,iot_mqtt_qos_amplification,run04,mqtt,43659,3902967,1782970793.789577,1782970832.864215,features,iot_mqtt_qos_amplification/iot_mqtt_qos_amplification/L3/run04/mqtt-iot_mqtt_qos_amplification-L3-run04.pcap,
True,L3,iot_mqtt_qos_amplification,run05,mqtt,42574,3817211,1782970846.597145,1782970885.67906,features,iot_mqtt_qos_amplification/iot_mqtt_qos_amplification/L3/run05/mqtt-iot_mqtt_qos_amplification-L3-run05.pcap,
True,L0,iot_xrce_dds_discovery_poison,run01,xrce,167,11356,1782970952.038055,1782970990.643327,features,iot_xrce_dds_discovery_poison/iot_xrce_dds_discovery_poison/L0/run01/xrce-iot_xrce_dds_discovery_poison-L0-run01.pcap,
True,L0,iot_xrce_dds_discovery_poison,run02,xrce,119,8092,1782970994.427806,1782971033.433573,features,iot_xrce_dds_discovery_poison/iot_xrce_dds_discovery_poison/L0/run02/xrce-iot_xrce_dds_discovery_poison-L0-run02.pcap,
True,L0,iot_xrce_dds_discovery_poison,run03,xrce,117,7956,1782971037.038344,1782971075.073793,features,iot_xrce_dds_discovery_poison/iot_xrce_dds_discovery_poison/L0/run03/xrce-iot_xrce_dds_discovery_poison-L0-run03.pcap,
True,L0,iot_xrce_dds_discovery_poison,run04,xrce,117,7956,1782971078.671595,1782971116.708143,features,iot_xrce_dds_discovery_poison/iot_xrce_dds_discovery_poison/L0/run04/xrce-iot_xrce_dds_discovery_poison-L0-run04.pcap,
True,L0,iot_xrce_dds_discovery_poison,run05,xrce,117,7956,1782971120.309979,1782971158.346231,features,iot_xrce_dds_discovery_poison/iot_xrce_dds_discovery_poison/L0/run05/xrce-iot_xrce_dds_discovery_poison-L0-run05.pcap,
True,L1,iot_xrce_dds_discovery_poison,run01,xrce,117,7956,1782971161.999126,1782971200.03877,features,iot_xrce_dds_discovery_poison/iot_xrce_dds_discovery_poison/L1/run01/xrce-iot_xrce_dds_discovery_poison-L1-run01.pcap,
True,L1,iot_xrce_dds_discovery_poison,run02,xrce,117,7956,1782971203.676121,1782971241.712247,features,iot_xrce_dds_discovery_poison/iot_xrce_dds_discovery_poison/L1/run02/xrce-iot_xrce_dds_discovery_poison-L1-run02.pcap,
True,L1,iot_xrce_dds_discovery_poison,run03,xrce,117,7956,1782971245.30909,1782971283.344271,features,iot_xrce_dds_discovery_poison/iot_xrce_dds_discovery_poison/L1/run03/xrce-iot_xrce_dds_discovery_poison-L1-run03.pcap,
True,L1,iot_xrce_dds_discovery_poison,run04,xrce,117,7956,1782971287.024415,1782971325.061653,features,iot_xrce_dds_discovery_poison/iot_xrce_dds_discovery_poison/L1/run04/xrce-iot_xrce_dds_discovery_poison-L1-run04.pcap,
True,L1,iot_xrce_dds_discovery_poison,run05,xrce,117,7956,1782971328.833996,1782971366.883235,features,iot_xrce_dds_discovery_poison/iot_xrce_dds_discovery_poison/L1/run05/xrce-iot_xrce_dds_discovery_poison-L1-run05.pcap,
True,L2,iot_xrce_dds_discovery_poison,run01,xrce,117,7956,1782971370.598104,1782971408.640973,features,iot_xrce_dds_discovery_poison/iot_xrce_dds_discovery_poison/L2/run01/xrce-iot_xrce_dds_discovery_poison-L2-run01.pcap,
True,L2,iot_xrce_dds_discovery_poison,run02,xrce,117,7956,1782971412.459826,1782971450.503762,features,iot_xrce_dds_discovery_poison/iot_xrce_dds_discovery_poison/L2/run02/xrce-iot_xrce_dds_discovery_poison-L2-run02.pcap,
True,L2,iot_xrce_dds_discovery_poison,run03,xrce,117,7956,1782971454.267085,1782971492.30546,features,iot_xrce_dds_discovery_poison/iot_xrce_dds_discovery_poison/L2/run03/xrce-iot_xrce_dds_discovery_poison-L2-run03.pcap,
True,L2,iot_xrce_dds_discovery_poison,run04,xrce,117,7956,1782971496.072909,1782971534.117103,features,iot_xrce_dds_discovery_poison/iot_xrce_dds_discovery_poison/L2/run04/xrce-iot_xrce_dds_discovery_poison-L2-run04.pcap,
True,L2,iot_xrce_dds_discovery_poison,run05,xrce,117,7956,1782971538.04877,1782971576.091571,features,iot_xrce_dds_discovery_poison/iot_xrce_dds_discovery_poison/L2/run05/xrce-iot_xrce_dds_discovery_poison-L2-run05.pcap,
True,L3,iot_xrce_dds_discovery_poison,run01,xrce,117,7956,1782971579.811193,1782971617.863726,features,iot_xrce_dds_discovery_poison/iot_xrce_dds_discovery_poison/L3/run01/xrce-iot_xrce_dds_discovery_poison-L3-run01.pcap,
True,L3,iot_xrce_dds_discovery_poison,run02,xrce,117,7956,1782971621.536307,1782971659.575549,features,iot_xrce_dds_discovery_poison/iot_xrce_dds_discovery_poison/L3/run02/xrce-iot_xrce_dds_discovery_poison-L3-run02.pcap,
True,L3,iot_xrce_dds_discovery_poison,run03,xrce,117,7956,1782971663.349794,1782971701.390517,features,iot_xrce_dds_discovery_poison/iot_xrce_dds_discovery_poison/L3/run03/xrce-iot_xrce_dds_discovery_poison-L3-run03.pcap,
True,L3,iot_xrce_dds_discovery_poison,run04,xrce,117,7956,1782971705.07488,1782971743.113365,features,iot_xrce_dds_discovery_poison/iot_xrce_dds_discovery_poison/L3/run04/xrce-iot_xrce_dds_discovery_poison-L3-run04.pcap,
True,L3,iot_xrce_dds_discovery_poison,run05,xrce,117,7956,1782971746.828757,1782971784.872035,features,iot_xrce_dds_discovery_poison/iot_xrce_dds_discovery_poison/L3/run05/xrce-iot_xrce_dds_discovery_poison-L3-run05.pcap,
True,L0,iot_xrce_dds_entity_flood,run01,xrce,117,7956,1782971853.462111,1782971891.513924,features,iot_xrce_dds_entity_flood/iot_xrce_dds_entity_flood/L0/run01/xrce-iot_xrce_dds_entity_flood-L0-run01.pcap,
True,L0,iot_xrce_dds_entity_flood,run02,xrce,117,7956,1782971896.061291,1782971934.109495,features,iot_xrce_dds_entity_flood/iot_xrce_dds_entity_flood/L0/run02/xrce-iot_xrce_dds_entity_flood-L0-run02.pcap,
True,L0,iot_xrce_dds_entity_flood,run03,xrce,117,7956,1782971937.809253,1782971975.846203,features,iot_xrce_dds_entity_flood/iot_xrce_dds_entity_flood/L0/run03/xrce-iot_xrce_dds_entity_flood-L0-run03.pcap,
True,L0,iot_xrce_dds_entity_flood,run04,xrce,117,7956,1782971979.629756,1782972017.666059,features,iot_xrce_dds_entity_flood/iot_xrce_dds_entity_flood/L0/run04/xrce-iot_xrce_dds_entity_flood-L0-run04.pcap,
True,L0,iot_xrce_dds_entity_flood,run05,xrce,117,7956,1782972021.345238,1782972059.392251,features,iot_xrce_dds_entity_flood/iot_xrce_dds_entity_flood/L0/run05/xrce-iot_xrce_dds_entity_flood-L0-run05.pcap,
True,L1,iot_xrce_dds_entity_flood,run01,xrce,7302,1489020,1782972063.242128,1782972101.284064,features,iot_xrce_dds_entity_flood/iot_xrce_dds_entity_flood/L1/run01/xrce-iot_xrce_dds_entity_flood-L1-run01.pcap,
True,L1,iot_xrce_dds_entity_flood,run02,xrce,11323,2746135,1782972107.20023,1782972145.241251,features,iot_xrce_dds_entity_flood/iot_xrce_dds_entity_flood/L1/run02/xrce-iot_xrce_dds_entity_flood-L1-run02.pcap,
True,L1,iot_xrce_dds_entity_flood,run03,xrce,9532,2211313,1782972152.195809,1782972190.235935,features,iot_xrce_dds_entity_flood/iot_xrce_dds_entity_flood/L1/run03/xrce-iot_xrce_dds_entity_flood-L1-run03.pcap,
True,L1,iot_xrce_dds_entity_flood,run04,xrce,12106,2899675,1782972196.651134,1782972234.69034,features,iot_xrce_dds_entity_flood/iot_xrce_dds_entity_flood/L1/run04/xrce-iot_xrce_dds_entity_flood-L1-run04.pcap,
True,L1,iot_xrce_dds_entity_flood,run05,xrce,9359,2151029,1782972242.120686,1782972280.157809,features,iot_xrce_dds_entity_flood/iot_xrce_dds_entity_flood/L1/run05/xrce-iot_xrce_dds_entity_flood-L1-run05.pcap,
True,L2,iot_xrce_dds_entity_flood,run01,xrce,7878,1648689,1782972286.525293,1782972324.561329,features,iot_xrce_dds_entity_flood/iot_xrce_dds_entity_flood/L2/run01/xrce-iot_xrce_dds_entity_flood-L2-run01.pcap,
True,L2,iot_xrce_dds_entity_flood,run02,xrce,9851,2288858,1782972330.648838,1782972368.687226,features,iot_xrce_dds_entity_flood/iot_xrce_dds_entity_flood/L2/run02/xrce-iot_xrce_dds_entity_flood-L2-run02.pcap,
True,L2,iot_xrce_dds_entity_flood,run03,xrce,11496,2793493,1782972375.258389,1782972413.294095,features,iot_xrce_dds_entity_flood/iot_xrce_dds_entity_flood/L2/run03/xrce-iot_xrce_dds_entity_flood-L2-run03.pcap,
True,L2,iot_xrce_dds_entity_flood,run04,xrce,9512,2190215,1782972420.218454,1782972458.254032,features,iot_xrce_dds_entity_flood/iot_xrce_dds_entity_flood/L2/run04/xrce-iot_xrce_dds_entity_flood-L2-run04.pcap,
True,L2,iot_xrce_dds_entity_flood,run05,xrce,7290,1496925,1782972464.73468,1782972502.771178,features,iot_xrce_dds_entity_flood/iot_xrce_dds_entity_flood/L2/run05/xrce-iot_xrce_dds_entity_flood-L2-run05.pcap,
True,L3,iot_xrce_dds_entity_flood,run01,xrce,9802,2225257,1782972508.504705,1782972546.53763,features,iot_xrce_dds_entity_flood/iot_xrce_dds_entity_flood/L3/run01/xrce-iot_xrce_dds_entity_flood-L3-run01.pcap,
True,L3,iot_xrce_dds_entity_flood,run02,xrce,9008,2030291,1782972552.938789,1782972590.979573,features,iot_xrce_dds_entity_flood/iot_xrce_dds_entity_flood/L3/run02/xrce-iot_xrce_dds_entity_flood-L3-run02.pcap,
True,L3,iot_xrce_dds_entity_flood,run03,xrce,7614,1580805,1782972597.40037,1782972635.441358,features,iot_xrce_dds_entity_flood/iot_xrce_dds_entity_flood/L3/run03/xrce-iot_xrce_dds_entity_flood-L3-run03.pcap,
True,L3,iot_xrce_dds_entity_flood,run04,xrce,9275,2122916,1782972641.30264,1782972679.337563,features,iot_xrce_dds_entity_flood/iot_xrce_dds_entity_flood/L3/run04/xrce-iot_xrce_dds_entity_flood-L3-run04.pcap,
True,L3,iot_xrce_dds_entity_flood,run05,xrce,7638,1600389,1782972685.544036,1782972723.579202,features,iot_xrce_dds_entity_flood/iot_xrce_dds_entity_flood/L3/run05/xrce-iot_xrce_dds_entity_flood-L3-run05.pcap,
True,L0,iot_xrce_dds_fragment_abuse,run01,xrce,117,7956,1782972784.359122,1782972822.396244,features,iot_xrce_dds_fragment_abuse/iot_xrce_dds_fragment_abuse/L0/run01/xrce-iot_xrce_dds_fragment_abuse-L0-run01.pcap,
True,L0,iot_xrce_dds_fragment_abuse,run02,xrce,117,7956,1782972826.876315,1782972864.912378,features,iot_xrce_dds_fragment_abuse/iot_xrce_dds_fragment_abuse/L0/run02/xrce-iot_xrce_dds_fragment_abuse-L0-run02.pcap,
True,L0,iot_xrce_dds_fragment_abuse,run03,xrce,117,7956,1782972868.75873,1782972906.794263,features,iot_xrce_dds_fragment_abuse/iot_xrce_dds_fragment_abuse/L0/run03/xrce-iot_xrce_dds_fragment_abuse-L0-run03.pcap,
True,L0,iot_xrce_dds_fragment_abuse,run04,xrce,117,7956,1782972910.683974,1782972948.722957,features,iot_xrce_dds_fragment_abuse/iot_xrce_dds_fragment_abuse/L0/run04/xrce-iot_xrce_dds_fragment_abuse-L0-run04.pcap,
True,L0,iot_xrce_dds_fragment_abuse,run05,xrce,117,7956,1782972952.520129,1782972990.554875,features,iot_xrce_dds_fragment_abuse/iot_xrce_dds_fragment_abuse/L0/run05/xrce-iot_xrce_dds_fragment_abuse-L0-run05.pcap,
True,L1,iot_xrce_dds_fragment_abuse,run01,xrce,153,10920,1782972994.259409,1782973032.301423,features,iot_xrce_dds_fragment_abuse/iot_xrce_dds_fragment_abuse/L1/run01/xrce-iot_xrce_dds_fragment_abuse-L1-run01.pcap,
True,L1,iot_xrce_dds_fragment_abuse,run02,xrce,153,10920,1782973036.119023,1782973074.158471,features,iot_xrce_dds_fragment_abuse/iot_xrce_dds_fragment_abuse/L1/run02/xrce-iot_xrce_dds_fragment_abuse-L1-run02.pcap,
True,L1,iot_xrce_dds_fragment_abuse,run03,xrce,153,10920,1782973077.981745,1782973116.020756,features,iot_xrce_dds_fragment_abuse/iot_xrce_dds_fragment_abuse/L1/run03/xrce-iot_xrce_dds_fragment_abuse-L1-run03.pcap,
True,L1,iot_xrce_dds_fragment_abuse,run04,xrce,153,10920,1782973119.776643,1782973157.81486,features,iot_xrce_dds_fragment_abuse/iot_xrce_dds_fragment_abuse/L1/run04/xrce-iot_xrce_dds_fragment_abuse-L1-run04.pcap,
True,L1,iot_xrce_dds_fragment_abuse,run05,xrce,153,10920,1782973161.635224,1782973199.670052,features,iot_xrce_dds_fragment_abuse/iot_xrce_dds_fragment_abuse/L1/run05/xrce-iot_xrce_dds_fragment_abuse-L1-run05.pcap,
True,L2,iot_xrce_dds_fragment_abuse,run01,xrce,153,10920,1782973203.385409,1782973241.42421,features,iot_xrce_dds_fragment_abuse/iot_xrce_dds_fragment_abuse/L2/run01/xrce-iot_xrce_dds_fragment_abuse-L2-run01.pcap,
True,L2,iot_xrce_dds_fragment_abuse,run02,xrce,153,10920,1782973245.331814,1782973283.374793,features,iot_xrce_dds_fragment_abuse/iot_xrce_dds_fragment_abuse/L2/run02/xrce-iot_xrce_dds_fragment_abuse-L2-run02.pcap,
True,L2,iot_xrce_dds_fragment_abuse,run03,xrce,153,10920,1782973287.075142,1782973325.113938,features,iot_xrce_dds_fragment_abuse/iot_xrce_dds_fragment_abuse/L2/run03/xrce-iot_xrce_dds_fragment_abuse-L2-run03.pcap,
True,L2,iot_xrce_dds_fragment_abuse,run04,xrce,153,10920,1782973328.813022,1782973366.851112,features,iot_xrce_dds_fragment_abuse/iot_xrce_dds_fragment_abuse/L2/run04/xrce-iot_xrce_dds_fragment_abuse-L2-run04.pcap,
True,L2,iot_xrce_dds_fragment_abuse,run05,xrce,159,11286,1782973370.520885,1782973408.558893,features,iot_xrce_dds_fragment_abuse/iot_xrce_dds_fragment_abuse/L2/run05/xrce-iot_xrce_dds_fragment_abuse-L2-run05.pcap,
True,L3,iot_xrce_dds_fragment_abuse,run01,xrce,153,10920,1782973412.284092,1782973450.320116,features,iot_xrce_dds_fragment_abuse/iot_xrce_dds_fragment_abuse/L3/run01/xrce-iot_xrce_dds_fragment_abuse-L3-run01.pcap,
True,L3,iot_xrce_dds_fragment_abuse,run02,xrce,153,10920,1782973454.050719,1782973492.090816,features,iot_xrce_dds_fragment_abuse/iot_xrce_dds_fragment_abuse/L3/run02/xrce-iot_xrce_dds_fragment_abuse-L3-run02.pcap,
True,L3,iot_xrce_dds_fragment_abuse,run03,xrce,153,10920,1782973495.8229,1782973533.858129,features,iot_xrce_dds_fragment_abuse/iot_xrce_dds_fragment_abuse/L3/run03/xrce-iot_xrce_dds_fragment_abuse-L3-run03.pcap,
True,L3,iot_xrce_dds_fragment_abuse,run04,xrce,153,10920,1782973537.55416,1782973575.594135,features,iot_xrce_dds_fragment_abuse/iot_xrce_dds_fragment_abuse/L3/run04/xrce-iot_xrce_dds_fragment_abuse-L3-run04.pcap,
True,L3,iot_xrce_dds_fragment_abuse,run05,xrce,153,10920,1782973579.370782,1782973617.406998,features,iot_xrce_dds_fragment_abuse/iot_xrce_dds_fragment_abuse/L3/run05/xrce-iot_xrce_dds_fragment_abuse-L3-run05.pcap,
True,L0,iot_xrce_dds_malformed_inject,run01,xrce,117,7956,1782973685.220193,1782973723.255013,features,iot_xrce_dds_malformed_inject/iot_xrce_dds_malformed_inject/L0/run01/xrce-iot_xrce_dds_malformed_inject-L0-run01.pcap,
True,L0,iot_xrce_dds_malformed_inject,run02,xrce,117,7956,1782973727.874125,1782973765.912211,features,iot_xrce_dds_malformed_inject/iot_xrce_dds_malformed_inject/L0/run02/xrce-iot_xrce_dds_malformed_inject-L0-run02.pcap,
True,L0,iot_xrce_dds_malformed_inject,run03,xrce,117,7956,1782973769.627968,1782973807.666336,features,iot_xrce_dds_malformed_inject/iot_xrce_dds_malformed_inject/L0/run03/xrce-iot_xrce_dds_malformed_inject-L0-run03.pcap,
True,L0,iot_xrce_dds_malformed_inject,run04,xrce,117,7956,1782973811.515251,1782973849.551632,features,iot_xrce_dds_malformed_inject/iot_xrce_dds_malformed_inject/L0/run04/xrce-iot_xrce_dds_malformed_inject-L0-run04.pcap,
True,L0,iot_xrce_dds_malformed_inject,run05,xrce,117,7956,1782973853.28162,1782973891.317782,features,iot_xrce_dds_malformed_inject/iot_xrce_dds_malformed_inject/L0/run05/xrce-iot_xrce_dds_malformed_inject-L0-run05.pcap,
True,L1,iot_xrce_dds_malformed_inject,run01,xrce,249,32343,1782973895.018013,1782973933.058165,features,iot_xrce_dds_malformed_inject/iot_xrce_dds_malformed_inject/L1/run01/xrce-iot_xrce_dds_malformed_inject-L1-run01.pcap,
True,L1,iot_xrce_dds_malformed_inject,run02,xrce,249,32343,1782973936.79251,1782973974.830328,features,iot_xrce_dds_malformed_inject/iot_xrce_dds_malformed_inject/L1/run02/xrce-iot_xrce_dds_malformed_inject-L1-run02.pcap,
True,L1,iot_xrce_dds_malformed_inject,run03,xrce,249,32343,1782973978.517618,1782974016.557087,features,iot_xrce_dds_malformed_inject/iot_xrce_dds_malformed_inject/L1/run03/xrce-iot_xrce_dds_malformed_inject-L1-run03.pcap,
True,L1,iot_xrce_dds_malformed_inject,run04,xrce,249,32343,1782974020.347319,1782974058.390766,features,iot_xrce_dds_malformed_inject/iot_xrce_dds_malformed_inject/L1/run04/xrce-iot_xrce_dds_malformed_inject-L1-run04.pcap,
True,L1,iot_xrce_dds_malformed_inject,run05,xrce,249,32343,1782974062.090859,1782974100.126978,features,iot_xrce_dds_malformed_inject/iot_xrce_dds_malformed_inject/L1/run05/xrce-iot_xrce_dds_malformed_inject-L1-run05.pcap,
True,L2,iot_xrce_dds_malformed_inject,run01,xrce,249,32343,1782974104.005612,1782974142.042982,features,iot_xrce_dds_malformed_inject/iot_xrce_dds_malformed_inject/L2/run01/xrce-iot_xrce_dds_malformed_inject-L2-run01.pcap,
True,L2,iot_xrce_dds_malformed_inject,run02,xrce,249,32343,1782974145.835314,1782974183.869927,features,iot_xrce_dds_malformed_inject/iot_xrce_dds_malformed_inject/L2/run02/xrce-iot_xrce_dds_malformed_inject-L2-run02.pcap,
True,L2,iot_xrce_dds_malformed_inject,run03,xrce,249,32343,1782974187.595082,1782974225.628752,features,iot_xrce_dds_malformed_inject/iot_xrce_dds_malformed_inject/L2/run03/xrce-iot_xrce_dds_malformed_inject-L2-run03.pcap,
True,L2,iot_xrce_dds_malformed_inject,run04,xrce,249,32343,1782974229.371458,1782974267.408587,features,iot_xrce_dds_malformed_inject/iot_xrce_dds_malformed_inject/L2/run04/xrce-iot_xrce_dds_malformed_inject-L2-run04.pcap,
True,L2,iot_xrce_dds_malformed_inject,run05,xrce,249,32343,1782974271.137264,1782974309.17404,features,iot_xrce_dds_malformed_inject/iot_xrce_dds_malformed_inject/L2/run05/xrce-iot_xrce_dds_malformed_inject-L2-run05.pcap,
True,L3,iot_xrce_dds_malformed_inject,run01,xrce,249,32343,1782974312.935861,1782974350.971013,features,iot_xrce_dds_malformed_inject/iot_xrce_dds_malformed_inject/L3/run01/xrce-iot_xrce_dds_malformed_inject-L3-run01.pcap,
True,L3,iot_xrce_dds_malformed_inject,run02,xrce,249,32343,1782974354.699937,1782974392.740036,features,iot_xrce_dds_malformed_inject/iot_xrce_dds_malformed_inject/L3/run02/xrce-iot_xrce_dds_malformed_inject-L3-run02.pcap,
True,L3,iot_xrce_dds_malformed_inject,run03,xrce,249,32343,1782974396.490823,1782974434.526674,features,iot_xrce_dds_malformed_inject/iot_xrce_dds_malformed_inject/L3/run03/xrce-iot_xrce_dds_malformed_inject-L3-run03.pcap,
True,L3,iot_xrce_dds_malformed_inject,run04,xrce,249,32343,1782974438.22665,1782974476.266288,features,iot_xrce_dds_malformed_inject/iot_xrce_dds_malformed_inject/L3/run04/xrce-iot_xrce_dds_malformed_inject-L3-run04.pcap,
True,L3,iot_xrce_dds_malformed_inject,run05,xrce,249,32343,1782974480.004549,1782974518.040256,features,iot_xrce_dds_malformed_inject/iot_xrce_dds_malformed_inject/L3/run05/xrce-iot_xrce_dds_malformed_inject-L3-run05.pcap,
True,L0,iot_xrce_dds_session_hijack,run01,xrce,117,7956,1782974586.119045,1782974624.153923,features,iot_xrce_dds_session_hijack/iot_xrce_dds_session_hijack/L0/run01/xrce-iot_xrce_dds_session_hijack-L0-run01.pcap,
True,L0,iot_xrce_dds_session_hijack,run02,xrce,117,7956,1782974628.627976,1782974666.661286,features,iot_xrce_dds_session_hijack/iot_xrce_dds_session_hijack/L0/run02/xrce-iot_xrce_dds_session_hijack-L0-run02.pcap,
True,L0,iot_xrce_dds_session_hijack,run03,xrce,117,7956,1782974670.364791,1782974708.401403,features,iot_xrce_dds_session_hijack/iot_xrce_dds_session_hijack/L0/run03/xrce-iot_xrce_dds_session_hijack-L0-run03.pcap,
True,L0,iot_xrce_dds_session_hijack,run04,xrce,117,7956,1782974712.22343,1782974750.25863,features,iot_xrce_dds_session_hijack/iot_xrce_dds_session_hijack/L0/run04/xrce-iot_xrce_dds_session_hijack-L0-run04.pcap,
True,L0,iot_xrce_dds_session_hijack,run05,xrce,117,7956,1782974753.989164,1782974792.022887,features,iot_xrce_dds_session_hijack/iot_xrce_dds_session_hijack/L0/run05/xrce-iot_xrce_dds_session_hijack-L0-run05.pcap,
True,L1,iot_xrce_dds_session_hijack,run01,xrce,273,34512,1782974795.759425,1782974833.793265,features,iot_xrce_dds_session_hijack/iot_xrce_dds_session_hijack/L1/run01/xrce-iot_xrce_dds_session_hijack-L1-run01.pcap,
True,L1,iot_xrce_dds_session_hijack,run02,xrce,273,34512,1782974837.588317,1782974875.627492,features,iot_xrce_dds_session_hijack/iot_xrce_dds_session_hijack/L1/run02/xrce-iot_xrce_dds_session_hijack-L1-run02.pcap,
True,L1,iot_xrce_dds_session_hijack,run03,xrce,273,34512,1782974879.50265,1782974917.54593,features,iot_xrce_dds_session_hijack/iot_xrce_dds_session_hijack/L1/run03/xrce-iot_xrce_dds_session_hijack-L1-run03.pcap,
True,L1,iot_xrce_dds_session_hijack,run04,xrce,273,34512,1782974921.34424,1782974959.382407,features,iot_xrce_dds_session_hijack/iot_xrce_dds_session_hijack/L1/run04/xrce-iot_xrce_dds_session_hijack-L1-run04.pcap,
True,L1,iot_xrce_dds_session_hijack,run05,xrce,273,34512,1782974963.198203,1782975001.234784,features,iot_xrce_dds_session_hijack/iot_xrce_dds_session_hijack/L1/run05/xrce-iot_xrce_dds_session_hijack-L1-run05.pcap,
True,L2,iot_xrce_dds_session_hijack,run01,xrce,279,34878,1782975005.078401,1782975043.114164,features,iot_xrce_dds_session_hijack/iot_xrce_dds_session_hijack/L2/run01/xrce-iot_xrce_dds_session_hijack-L2-run01.pcap,
True,L2,iot_xrce_dds_session_hijack,run02,xrce,279,34878,1782975046.917226,1782975084.950887,features,iot_xrce_dds_session_hijack/iot_xrce_dds_session_hijack/L2/run02/xrce-iot_xrce_dds_session_hijack-L2-run02.pcap,
True,L2,iot_xrce_dds_session_hijack,run03,xrce,273,34512,1782975088.748955,1782975126.787108,features,iot_xrce_dds_session_hijack/iot_xrce_dds_session_hijack/L2/run03/xrce-iot_xrce_dds_session_hijack-L2-run03.pcap,
True,L2,iot_xrce_dds_session_hijack,run04,xrce,273,34512,1782975130.588835,1782975168.623922,features,iot_xrce_dds_session_hijack/iot_xrce_dds_session_hijack/L2/run04/xrce-iot_xrce_dds_session_hijack-L2-run04.pcap,
True,L2,iot_xrce_dds_session_hijack,run05,xrce,273,34512,1782975172.389147,1782975210.430733,features,iot_xrce_dds_session_hijack/iot_xrce_dds_session_hijack/L2/run05/xrce-iot_xrce_dds_session_hijack-L2-run05.pcap,
True,L3,iot_xrce_dds_session_hijack,run01,xrce,273,34512,1782975214.253056,1782975252.286453,features,iot_xrce_dds_session_hijack/iot_xrce_dds_session_hijack/L3/run01/xrce-iot_xrce_dds_session_hijack-L3-run01.pcap,
True,L3,iot_xrce_dds_session_hijack,run02,xrce,273,34512,1782975256.056632,1782975294.091462,features,iot_xrce_dds_session_hijack/iot_xrce_dds_session_hijack/L3/run02/xrce-iot_xrce_dds_session_hijack-L3-run02.pcap,
True,L3,iot_xrce_dds_session_hijack,run03,xrce,273,34512,1782975297.800282,1782975335.836637,features,iot_xrce_dds_session_hijack/iot_xrce_dds_session_hijack/L3/run03/xrce-iot_xrce_dds_session_hijack-L3-run03.pcap,
True,L3,iot_xrce_dds_session_hijack,run04,xrce,273,34512,1782975339.572738,1782975377.607297,features,iot_xrce_dds_session_hijack/iot_xrce_dds_session_hijack/L3/run04/xrce-iot_xrce_dds_session_hijack-L3-run04.pcap,
True,L3,iot_xrce_dds_session_hijack,run05,xrce,279,34878,1782975381.253882,1782975419.291075,features,iot_xrce_dds_session_hijack/iot_xrce_dds_session_hijack/L3/run05/xrce-iot_xrce_dds_session_hijack-L3-run05.pcap,
True,L0,iot_xrce_dds_time_desync,run01,xrce,117,7956,1782975487.019325,1782975525.052162,features,iot_xrce_dds_time_desync/iot_xrce_dds_time_desync/L0/run01/xrce-iot_xrce_dds_time_desync-L0-run01.pcap,
True,L0,iot_xrce_dds_time_desync,run02,xrce,117,7956,1782975529.63621,1782975567.670551,features,iot_xrce_dds_time_desync/iot_xrce_dds_time_desync/L0/run02/xrce-iot_xrce_dds_time_desync-L0-run02.pcap,
True,L0,iot_xrce_dds_time_desync,run03,xrce,117,7956,1782975571.41731,1782975609.453493,features,iot_xrce_dds_time_desync/iot_xrce_dds_time_desync/L0/run03/xrce-iot_xrce_dds_time_desync-L0-run03.pcap,
True,L0,iot_xrce_dds_time_desync,run04,xrce,117,7956,1782975613.191996,1782975651.229227,features,iot_xrce_dds_time_desync/iot_xrce_dds_time_desync/L0/run04/xrce-iot_xrce_dds_time_desync-L0-run04.pcap,
True,L0,iot_xrce_dds_time_desync,run05,xrce,117,7956,1782975654.981378,1782975693.018518,features,iot_xrce_dds_time_desync/iot_xrce_dds_time_desync/L0/run05/xrce-iot_xrce_dds_time_desync-L0-run05.pcap,
True,L1,iot_xrce_dds_time_desync,run01,xrce,12357,887616,1782975696.683514,1782975734.719739,features,iot_xrce_dds_time_desync/iot_xrce_dds_time_desync/L1/run01/xrce-iot_xrce_dds_time_desync-L1-run01.pcap,
True,L1,iot_xrce_dds_time_desync,run02,xrce,12357,887616,1782975741.889205,1782975779.925501,features,iot_xrce_dds_time_desync/iot_xrce_dds_time_desync/L1/run02/xrce-iot_xrce_dds_time_desync-L1-run02.pcap,
True,L1,iot_xrce_dds_time_desync,run03,xrce,12357,887616,1782975787.153264,1782975825.187224,features,iot_xrce_dds_time_desync/iot_xrce_dds_time_desync/L1/run03/xrce-iot_xrce_dds_time_desync-L1-run03.pcap,
True,L1,iot_xrce_dds_time_desync,run04,xrce,12357,887616,1782975832.354089,1782975870.388378,features,iot_xrce_dds_time_desync/iot_xrce_dds_time_desync/L1/run04/xrce-iot_xrce_dds_time_desync-L1-run04.pcap,
True,L1,iot_xrce_dds_time_desync,run05,xrce,12357,887616,1782975877.53683,1782975915.571107,features,iot_xrce_dds_time_desync/iot_xrce_dds_time_desync/L1/run05/xrce-iot_xrce_dds_time_desync-L1-run05.pcap,
True,L2,iot_xrce_dds_time_desync,run01,xrce,12357,887616,1782975922.71789,1782975960.752906,features,iot_xrce_dds_time_desync/iot_xrce_dds_time_desync/L2/run01/xrce-iot_xrce_dds_time_desync-L2-run01.pcap,
True,L2,iot_xrce_dds_time_desync,run02,xrce,12357,887616,1782975967.931223,1782976005.964628,features,iot_xrce_dds_time_desync/iot_xrce_dds_time_desync/L2/run02/xrce-iot_xrce_dds_time_desync-L2-run02.pcap,
True,L2,iot_xrce_dds_time_desync,run03,xrce,12357,887616,1782976013.120293,1782976051.160069,features,iot_xrce_dds_time_desync/iot_xrce_dds_time_desync/L2/run03/xrce-iot_xrce_dds_time_desync-L2-run03.pcap,
True,L2,iot_xrce_dds_time_desync,run04,xrce,12357,887616,1782976058.36116,1782976096.396287,features,iot_xrce_dds_time_desync/iot_xrce_dds_time_desync/L2/run04/xrce-iot_xrce_dds_time_desync-L2-run04.pcap,
True,L2,iot_xrce_dds_time_desync,run05,xrce,12357,887616,1782976103.479711,1782976141.521154,features,iot_xrce_dds_time_desync/iot_xrce_dds_time_desync/L2/run05/xrce-iot_xrce_dds_time_desync-L2-run05.pcap,
True,L3,iot_xrce_dds_time_desync,run01,xrce,12357,887616,1782976148.704771,1782976186.739539,features,iot_xrce_dds_time_desync/iot_xrce_dds_time_desync/L3/run01/xrce-iot_xrce_dds_time_desync-L3-run01.pcap,
True,L3,iot_xrce_dds_time_desync,run02,xrce,12357,887616,1782976193.848303,1782976231.882651,features,iot_xrce_dds_time_desync/iot_xrce_dds_time_desync/L3/run02/xrce-iot_xrce_dds_time_desync-L3-run02.pcap,
True,L3,iot_xrce_dds_time_desync,run03,xrce,12357,887616,1782976238.963246,1782976277.032914,features,iot_xrce_dds_time_desync/iot_xrce_dds_time_desync/L3/run03/xrce-iot_xrce_dds_time_desync-L3-run03.pcap,
True,L3,iot_xrce_dds_time_desync,run04,xrce,12357,887616,1782976284.140179,1782976322.177939,features,iot_xrce_dds_time_desync/iot_xrce_dds_time_desync/L3/run04/xrce-iot_xrce_dds_time_desync-L3-run04.pcap,
True,L3,iot_xrce_dds_time_desync,run05,xrce,12357,887616,1782976329.356204,1782976367.392222,features,iot_xrce_dds_time_desync/iot_xrce_dds_time_desync/L3/run05/xrce-iot_xrce_dds_time_desync-L3-run05.pcap,
True,L0,iot_xrce_dds_udp_dos,run01,xrce,117,7956,1782976447.994955,1782976486.03127,features,iot_xrce_dds_udp_dos/iot_xrce_dds_udp_dos/L0/run01/xrce-iot_xrce_dds_udp_dos-L0-run01.pcap,
True,L0,iot_xrce_dds_udp_dos,run02,xrce,117,7956,1782976490.571848,1782976528.605638,features,iot_xrce_dds_udp_dos/iot_xrce_dds_udp_dos/L0/run02/xrce-iot_xrce_dds_udp_dos-L0-run02.pcap,
True,L0,iot_xrce_dds_udp_dos,run03,xrce,117,7956,1782976532.329203,1782976570.363352,features,iot_xrce_dds_udp_dos/iot_xrce_dds_udp_dos/L0/run03/xrce-iot_xrce_dds_udp_dos-L0-run03.pcap,
True,L0,iot_xrce_dds_udp_dos,run04,xrce,117,7956,1782976574.140331,1782976612.175473,features,iot_xrce_dds_udp_dos/iot_xrce_dds_udp_dos/L0/run04/xrce-iot_xrce_dds_udp_dos-L0-run04.pcap,
True,L0,iot_xrce_dds_udp_dos,run05,xrce,117,7956,1782976615.932178,1782976653.968913,features,iot_xrce_dds_udp_dos/iot_xrce_dds_udp_dos/L0/run05/xrce-iot_xrce_dds_udp_dos-L0-run05.pcap,
True,L1,iot_xrce_dds_udp_dos,run01,xrce,5293956,391447548,1782976657.72276,1782976696.262133,features,iot_xrce_dds_udp_dos/iot_xrce_dds_udp_dos/L1/run01/xrce-iot_xrce_dds_udp_dos-L1-run01.pcap,
True,L1,iot_xrce_dds_udp_dos,run02,xrce,3990924,295170980,1782978239.624231,1782978277.885285,features,iot_xrce_dds_udp_dos/iot_xrce_dds_udp_dos/L1/run02/xrce-iot_xrce_dds_udp_dos-L1-run02.pcap,
True,L1,iot_xrce_dds_udp_dos,run03,xrce,5467206,404346556,1782979432.877235,1782979471.497078,features,iot_xrce_dds_udp_dos/iot_xrce_dds_udp_dos/L1/run03/xrce-iot_xrce_dds_udp_dos-L1-run03.pcap,
True,L1,iot_xrce_dds_udp_dos,run04,xrce,5430226,401562844,1782981047.690116,1782981086.237856,features,iot_xrce_dds_udp_dos/iot_xrce_dds_udp_dos/L1/run04/xrce-iot_xrce_dds_udp_dos-L1-run04.pcap,
True,L1,iot_xrce_dds_udp_dos,run05,xrce,5331237,394292472,1782982656.94015,1782982695.875991,features,iot_xrce_dds_udp_dos/iot_xrce_dds_udp_dos/L1/run05/xrce-iot_xrce_dds_udp_dos-L1-run05.pcap,
True,L2,iot_xrce_dds_udp_dos,run01,xrce,5290484,391229216,1782984238.098858,1782984276.64587,features,iot_xrce_dds_udp_dos/iot_xrce_dds_udp_dos/L2/run01/xrce-iot_xrce_dds_udp_dos-L2-run01.pcap,
True,L2,iot_xrce_dds_udp_dos,run02,xrce,5429127,401577100,1782985821.832022,1782985860.363721,features,iot_xrce_dds_udp_dos/iot_xrce_dds_udp_dos/L2/run02/xrce-iot_xrce_dds_udp_dos-L2-run02.pcap,
True,L2,iot_xrce_dds_udp_dos,run03,xrce,5470607,404623728,1782987438.010567,1782987476.043439,features,iot_xrce_dds_udp_dos/iot_xrce_dds_udp_dos/L2/run03/xrce-iot_xrce_dds_udp_dos-L2-run03.pcap,
True,L2,iot_xrce_dds_udp_dos,run04,xrce,5294963,391682972,1782989061.654359,1782989099.704424,features,iot_xrce_dds_udp_dos/iot_xrce_dds_udp_dos/L2/run04/xrce-iot_xrce_dds_udp_dos-L2-run04.pcap,
True,L2,iot_xrce_dds_udp_dos,run05,xrce,5289220,391197244,1782990636.329401,1782990674.753049,features,iot_xrce_dds_udp_dos/iot_xrce_dds_udp_dos/L2/run05/xrce-iot_xrce_dds_udp_dos-L2-run05.pcap,
True,L3,iot_xrce_dds_udp_dos,run01,xrce,4964337,367149372,1782992223.799053,1782992262.394853,features,iot_xrce_dds_udp_dos/iot_xrce_dds_udp_dos/L3/run01/xrce-iot_xrce_dds_udp_dos-L3-run01.pcap,
True,L3,iot_xrce_dds_udp_dos,run02,xrce,5509292,407490116,1782993719.171129,1782993757.203746,features,iot_xrce_dds_udp_dos/iot_xrce_dds_udp_dos/L3/run02/xrce-iot_xrce_dds_udp_dos-L3-run02.pcap,
True,L3,iot_xrce_dds_udp_dos,run03,xrce,5487093,405885904,1782995376.988405,1782995415.082986,features,iot_xrce_dds_udp_dos/iot_xrce_dds_udp_dos/L3/run03/xrce-iot_xrce_dds_udp_dos-L3-run03.pcap,
True,L3,iot_xrce_dds_udp_dos,run04,xrce,5444903,402720984,1782997016.280756,1782997054.311495,features,iot_xrce_dds_udp_dos/iot_xrce_dds_udp_dos/L3/run04/xrce-iot_xrce_dds_udp_dos-L3-run04.pcap,
True,L3,iot_xrce_dds_udp_dos,run05,xrce,5260152,389043168,1782998647.032378,1782998685.581936,features,iot_xrce_dds_udp_dos/iot_xrce_dds_udp_dos/L3/run05/xrce-iot_xrce_dds_udp_dos-L3-run05.pcap,
True,L0,iot_zenoh_pico_fragments_reassembly,run01,zenoh,1856,137520,1783000415.503872,1783000454.77978,features,iot_zenoh_pico_fragments_reassembly/iot_zenoh_pico_fragments_reassembly/L0/run01/zenoh-iot_zenoh_pico_fragments_reassembly-L0-run01.pcap,
True,L0,iot_zenoh_pico_fragments_reassembly,run02,zenoh,1823,135048,1783000459.5275,1783000498.578503,features,iot_zenoh_pico_fragments_reassembly/iot_zenoh_pico_fragments_reassembly/L0/run02/zenoh-iot_zenoh_pico_fragments_reassembly-L0-run02.pcap,
True,L0,iot_zenoh_pico_fragments_reassembly,run03,zenoh,1835,135912,1783000501.961573,1783000541.001033,features,iot_zenoh_pico_fragments_reassembly/iot_zenoh_pico_fragments_reassembly/L0/run03/zenoh-iot_zenoh_pico_fragments_reassembly-L0-run03.pcap,
True,L0,iot_zenoh_pico_fragments_reassembly,run04,zenoh,1838,136128,1783000544.321689,1783000583.363439,features,iot_zenoh_pico_fragments_reassembly/iot_zenoh_pico_fragments_reassembly/L0/run04/zenoh-iot_zenoh_pico_fragments_reassembly-L0-run04.pcap,
True,L0,iot_zenoh_pico_fragments_reassembly,run05,zenoh,1833,135768,1783000586.674681,1783000625.72237,features,iot_zenoh_pico_fragments_reassembly/iot_zenoh_pico_fragments_reassembly/L0/run05/zenoh-iot_zenoh_pico_fragments_reassembly-L0-run05.pcap,
True,L1,iot_zenoh_pico_fragments_reassembly,run01,zenoh,357833,444018738,1783000628.912775,1783000667.957397,features,iot_zenoh_pico_fragments_reassembly/iot_zenoh_pico_fragments_reassembly/L1/run01/zenoh-iot_zenoh_pico_fragments_reassembly-L1-run01.pcap,
True,L1,iot_zenoh_pico_fragments_reassembly,run02,zenoh,363918,451624116,1783000781.406305,1783000820.460335,features,iot_zenoh_pico_fragments_reassembly/iot_zenoh_pico_fragments_reassembly/L1/run02/zenoh-iot_zenoh_pico_fragments_reassembly-L1-run02.pcap,
True,L1,iot_zenoh_pico_fragments_reassembly,run03,zenoh,368618,457484720,1783000934.969768,1783000974.004311,features,iot_zenoh_pico_fragments_reassembly/iot_zenoh_pico_fragments_reassembly/L1/run03/zenoh-iot_zenoh_pico_fragments_reassembly-L1-run03.pcap,
True,L1,iot_zenoh_pico_fragments_reassembly,run04,zenoh,368090,456800708,1783001089.991209,1783001129.044345,features,iot_zenoh_pico_fragments_reassembly/iot_zenoh_pico_fragments_reassembly/L1/run04/zenoh-iot_zenoh_pico_fragments_reassembly-L1-run04.pcap,
True,L1,iot_zenoh_pico_fragments_reassembly,run05,zenoh,368275,457049744,1783001244.392702,1783001283.446105,features,iot_zenoh_pico_fragments_reassembly/iot_zenoh_pico_fragments_reassembly/L1/run05/zenoh-iot_zenoh_pico_fragments_reassembly-L1-run05.pcap,
True,L2,iot_zenoh_pico_fragments_reassembly,run01,zenoh,368313,457110360,1783001398.537842,1783001437.580354,features,iot_zenoh_pico_fragments_reassembly/iot_zenoh_pico_fragments_reassembly/L2/run01/zenoh-iot_zenoh_pico_fragments_reassembly-L2-run01.pcap,
True,L2,iot_zenoh_pico_fragments_reassembly,run02,zenoh,367644,456241482,1783001553.061574,1783001592.104242,features,iot_zenoh_pico_fragments_reassembly/iot_zenoh_pico_fragments_reassembly/L2/run02/zenoh-iot_zenoh_pico_fragments_reassembly-L2-run02.pcap,
True,L2,iot_zenoh_pico_fragments_reassembly,run03,zenoh,366741,455116918,1783001707.33657,1783001746.390848,features,iot_zenoh_pico_fragments_reassembly/iot_zenoh_pico_fragments_reassembly/L2/run03/zenoh-iot_zenoh_pico_fragments_reassembly-L2-run03.pcap,
True,L2,iot_zenoh_pico_fragments_reassembly,run04,zenoh,334686,415154186,1783001861.78108,1783001900.82776,features,iot_zenoh_pico_fragments_reassembly/iot_zenoh_pico_fragments_reassembly/L2/run04/zenoh-iot_zenoh_pico_fragments_reassembly-L2-run04.pcap,
True,L2,iot_zenoh_pico_fragments_reassembly,run05,zenoh,367036,455490146,1783002007.447961,1783002046.49349,features,iot_zenoh_pico_fragments_reassembly/iot_zenoh_pico_fragments_reassembly/L2/run05/zenoh-iot_zenoh_pico_fragments_reassembly-L2-run05.pcap,
True,L3,iot_zenoh_pico_fragments_reassembly,run01,zenoh,369078,458036660,1783002161.599921,1783002200.646511,features,iot_zenoh_pico_fragments_reassembly/iot_zenoh_pico_fragments_reassembly/L3/run01/zenoh-iot_zenoh_pico_fragments_reassembly-L3-run01.pcap,
True,L3,iot_zenoh_pico_fragments_reassembly,run02,zenoh,368118,456862140,1783002315.755415,1783002354.802603,features,iot_zenoh_pico_fragments_reassembly/iot_zenoh_pico_fragments_reassembly/L3/run02/zenoh-iot_zenoh_pico_fragments_reassembly-L3-run02.pcap,
True,L3,iot_zenoh_pico_fragments_reassembly,run03,zenoh,367524,456114422,1783002472.676229,1783002511.733358,features,iot_zenoh_pico_fragments_reassembly/iot_zenoh_pico_fragments_reassembly/L3/run03/zenoh-iot_zenoh_pico_fragments_reassembly-L3-run03.pcap,
True,L3,iot_zenoh_pico_fragments_reassembly,run04,zenoh,367629,456237642,1783002626.893322,1783002665.935969,features,iot_zenoh_pico_fragments_reassembly/iot_zenoh_pico_fragments_reassembly/L3/run04/zenoh-iot_zenoh_pico_fragments_reassembly-L3-run04.pcap,
True,L3,iot_zenoh_pico_fragments_reassembly,run05,zenoh,365233,453247166,1783002781.342549,1783002820.390542,features,iot_zenoh_pico_fragments_reassembly/iot_zenoh_pico_fragments_reassembly/L3/run05/zenoh-iot_zenoh_pico_fragments_reassembly-L3-run05.pcap,
True,L0,iot_zenoh_pico_keepalive_flood,run01,zenoh,1823,135048,1783002998.652465,1783003037.6943,features,iot_zenoh_pico_keepalive_flood/iot_zenoh_pico_keepalive_flood/L0/run01/zenoh-iot_zenoh_pico_keepalive_flood-L0-run01.pcap,
True,L0,iot_zenoh_pico_keepalive_flood,run02,zenoh,1839,136200,1783003041.80612,1783003080.850742,features,iot_zenoh_pico_keepalive_flood/iot_zenoh_pico_keepalive_flood/L0/run02/zenoh-iot_zenoh_pico_keepalive_flood-L0-run02.pcap,
True,L0,iot_zenoh_pico_keepalive_flood,run03,zenoh,1837,136056,1783003084.155748,1783003123.202997,features,iot_zenoh_pico_keepalive_flood/iot_zenoh_pico_keepalive_flood/L0/run03/zenoh-iot_zenoh_pico_keepalive_flood-L0-run03.pcap,
True,L0,iot_zenoh_pico_keepalive_flood,run04,zenoh,1823,135048,1783003126.494194,1783003165.536252,features,iot_zenoh_pico_keepalive_flood/iot_zenoh_pico_keepalive_flood/L0/run04/zenoh-iot_zenoh_pico_keepalive_flood-L0-run04.pcap,
True,L0,iot_zenoh_pico_keepalive_flood,run05,zenoh,1840,136272,1783003168.751358,1783003207.793174,features,iot_zenoh_pico_keepalive_flood/iot_zenoh_pico_keepalive_flood/L0/run05/zenoh-iot_zenoh_pico_keepalive_flood-L0-run05.pcap,
True,L1,iot_zenoh_pico_keepalive_flood,run01,zenoh,2976906,145914253,1783003211.089943,1783003250.128492,features,iot_zenoh_pico_keepalive_flood/iot_zenoh_pico_keepalive_flood/L1/run01/zenoh-iot_zenoh_pico_keepalive_flood-L1-run01.pcap,
True,L1,iot_zenoh_pico_keepalive_flood,run02,zenoh,2995936,146846470,1783004120.416991,1783004159.454308,features,iot_zenoh_pico_keepalive_flood/iot_zenoh_pico_keepalive_flood/L1/run02/zenoh-iot_zenoh_pico_keepalive_flood-L1-run02.pcap,
True,L1,iot_zenoh_pico_keepalive_flood,run03,zenoh,2144386,105119065,1783005038.549387,1783005077.829672,features,iot_zenoh_pico_keepalive_flood/iot_zenoh_pico_keepalive_flood/L1/run03/zenoh-iot_zenoh_pico_keepalive_flood-L1-run03.pcap,
True,L1,iot_zenoh_pico_keepalive_flood,run04,zenoh,3070658,150508400,1783005709.343119,1783005748.384446,features,iot_zenoh_pico_keepalive_flood/iot_zenoh_pico_keepalive_flood/L1/run04/zenoh-iot_zenoh_pico_keepalive_flood-L1-run04.pcap,
True,L1,iot_zenoh_pico_keepalive_flood,run05,zenoh,2214941,108578267,1783006642.051088,1783006681.094221,features,iot_zenoh_pico_keepalive_flood/iot_zenoh_pico_keepalive_flood/L1/run05/zenoh-iot_zenoh_pico_keepalive_flood-L1-run05.pcap,
True,L2,iot_zenoh_pico_keepalive_flood,run01,zenoh,2957459,144961557,1783007324.336484,1783007363.383054,features,iot_zenoh_pico_keepalive_flood/iot_zenoh_pico_keepalive_flood/L2/run01/zenoh-iot_zenoh_pico_keepalive_flood-L2-run01.pcap,
True,L2,iot_zenoh_pico_keepalive_flood,run02,zenoh,1823546,89399475,1783008224.468042,1783008263.510207,features,iot_zenoh_pico_keepalive_flood/iot_zenoh_pico_keepalive_flood/L2/run02/zenoh-iot_zenoh_pico_keepalive_flood-L2-run02.pcap,
True,L2,iot_zenoh_pico_keepalive_flood,run03,zenoh,2947805,144488143,1783008792.302364,1783008831.344171,features,iot_zenoh_pico_keepalive_flood/iot_zenoh_pico_keepalive_flood/L2/run03/zenoh-iot_zenoh_pico_keepalive_flood-L2-run03.pcap,
True,L2,iot_zenoh_pico_keepalive_flood,run04,zenoh,2489313,122022265,1783009694.067882,1783009733.102938,features,iot_zenoh_pico_keepalive_flood/iot_zenoh_pico_keepalive_flood/L2/run04/zenoh-iot_zenoh_pico_keepalive_flood-L2-run04.pcap,
True,L2,iot_zenoh_pico_keepalive_flood,run05,zenoh,2972363,145691761,1783010457.683583,1783010496.726217,features,iot_zenoh_pico_keepalive_flood/iot_zenoh_pico_keepalive_flood/L2/run05/zenoh-iot_zenoh_pico_keepalive_flood-L2-run05.pcap,
True,L3,iot_zenoh_pico_keepalive_flood,run01,zenoh,2366768,116018020,1783011366.744757,1783011405.78981,features,iot_zenoh_pico_keepalive_flood/iot_zenoh_pico_keepalive_flood/L3/run01/zenoh-iot_zenoh_pico_keepalive_flood-L3-run01.pcap,
True,L3,iot_zenoh_pico_keepalive_flood,run02,zenoh,3049183,149456125,1783012097.974001,1783012137.012683,features,iot_zenoh_pico_keepalive_flood/iot_zenoh_pico_keepalive_flood/L3/run02/zenoh-iot_zenoh_pico_keepalive_flood-L3-run02.pcap,
True,L3,iot_zenoh_pico_keepalive_flood,run03,zenoh,2406785,117978462,1783013029.230094,1783013068.509031,features,iot_zenoh_pico_keepalive_flood/iot_zenoh_pico_keepalive_flood/L3/run03/zenoh-iot_zenoh_pico_keepalive_flood-L3-run03.pcap,
True,L3,iot_zenoh_pico_keepalive_flood,run04,zenoh,2969602,145556817,1783013766.862573,1783013805.903143,features,iot_zenoh_pico_keepalive_flood/iot_zenoh_pico_keepalive_flood/L3/run04/zenoh-iot_zenoh_pico_keepalive_flood-L3-run04.pcap,
True,L3,iot_zenoh_pico_keepalive_flood,run05,zenoh,1932143,94720206,1783014669.726868,1783014709.0603,features,iot_zenoh_pico_keepalive_flood/iot_zenoh_pico_keepalive_flood/L3/run05/zenoh-iot_zenoh_pico_keepalive_flood-L3-run05.pcap,
True,L0,iot_zenoh_pico_memory_exhaustion,run01,zenoh,1837,136056,1783015402.81756,1783015441.867197,features,iot_zenoh_pico_memory_exhaustion/iot_zenoh_pico_memory_exhaustion/L0/run01/zenoh-iot_zenoh_pico_memory_exhaustion-L0-run01.pcap,
True,L0,iot_zenoh_pico_memory_exhaustion,run02,zenoh,1832,135696,1783015446.081885,1783015485.131446,features,iot_zenoh_pico_memory_exhaustion/iot_zenoh_pico_memory_exhaustion/L0/run02/zenoh-iot_zenoh_pico_memory_exhaustion-L0-run02.pcap,
True,L0,iot_zenoh_pico_memory_exhaustion,run03,zenoh,1838,136128,1783015488.557743,1783015527.604353,features,iot_zenoh_pico_memory_exhaustion/iot_zenoh_pico_memory_exhaustion/L0/run03/zenoh-iot_zenoh_pico_memory_exhaustion-L0-run03.pcap,
True,L0,iot_zenoh_pico_memory_exhaustion,run04,zenoh,1848,136848,1783015530.806388,1783015569.848729,features,iot_zenoh_pico_memory_exhaustion/iot_zenoh_pico_memory_exhaustion/L0/run04/zenoh-iot_zenoh_pico_memory_exhaustion-L0-run04.pcap,
True,L0,iot_zenoh_pico_memory_exhaustion,run05,zenoh,1855,137352,1783015573.198825,1783015612.241999,features,iot_zenoh_pico_memory_exhaustion/iot_zenoh_pico_memory_exhaustion/L0/run05/zenoh-iot_zenoh_pico_memory_exhaustion-L0-run05.pcap,
True,L1,iot_zenoh_pico_memory_exhaustion,run01,zenoh,9359,493549525,1783015615.464713,1783015654.511259,features,iot_zenoh_pico_memory_exhaustion/iot_zenoh_pico_memory_exhaustion/L1/run01/zenoh-iot_zenoh_pico_memory_exhaustion-L1-run01.pcap,
True,L1,iot_zenoh_pico_memory_exhaustion,run02,zenoh,9467,501210388,1783015660.964615,1783015700.012002,features,iot_zenoh_pico_memory_exhaustion/iot_zenoh_pico_memory_exhaustion/L1/run02/zenoh-iot_zenoh_pico_memory_exhaustion-L1-run02.pcap,
True,L1,iot_zenoh_pico_memory_exhaustion,run03,zenoh,9446,499050313,1783015706.760092,1783015745.807627,features,iot_zenoh_pico_memory_exhaustion/iot_zenoh_pico_memory_exhaustion/L1/run03/zenoh-iot_zenoh_pico_memory_exhaustion-L1-run03.pcap,
True,L1,iot_zenoh_pico_memory_exhaustion,run04,zenoh,9479,501080430,1783015752.446069,1783015791.491515,features,iot_zenoh_pico_memory_exhaustion/iot_zenoh_pico_memory_exhaustion/L1/run04/zenoh-iot_zenoh_pico_memory_exhaustion-L1-run04.pcap,
True,L1,iot_zenoh_pico_memory_exhaustion,run05,zenoh,9479,499706799,1783015797.885344,1783015836.936726,features,iot_zenoh_pico_memory_exhaustion/iot_zenoh_pico_memory_exhaustion/L1/run05/zenoh-iot_zenoh_pico_memory_exhaustion-L1-run05.pcap,
True,L2,iot_zenoh_pico_memory_exhaustion,run01,zenoh,9449,498461830,1783015843.578077,1783015882.626301,features,iot_zenoh_pico_memory_exhaustion/iot_zenoh_pico_memory_exhaustion/L2/run01/zenoh-iot_zenoh_pico_memory_exhaustion-L2-run01.pcap,
True,L2,iot_zenoh_pico_memory_exhaustion,run02,zenoh,9515,503241585,1783015889.415303,1783015928.466281,features,iot_zenoh_pico_memory_exhaustion/iot_zenoh_pico_memory_exhaustion/L2/run02/zenoh-iot_zenoh_pico_memory_exhaustion-L2-run02.pcap,
True,L2,iot_zenoh_pico_memory_exhaustion,run03,zenoh,9535,504420423,1783015935.055212,1783015974.098395,features,iot_zenoh_pico_memory_exhaustion/iot_zenoh_pico_memory_exhaustion/L2/run03/zenoh-iot_zenoh_pico_memory_exhaustion-L2-run03.pcap,
True,L2,iot_zenoh_pico_memory_exhaustion,run04,zenoh,9508,502586971,1783015980.760643,1783016019.807876,features,iot_zenoh_pico_memory_exhaustion/iot_zenoh_pico_memory_exhaustion/L2/run04/zenoh-iot_zenoh_pico_memory_exhaustion-L2-run04.pcap,
True,L2,iot_zenoh_pico_memory_exhaustion,run05,zenoh,9520,504288521,1783016026.46716,1783016065.5191,features,iot_zenoh_pico_memory_exhaustion/iot_zenoh_pico_memory_exhaustion/L2/run05/zenoh-iot_zenoh_pico_memory_exhaustion-L2-run05.pcap,
True,L3,iot_zenoh_pico_memory_exhaustion,run01,zenoh,9548,504028869,1783016072.113103,1783016111.166367,features,iot_zenoh_pico_memory_exhaustion/iot_zenoh_pico_memory_exhaustion/L3/run01/zenoh-iot_zenoh_pico_memory_exhaustion-L3-run01.pcap,
True,L3,iot_zenoh_pico_memory_exhaustion,run02,zenoh,9417,496431785,1783016117.812415,1783016156.856011,features,iot_zenoh_pico_memory_exhaustion/iot_zenoh_pico_memory_exhaustion/L3/run02/zenoh-iot_zenoh_pico_memory_exhaustion-L3-run02.pcap,
True,L3,iot_zenoh_pico_memory_exhaustion,run03,zenoh,9471,498986702,1783016163.168533,1783016202.211428,features,iot_zenoh_pico_memory_exhaustion/iot_zenoh_pico_memory_exhaustion/L3/run03/zenoh-iot_zenoh_pico_memory_exhaustion-L3-run03.pcap,
True,L3,iot_zenoh_pico_memory_exhaustion,run04,zenoh,9383,494597829,1783016209.953603,1783016249.003026,features,iot_zenoh_pico_memory_exhaustion/iot_zenoh_pico_memory_exhaustion/L3/run04/zenoh-iot_zenoh_pico_memory_exhaustion-L3-run04.pcap,
True,L3,iot_zenoh_pico_memory_exhaustion,run05,zenoh,9542,504551749,1783016255.220509,1783016294.268487,features,iot_zenoh_pico_memory_exhaustion/iot_zenoh_pico_memory_exhaustion/L3/run05/zenoh-iot_zenoh_pico_memory_exhaustion-L3-run05.pcap,
True,L0,iot_zenoh_pico_proto_fuzzer,run01,zenoh,1826,135264,1783016363.970389,1783016403.014615,features,iot_zenoh_pico_proto_fuzzer/iot_zenoh_pico_proto_fuzzer/L0/run01/zenoh-iot_zenoh_pico_proto_fuzzer-L0-run01.pcap,
True,L0,iot_zenoh_pico_proto_fuzzer,run02,zenoh,1846,136704,1783016406.932836,1783016445.981704,features,iot_zenoh_pico_proto_fuzzer/iot_zenoh_pico_proto_fuzzer/L0/run02/zenoh-iot_zenoh_pico_proto_fuzzer-L0-run02.pcap,
True,L0,iot_zenoh_pico_proto_fuzzer,run03,zenoh,1822,134976,1783016449.257121,1783016488.291921,features,iot_zenoh_pico_proto_fuzzer/iot_zenoh_pico_proto_fuzzer/L0/run03/zenoh-iot_zenoh_pico_proto_fuzzer-L0-run03.pcap,
True,L0,iot_zenoh_pico_proto_fuzzer,run04,zenoh,1828,135408,1783016491.430516,1783016530.478201,features,iot_zenoh_pico_proto_fuzzer/iot_zenoh_pico_proto_fuzzer/L0/run04/zenoh-iot_zenoh_pico_proto_fuzzer-L0-run04.pcap,
True,L0,iot_zenoh_pico_proto_fuzzer,run05,zenoh,1825,135192,1783016533.710068,1783016572.750127,features,iot_zenoh_pico_proto_fuzzer/iot_zenoh_pico_proto_fuzzer/L0/run05/zenoh-iot_zenoh_pico_proto_fuzzer-L0-run05.pcap,
True,L1,iot_zenoh_pico_proto_fuzzer,run01,zenoh,2027,390412,1783016575.981191,1783016615.026676,features,iot_zenoh_pico_proto_fuzzer/iot_zenoh_pico_proto_fuzzer/L1/run01/zenoh-iot_zenoh_pico_proto_fuzzer-L1-run01.pcap,
True,L1,iot_zenoh_pico_proto_fuzzer,run02,zenoh,2035,414138,1783016618.309439,1783016657.353319,features,iot_zenoh_pico_proto_fuzzer/iot_zenoh_pico_proto_fuzzer/L1/run02/zenoh-iot_zenoh_pico_proto_fuzzer-L1-run02.pcap,
True,L1,iot_zenoh_pico_proto_fuzzer,run03,zenoh,2011,385732,1783016660.746147,1783016699.785122,features,iot_zenoh_pico_proto_fuzzer/iot_zenoh_pico_proto_fuzzer/L1/run03/zenoh-iot_zenoh_pico_proto_fuzzer-L1-run03.pcap,
True,L1,iot_zenoh_pico_proto_fuzzer,run04,zenoh,2055,398588,1783016703.160714,1783016742.209788,features,iot_zenoh_pico_proto_fuzzer/iot_zenoh_pico_proto_fuzzer/L1/run04/zenoh-iot_zenoh_pico_proto_fuzzer-L1-run04.pcap,
True,L1,iot_zenoh_pico_proto_fuzzer,run05,zenoh,2023,435338,1783016745.536047,1783016784.585036,features,iot_zenoh_pico_proto_fuzzer/iot_zenoh_pico_proto_fuzzer/L1/run05/zenoh-iot_zenoh_pico_proto_fuzzer-L1-run05.pcap,
True,L2,iot_zenoh_pico_proto_fuzzer,run01,zenoh,2040,400183,1783016787.973759,1783016827.026016,features,iot_zenoh_pico_proto_fuzzer/iot_zenoh_pico_proto_fuzzer/L2/run01/zenoh-iot_zenoh_pico_proto_fuzzer-L2-run01.pcap,
True,L2,iot_zenoh_pico_proto_fuzzer,run02,zenoh,2029,408284,1783016830.374723,1783016869.42336,features,iot_zenoh_pico_proto_fuzzer/iot_zenoh_pico_proto_fuzzer/L2/run02/zenoh-iot_zenoh_pico_proto_fuzzer-L2-run02.pcap,
True,L2,iot_zenoh_pico_proto_fuzzer,run03,zenoh,2023,418380,1783016872.689708,1783016911.737597,features,iot_zenoh_pico_proto_fuzzer/iot_zenoh_pico_proto_fuzzer/L2/run03/zenoh-iot_zenoh_pico_proto_fuzzer-L2-run03.pcap,
True,L2,iot_zenoh_pico_proto_fuzzer,run04,zenoh,2038,433744,1783016915.054584,1783016954.099145,features,iot_zenoh_pico_proto_fuzzer/iot_zenoh_pico_proto_fuzzer/L2/run04/zenoh-iot_zenoh_pico_proto_fuzzer-L2-run04.pcap,
True,L2,iot_zenoh_pico_proto_fuzzer,run05,zenoh,2026,442034,1783016957.465774,1783016996.51945,features,iot_zenoh_pico_proto_fuzzer/iot_zenoh_pico_proto_fuzzer/L2/run05/zenoh-iot_zenoh_pico_proto_fuzzer-L2-run05.pcap,
True,L3,iot_zenoh_pico_proto_fuzzer,run01,zenoh,2041,429179,1783016999.933504,1783017038.981257,features,iot_zenoh_pico_proto_fuzzer/iot_zenoh_pico_proto_fuzzer/L3/run01/zenoh-iot_zenoh_pico_proto_fuzzer-L3-run01.pcap,
True,L3,iot_zenoh_pico_proto_fuzzer,run02,zenoh,2033,433087,1783017042.45718,1783017081.503286,features,iot_zenoh_pico_proto_fuzzer/iot_zenoh_pico_proto_fuzzer/L3/run02/zenoh-iot_zenoh_pico_proto_fuzzer-L3-run02.pcap,
True,L3,iot_zenoh_pico_proto_fuzzer,run03,zenoh,2029,400535,1783017084.978253,1783017124.025994,features,iot_zenoh_pico_proto_fuzzer/iot_zenoh_pico_proto_fuzzer/L3/run03/zenoh-iot_zenoh_pico_proto_fuzzer-L3-run03.pcap,
True,L3,iot_zenoh_pico_proto_fuzzer,run04,zenoh,2032,431157,1783017127.473806,1783017166.523271,features,iot_zenoh_pico_proto_fuzzer/iot_zenoh_pico_proto_fuzzer/L3/run04/zenoh-iot_zenoh_pico_proto_fuzzer-L3-run04.pcap,
True,L3,iot_zenoh_pico_proto_fuzzer,run05,zenoh,2028,459745,1783017169.811712,1783017208.856489,features,iot_zenoh_pico_proto_fuzzer/iot_zenoh_pico_proto_fuzzer/L3/run05/zenoh-iot_zenoh_pico_proto_fuzzer-L3-run05.pcap,
True,L0,iot_zenoh_pico_sequence_exhaustion,run01,zenoh,1847,136776,1783017265.201798,1783017304.246216,features,iot_zenoh_pico_sequence_exhaustion/iot_zenoh_pico_sequence_exhaustion/L0/run01/zenoh-iot_zenoh_pico_sequence_exhaustion-L0-run01.pcap,
True,L0,iot_zenoh_pico_sequence_exhaustion,run02,zenoh,1847,136776,1783017308.398825,1783017347.450639,features,iot_zenoh_pico_sequence_exhaustion/iot_zenoh_pico_sequence_exhaustion/L0/run02/zenoh-iot_zenoh_pico_sequence_exhaustion-L0-run02.pcap,
True,L0,iot_zenoh_pico_sequence_exhaustion,run03,zenoh,1825,135180,1783017350.90647,1783017389.960359,features,iot_zenoh_pico_sequence_exhaustion/iot_zenoh_pico_sequence_exhaustion/L0/run03/zenoh-iot_zenoh_pico_sequence_exhaustion-L0-run03.pcap,
True,L0,iot_zenoh_pico_sequence_exhaustion,run04,zenoh,1845,136608,1783017393.460433,1783017432.510506,features,iot_zenoh_pico_sequence_exhaustion/iot_zenoh_pico_sequence_exhaustion/L0/run04/zenoh-iot_zenoh_pico_sequence_exhaustion-L0-run04.pcap,
True,L0,iot_zenoh_pico_sequence_exhaustion,run05,zenoh,1838,136128,1783017435.799082,1783017474.854209,features,iot_zenoh_pico_sequence_exhaustion/iot_zenoh_pico_sequence_exhaustion/L0/run05/zenoh-iot_zenoh_pico_sequence_exhaustion-L0-run05.pcap,
True,L1,iot_zenoh_pico_sequence_exhaustion,run01,zenoh,5395815,300011099,1783017478.147692,1783017517.517843,features,iot_zenoh_pico_sequence_exhaustion/iot_zenoh_pico_sequence_exhaustion/L1/run01/zenoh-iot_zenoh_pico_sequence_exhaustion-L1-run01.pcap,
True,L1,iot_zenoh_pico_sequence_exhaustion,run02,zenoh,5458809,303531340,1783019088.253807,1783019127.291441,features,iot_zenoh_pico_sequence_exhaustion/iot_zenoh_pico_sequence_exhaustion/L1/run02/zenoh-iot_zenoh_pico_sequence_exhaustion-L1-run02.pcap,
True,L1,iot_zenoh_pico_sequence_exhaustion,run03,zenoh,5435685,302237914,1783020715.129441,1783020754.172748,features,iot_zenoh_pico_sequence_exhaustion/iot_zenoh_pico_sequence_exhaustion/L1/run03/zenoh-iot_zenoh_pico_sequence_exhaustion-L1-run03.pcap,
True,L1,iot_zenoh_pico_sequence_exhaustion,run04,zenoh,5597445,311295532,1783022325.08344,1783022364.13222,features,iot_zenoh_pico_sequence_exhaustion/iot_zenoh_pico_sequence_exhaustion/L1/run04/zenoh-iot_zenoh_pico_sequence_exhaustion-L1-run04.pcap,
True,L1,iot_zenoh_pico_sequence_exhaustion,run05,zenoh,5556781,309016510,1783023976.250437,1783024015.299369,features,iot_zenoh_pico_sequence_exhaustion/iot_zenoh_pico_sequence_exhaustion/L1/run05/zenoh-iot_zenoh_pico_sequence_exhaustion-L1-run05.pcap,
True,L2,iot_zenoh_pico_sequence_exhaustion,run01,zenoh,5449137,302989687,1783025619.380719,1783025658.421929,features,iot_zenoh_pico_sequence_exhaustion/iot_zenoh_pico_sequence_exhaustion/L2/run01/zenoh-iot_zenoh_pico_sequence_exhaustion-L2-run01.pcap,
True,L2,iot_zenoh_pico_sequence_exhaustion,run02,zenoh,5489960,305276130,1783027228.767207,1783027267.812784,features,iot_zenoh_pico_sequence_exhaustion/iot_zenoh_pico_sequence_exhaustion/L2/run02/zenoh-iot_zenoh_pico_sequence_exhaustion-L2-run02.pcap,
True,L2,iot_zenoh_pico_sequence_exhaustion,run03,zenoh,5453422,303229658,1783028841.406964,1783028880.451526,features,iot_zenoh_pico_sequence_exhaustion/iot_zenoh_pico_sequence_exhaustion/L2/run03/zenoh-iot_zenoh_pico_sequence_exhaustion-L2-run03.pcap,
True,L2,iot_zenoh_pico_sequence_exhaustion,run04,zenoh,5456589,303407701,1783030420.63549,1783030459.677973,features,iot_zenoh_pico_sequence_exhaustion/iot_zenoh_pico_sequence_exhaustion/L2/run04/zenoh-iot_zenoh_pico_sequence_exhaustion-L2-run04.pcap,
True,L2,iot_zenoh_pico_sequence_exhaustion,run05,zenoh,5494072,305506113,1783032022.709145,1783032061.753416,features,iot_zenoh_pico_sequence_exhaustion/iot_zenoh_pico_sequence_exhaustion/L2/run05/zenoh-iot_zenoh_pico_sequence_exhaustion-L2-run05.pcap,
True,L3,iot_zenoh_pico_sequence_exhaustion,run01,zenoh,4558055,253088619,1783033640.533724,1783033679.579696,features,iot_zenoh_pico_sequence_exhaustion/iot_zenoh_pico_sequence_exhaustion/L3/run01/zenoh-iot_zenoh_pico_sequence_exhaustion-L3-run01.pcap,
True,L3,iot_zenoh_pico_sequence_exhaustion,run02,zenoh,5492523,305419174,1783034996.120931,1783035035.390086,features,iot_zenoh_pico_sequence_exhaustion/iot_zenoh_pico_sequence_exhaustion/L3/run02/zenoh-iot_zenoh_pico_sequence_exhaustion-L3-run02.pcap,
True,L3,iot_zenoh_pico_sequence_exhaustion,run03,zenoh,5463044,303768514,1783036595.836856,1783036634.80269,features,iot_zenoh_pico_sequence_exhaustion/iot_zenoh_pico_sequence_exhaustion/L3/run03/zenoh-iot_zenoh_pico_sequence_exhaustion-L3-run03.pcap,
True,L3,iot_zenoh_pico_sequence_exhaustion,run04,zenoh,5585834,310644142,1783038185.787138,1783038224.826198,features,iot_zenoh_pico_sequence_exhaustion/iot_zenoh_pico_sequence_exhaustion/L3/run04/zenoh-iot_zenoh_pico_sequence_exhaustion-L3-run04.pcap,
True,L3,iot_zenoh_pico_sequence_exhaustion,run05,zenoh,5284362,293761873,1783039827.873389,1783039866.919693,features,iot_zenoh_pico_sequence_exhaustion/iot_zenoh_pico_sequence_exhaustion/L3/run05/zenoh-iot_zenoh_pico_sequence_exhaustion-L3-run05.pcap,
True,L0,iot_zenoh_pico_timestamp_mess,run01,zenoh,1851,137176,1783041566.195163,1783041605.739528,features,iot_zenoh_pico_timestamp_mess/iot_zenoh_pico_timestamp_mess/L0/run01/zenoh-iot_zenoh_pico_timestamp_mess-L0-run01.pcap,
True,L0,iot_zenoh_pico_timestamp_mess,run02,zenoh,1848,136848,1783041610.316101,1783041649.364315,features,iot_zenoh_pico_timestamp_mess/iot_zenoh_pico_timestamp_mess/L0/run02/zenoh-iot_zenoh_pico_timestamp_mess-L0-run02.pcap,
True,L0,iot_zenoh_pico_timestamp_mess,run03,zenoh,1837,136056,1783041652.708985,1783041691.75462,features,iot_zenoh_pico_timestamp_mess/iot_zenoh_pico_timestamp_mess/L0/run03/zenoh-iot_zenoh_pico_timestamp_mess-L0-run03.pcap,
True,L0,iot_zenoh_pico_timestamp_mess,run04,zenoh,1844,136560,1783041694.964735,1783041734.01241,features,iot_zenoh_pico_timestamp_mess/iot_zenoh_pico_timestamp_mess/L0/run04/zenoh-iot_zenoh_pico_timestamp_mess-L0-run04.pcap,
True,L0,iot_zenoh_pico_timestamp_mess,run05,zenoh,1842,136416,1783041737.283023,1783041776.329343,features,iot_zenoh_pico_timestamp_mess/iot_zenoh_pico_timestamp_mess/L0/run05/zenoh-iot_zenoh_pico_timestamp_mess-L0-run05.pcap,
True,L1,iot_zenoh_pico_timestamp_mess,run01,zenoh,71892,5951452,1783041779.524411,1783041818.571101,features,iot_zenoh_pico_timestamp_mess/iot_zenoh_pico_timestamp_mess/L1/run01/zenoh-iot_zenoh_pico_timestamp_mess-L1-run01.pcap,
True,L1,iot_zenoh_pico_timestamp_mess,run02,zenoh,73935,6121617,1783041842.02116,1783041881.070121,features,iot_zenoh_pico_timestamp_mess/iot_zenoh_pico_timestamp_mess/L1/run02/zenoh-iot_zenoh_pico_timestamp_mess-L1-run02.pcap,
True,L1,iot_zenoh_pico_timestamp_mess,run03,zenoh,72474,6000236,1783041904.750543,1783041943.791141,features,iot_zenoh_pico_timestamp_mess/iot_zenoh_pico_timestamp_mess/L1/run03/zenoh-iot_zenoh_pico_timestamp_mess-L1-run03.pcap,
True,L1,iot_zenoh_pico_timestamp_mess,run04,zenoh,73849,6114595,1783041967.362217,1783042006.411303,features,iot_zenoh_pico_timestamp_mess/iot_zenoh_pico_timestamp_mess/L1/run04/zenoh-iot_zenoh_pico_timestamp_mess-L1-run04.pcap,
True,L1,iot_zenoh_pico_timestamp_mess,run05,zenoh,73763,6107391,1783042030.19328,1783042069.237899,features,iot_zenoh_pico_timestamp_mess/iot_zenoh_pico_timestamp_mess/L1/run05/zenoh-iot_zenoh_pico_timestamp_mess-L1-run05.pcap,
True,L2,iot_zenoh_pico_timestamp_mess,run01,zenoh,72872,6033120,1783042092.944417,1783042131.997374,features,iot_zenoh_pico_timestamp_mess/iot_zenoh_pico_timestamp_mess/L2/run01/zenoh-iot_zenoh_pico_timestamp_mess-L2-run01.pcap,
True,L2,iot_zenoh_pico_timestamp_mess,run02,zenoh,73910,6119287,1783042155.424275,1783042194.472606,features,iot_zenoh_pico_timestamp_mess/iot_zenoh_pico_timestamp_mess/L2/run02/zenoh-iot_zenoh_pico_timestamp_mess-L2-run02.pcap,
True,L2,iot_zenoh_pico_timestamp_mess,run03,zenoh,73844,6114148,1783042218.617263,1783042257.666502,features,iot_zenoh_pico_timestamp_mess/iot_zenoh_pico_timestamp_mess/L2/run03/zenoh-iot_zenoh_pico_timestamp_mess-L2-run03.pcap,
True,L2,iot_zenoh_pico_timestamp_mess,run04,zenoh,74070,6132961,1783042281.328241,1783042320.376246,features,iot_zenoh_pico_timestamp_mess/iot_zenoh_pico_timestamp_mess/L2/run04/zenoh-iot_zenoh_pico_timestamp_mess-L2-run04.pcap,
True,L2,iot_zenoh_pico_timestamp_mess,run05,zenoh,73932,6121529,1783042344.270893,1783042383.315894,features,iot_zenoh_pico_timestamp_mess/iot_zenoh_pico_timestamp_mess/L2/run05/zenoh-iot_zenoh_pico_timestamp_mess-L2-run05.pcap,
True,L3,iot_zenoh_pico_timestamp_mess,run01,zenoh,72714,6019983,1783042407.092945,1783042446.14827,features,iot_zenoh_pico_timestamp_mess/iot_zenoh_pico_timestamp_mess/L3/run01/zenoh-iot_zenoh_pico_timestamp_mess-L3-run01.pcap,
True,L3,iot_zenoh_pico_timestamp_mess,run02,zenoh,74106,6135909,1783042469.584642,1783042508.655919,features,iot_zenoh_pico_timestamp_mess/iot_zenoh_pico_timestamp_mess/L3/run02/zenoh-iot_zenoh_pico_timestamp_mess-L3-run02.pcap,
True,L3,iot_zenoh_pico_timestamp_mess,run03,zenoh,73963,6124017,1783042532.757784,1783042571.810103,features,iot_zenoh_pico_timestamp_mess/iot_zenoh_pico_timestamp_mess/L3/run03/zenoh-iot_zenoh_pico_timestamp_mess-L3-run03.pcap,
True,L3,iot_zenoh_pico_timestamp_mess,run04,zenoh,72332,5988394,1783042595.529222,1783042634.577177,features,iot_zenoh_pico_timestamp_mess/iot_zenoh_pico_timestamp_mess/L3/run04/zenoh-iot_zenoh_pico_timestamp_mess-L3-run04.pcap,
True,L3,iot_zenoh_pico_timestamp_mess,run05,zenoh,74054,6131769,1783042657.553244,1783042696.599993,features,iot_zenoh_pico_timestamp_mess/iot_zenoh_pico_timestamp_mess/L3/run05/zenoh-iot_zenoh_pico_timestamp_mess-L3-run05.pcap,
True,L0,net_arp_spoof,run01,http,19428,8866451,1783042797.968554,1783042837.698083,features,net_arp_spoof/net_arp_spoof/L0/run01/http-net_arp_spoof-L0-run01.pcap,
True,L0,net_arp_spoof,run02,http,19218,8739631,1783042846.591115,1783042886.021831,features,net_arp_spoof/net_arp_spoof/L0/run02/http-net_arp_spoof-L0-run02.pcap,
True,L0,net_arp_spoof,run03,http,19730,8973127,1783042894.230067,1783042934.25371,features,net_arp_spoof/net_arp_spoof/L0/run03/http-net_arp_spoof-L0-run03.pcap,
True,L0,net_arp_spoof,run04,http,19501,8849618,1783042942.206392,1783042982.024879,features,net_arp_spoof/net_arp_spoof/L0/run04/http-net_arp_spoof-L0-run04.pcap,
True,L0,net_arp_spoof,run05,http,19857,9041463,1783042990.019235,1783043030.258167,features,net_arp_spoof/net_arp_spoof/L0/run05/http-net_arp_spoof-L0-run05.pcap,
True,L1,net_arp_spoof,run01,http,20670,9345036,1783043037.851229,1783043078.029453,features,net_arp_spoof/net_arp_spoof/L1/run01/http-net_arp_spoof-L1-run01.pcap,
True,L1,net_arp_spoof,run02,http,20976,9502429,1783043085.851231,1783043126.259299,features,net_arp_spoof/net_arp_spoof/L1/run02/http-net_arp_spoof-L1-run02.pcap,
True,L1,net_arp_spoof,run03,http,20846,9434355,1783043134.026869,1783043174.261473,features,net_arp_spoof/net_arp_spoof/L1/run03/http-net_arp_spoof-L1-run03.pcap,
True,L1,net_arp_spoof,run04,http,20725,9368776,1783043182.228694,1783043222.262476,features,net_arp_spoof/net_arp_spoof/L1/run04/http-net_arp_spoof-L1-run04.pcap,
True,L1,net_arp_spoof,run05,http,20728,9368968,1783043230.257887,1783043270.264311,features,net_arp_spoof/net_arp_spoof/L1/run05/http-net_arp_spoof-L1-run05.pcap,
True,L2,net_arp_spoof,run01,http,20597,9299462,1783043278.788027,1783043318.267575,features,net_arp_spoof/net_arp_spoof/L2/run01/http-net_arp_spoof-L2-run01.pcap,
True,L2,net_arp_spoof,run02,http,20378,9182402,1783043326.813068,1783043366.039136,features,net_arp_spoof/net_arp_spoof/L2/run02/http-net_arp_spoof-L2-run02.pcap,
True,L2,net_arp_spoof,run03,http,20380,9182292,1783043374.81465,1783043414.047614,features,net_arp_spoof/net_arp_spoof/L2/run03/http-net_arp_spoof-L2-run03.pcap,
True,L2,net_arp_spoof,run04,http,20379,9182229,1783043422.877503,1783043462.041872,features,net_arp_spoof/net_arp_spoof/L2/run04/http-net_arp_spoof-L2-run04.pcap,
True,L2,net_arp_spoof,run05,http,20377,9181617,1783043470.895208,1783043510.045706,features,net_arp_spoof/net_arp_spoof/L2/run05/http-net_arp_spoof-L2-run05.pcap,
True,L3,net_arp_spoof,run01,http,20596,9299738,1783043518.527447,1783043558.277647,features,net_arp_spoof/net_arp_spoof/L3/run01/http-net_arp_spoof-L3-run01.pcap,
True,L3,net_arp_spoof,run02,http,20529,9262395,1783043566.559234,1783043606.273932,features,net_arp_spoof/net_arp_spoof/L3/run02/http-net_arp_spoof-L3-run02.pcap,
True,L3,net_arp_spoof,run03,http,20598,9299969,1783043614.783087,1783043654.279816,features,net_arp_spoof/net_arp_spoof/L3/run03/http-net_arp_spoof-L3-run03.pcap,
True,L3,net_arp_spoof,run04,http,20723,9367992,1783043662.90315,1783043703.056772,features,net_arp_spoof/net_arp_spoof/L3/run04/http-net_arp_spoof-L3-run04.pcap,
True,L3,net_arp_spoof,run05,http,20588,9293449,1783043710.90503,1783043750.282855,features,net_arp_spoof/net_arp_spoof/L3/run05/http-net_arp_spoof-L3-run05.pcap,
True,L0,net_cdp_table_flood,run01,http,19581,8871733,1783043819.416849,1783043859.208561,features,net_cdp_table_flood/net_cdp_table_flood/L0/run01/http-net_cdp_table_flood-L0-run01.pcap,
True,L0,net_cdp_table_flood,run02,http,19638,8924700,1783043868.20453,1783043907.882989,features,net_cdp_table_flood/net_cdp_table_flood/L0/run02/http-net_cdp_table_flood-L0-run02.pcap,
True,L0,net_cdp_table_flood,run03,http,20030,9133105,1783043916.058367,1783043956.283797,features,net_cdp_table_flood/net_cdp_table_flood/L0/run03/http-net_cdp_table_flood-L0-run03.pcap,
True,L0,net_cdp_table_flood,run04,http,19797,9009650,1783043963.972661,1783044003.886826,features,net_cdp_table_flood/net_cdp_table_flood/L0/run04/http-net_cdp_table_flood-L0-run04.pcap,
True,L0,net_cdp_table_flood,run05,http,19620,8914051,1783044011.688305,1783044051.278697,features,net_cdp_table_flood/net_cdp_table_flood/L0/run05/http-net_cdp_table_flood-L0-run05.pcap,
True,L1,net_cdp_table_flood,run01,http,19683,8937016,1783044059.691276,1783044099.280745,features,net_cdp_table_flood/net_cdp_table_flood/L1/run01/http-net_cdp_table_flood-L1-run01.pcap,
False,L1,net_cdp_table_flood,run02,http,0,0,,,error,net_cdp_table_flood/net_cdp_table_flood/L1/run02/http-net_cdp_table_flood-L1-run02.pcap,Popen.__init__() got an unexpected keyword argument 'newline'
True,L0,net_dhcp_starvation,run01,http,5398,1100552,1783074954.525911,1783074994.100202,features,net_dhcp_starvation/net_dhcp_starvation/L0/run01/http-net_dhcp_starvation-L0-run01.pcap,
True,L0,net_dhcp_starvation,run02,http,5169,1079545,1783074998.989562,1783075038.748144,features,net_dhcp_starvation/net_dhcp_starvation/L0/run02/http-net_dhcp_starvation-L0-run02.pcap,
True,L0,net_dhcp_starvation,run03,http,5036,1057989,1783075042.573017,1783075081.988811,features,net_dhcp_starvation/net_dhcp_starvation/L0/run03/http-net_dhcp_starvation-L0-run03.pcap,
True,L0,net_dhcp_starvation,run04,http,5069,1060487,1783075085.811406,1783075124.998968,features,net_dhcp_starvation/net_dhcp_starvation/L0/run04/http-net_dhcp_starvation-L0-run04.pcap,
True,L0,net_dhcp_starvation,run05,http,5087,1062719,1783075129.06546,1783075168.04056,features,net_dhcp_starvation/net_dhcp_starvation/L0/run05/http-net_dhcp_starvation-L0-run05.pcap,
True,L1,net_dhcp_starvation,run01,http,6424,1451597,1783075172.132416,1783075211.372007,features,net_dhcp_starvation/net_dhcp_starvation/L1/run01/http-net_dhcp_starvation-L1-run01.pcap,
True,L1,net_dhcp_starvation,run02,http,47372,13036813,1783075215.895145,1783075256.100314,features,net_dhcp_starvation/net_dhcp_starvation/L1/run02/http-net_dhcp_starvation-L1-run02.pcap,
False,L1,net_dhcp_starvation,run03,http,0,0,,,error,net_dhcp_starvation/net_dhcp_starvation/L1/run03/http-net_dhcp_starvation-L1-run03.pcap,Popen.__init__() got an unexpected keyword argument 'newline'
True,L0,net_ipv6_mld_flood,run01,http,5685,1167414,1783171911.380378,1783171951.269765,features,net_ipv6_mld_flood/net_ipv6_mld_flood/L0/run01/http-net_ipv6_mld_flood-L0-run01.pcap,
True,L0,net_ipv6_mld_flood,run02,http,10119,2106497,1783171955.437726,1783171996.35331,features,net_ipv6_mld_flood/net_ipv6_mld_flood/L0/run02/http-net_ipv6_mld_flood-L0-run02.pcap,
True,L0,net_ipv6_mld_flood,run03,http,9876,2059956,1783172001.01549,1783172041.441366,features,net_ipv6_mld_flood/net_ipv6_mld_flood/L0/run03/http-net_ipv6_mld_flood-L0-run03.pcap,
True,L0,net_ipv6_mld_flood,run04,http,9820,2036890,1783172045.758853,1783172086.497817,features,net_ipv6_mld_flood/net_ipv6_mld_flood/L0/run04/http-net_ipv6_mld_flood-L0-run04.pcap,
True,L0,net_ipv6_mld_flood,run05,http,9711,2015481,1783172091.007436,1783172130.529203,features,net_ipv6_mld_flood/net_ipv6_mld_flood/L0/run05/http-net_ipv6_mld_flood-L0-run05.pcap,
True,L1,net_ipv6_mld_flood,run01,http,6909746,636886460,1783172135.4728,1783172177.77498,features,net_ipv6_mld_flood/net_ipv6_mld_flood/L1/run01/http-net_ipv6_mld_flood-L1-run01.pcap,
True,L1,net_ipv6_mld_flood,run02,http,7499157,690545135,1783078667.304718,1783078709.142118,features,net_ipv6_mld_flood/net_ipv6_mld_flood/L1/run02/http-net_ipv6_mld_flood-L1-run02.pcap,
True,L1,net_ipv6_mld_flood,run03,http,7298990,672118261,1783081427.076004,1783081468.482136,features,net_ipv6_mld_flood/net_ipv6_mld_flood/L1/run03/http-net_ipv6_mld_flood-L1-run03.pcap,
True,L1,net_ipv6_mld_flood,run04,http,7796426,717802648,1783084128.693041,1783084168.867923,features,net_ipv6_mld_flood/net_ipv6_mld_flood/L1/run04/http-net_ipv6_mld_flood-L1-run04.pcap,
True,L1,net_ipv6_mld_flood,run05,http,8500884,782619786,1783086948.597482,1783086989.557237,features,net_ipv6_mld_flood/net_ipv6_mld_flood/L1/run05/http-net_ipv6_mld_flood-L1-run05.pcap,
True,L2,net_ipv6_mld_flood,run01,http,8375145,771052000,1783090001.604423,1783090042.922016,features,net_ipv6_mld_flood/net_ipv6_mld_flood/L2/run01/http-net_ipv6_mld_flood-L2-run01.pcap,
True,L2,net_ipv6_mld_flood,run02,http,8369967,770649680,1783092998.146578,1783093039.138379,features,net_ipv6_mld_flood/net_ipv6_mld_flood/L2/run02/http-net_ipv6_mld_flood-L2-run02.pcap,
True,L2,net_ipv6_mld_flood,run03,http,7909405,728196849,1783096011.59352,1783096052.034329,features,net_ipv6_mld_flood/net_ipv6_mld_flood/L2/run03/http-net_ipv6_mld_flood-L2-run03.pcap,
True,L2,net_ipv6_mld_flood,run04,http,8018545,738237398,1783098819.845844,1783098860.21617,features,net_ipv6_mld_flood/net_ipv6_mld_flood/L2/run04/http-net_ipv6_mld_flood-L2-run04.pcap,
True,L2,net_ipv6_mld_flood,run05,http,8360761,769728911,1783101679.519084,1783101720.543133,features,net_ipv6_mld_flood/net_ipv6_mld_flood/L2/run05/http-net_ipv6_mld_flood-L2-run05.pcap,
True,L0,net_ipv6_ns_flood,run01,http,5591,1116431,1783102030.814209,1783102070.755111,features,net_ipv6_ns_flood/net_ipv6_ns_flood/L0/run01/http-net_ipv6_ns_flood-L0-run01.pcap,
True,L0,net_ipv6_ns_flood,run02,http,4815,982922,1783102076.895513,1783102116.61199,features,net_ipv6_ns_flood/net_ipv6_ns_flood/L0/run02/http-net_ipv6_ns_flood-L0-run02.pcap,
True,L0,net_ipv6_ns_flood,run03,http,4799,981796,1783102119.90347,1783102159.75251,features,net_ipv6_ns_flood/net_ipv6_ns_flood/L0/run03/http-net_ipv6_ns_flood-L0-run03.pcap,
True,L0,net_ipv6_ns_flood,run04,http,4798,981444,1783102162.911339,1783102202.722453,features,net_ipv6_ns_flood/net_ipv6_ns_flood/L0/run04/http-net_ipv6_ns_flood-L0-run04.pcap,
True,L0,net_ipv6_ns_flood,run05,http,4797,981168,1783102205.919726,1783102245.594578,features,net_ipv6_ns_flood/net_ipv6_ns_flood/L0/run05/http-net_ipv6_ns_flood-L0-run05.pcap,
True,L1,net_ipv6_ns_flood,run01,http,8221527,756871470,1783102248.927511,1783102289.88693,features,net_ipv6_ns_flood/net_ipv6_ns_flood/L1/run01/http-net_ipv6_ns_flood-L1-run01.pcap,
True,L1,net_ipv6_ns_flood,run02,http,7854612,723149189,1783103913.997394,1783103954.970202,features,net_ipv6_ns_flood/net_ipv6_ns_flood/L1/run02/http-net_ipv6_ns_flood-L1-run02.pcap,
True,L1,net_ipv6_ns_flood,run03,http,7830897,720981109,1783105505.120711,1783105545.695679,features,net_ipv6_ns_flood/net_ipv6_ns_flood/L1/run03/http-net_ipv6_ns_flood-L1-run03.pcap,
True,L1,net_ipv6_ns_flood,run04,http,6854720,631146571,1783107094.646417,1783107137.310589,features,net_ipv6_ns_flood/net_ipv6_ns_flood/L1/run04/http-net_ipv6_ns_flood-L1-run04.pcap,
True,L1,net_ipv6_ns_flood,run05,http,7763566,714786583,1783108493.068035,1783108533.186617,features,net_ipv6_ns_flood/net_ipv6_ns_flood/L1/run05/http-net_ipv6_ns_flood-L1-run05.pcap,
True,L2,net_ipv6_ns_flood,run01,http,8008675,737336427,1783110061.062013,1783110102.144925,features,net_ipv6_ns_flood/net_ipv6_ns_flood/L2/run01/http-net_ipv6_ns_flood-L2-run01.pcap,
True,L2,net_ipv6_ns_flood,run02,http,8079936,743865041,1783111677.408231,1783111718.869613,features,net_ipv6_ns_flood/net_ipv6_ns_flood/L2/run02/http-net_ipv6_ns_flood-L2-run02.pcap,
True,L2,net_ipv6_ns_flood,run03,http,8184692,753530240,1783113319.063769,1783113360.064682,features,net_ipv6_ns_flood/net_ipv6_ns_flood/L2/run03/http-net_ipv6_ns_flood-L2-run03.pcap,
True,L2,net_ipv6_ns_flood,run04,http,7900745,727393253,1783114972.000122,1783115013.002573,features,net_ipv6_ns_flood/net_ipv6_ns_flood/L2/run04/http-net_ipv6_ns_flood-L2-run04.pcap,
True,L2,net_ipv6_ns_flood,run05,http,8127932,748301561,1783116563.534481,1783116604.479788,features,net_ipv6_ns_flood/net_ipv6_ns_flood/L2/run05/http-net_ipv6_ns_flood-L2-run05.pcap,
True,L3,net_ipv6_ns_flood,run01,http,8022791,738635746,1783118198.982348,1783118240.032049,features,net_ipv6_ns_flood/net_ipv6_ns_flood/L3/run01/http-net_ipv6_ns_flood-L3-run01.pcap,
True,L3,net_ipv6_ns_flood,run02,http,6270011,577339643,1783119813.869185,1783119854.939752,features,net_ipv6_ns_flood/net_ipv6_ns_flood/L3/run02/http-net_ipv6_ns_flood-L3-run02.pcap,
True,L3,net_ipv6_ns_flood,run03,http,7659049,705163724,1783121091.299986,1783121132.28957,features,net_ipv6_ns_flood/net_ipv6_ns_flood/L3/run03/http-net_ipv6_ns_flood-L3-run03.pcap,
True,L3,net_ipv6_ns_flood,run04,http,7781270,716402179,1783122634.79191,1783122675.777405,features,net_ipv6_ns_flood/net_ipv6_ns_flood/L3/run04/http-net_ipv6_ns_flood-L3-run04.pcap,
True,L3,net_ipv6_ns_flood,run05,http,8204444,755327284,1783124206.888028,1783124247.909206,features,net_ipv6_ns_flood/net_ipv6_ns_flood/L3/run05/http-net_ipv6_ns_flood-L3-run05.pcap,
True,L0,net_ipv6_ra_flood,run01,http,4805,981692,1783126031.6496,1783126071.048983,features,net_ipv6_ra_flood/net_ipv6_ra_flood/L0/run01/http-net_ipv6_ra_flood-L0-run01.pcap,
True,L0,net_ipv6_ra_flood,run02,http,4800,981344,1783126076.841368,1783126116.173293,features,net_ipv6_ra_flood/net_ipv6_ra_flood/L0/run02/http-net_ipv6_ra_flood-L0-run02.pcap,
True,L0,net_ipv6_ra_flood,run03,http,4806,982458,1783126119.624325,1783126158.983415,features,net_ipv6_ra_flood/net_ipv6_ra_flood/L0/run03/http-net_ipv6_ra_flood-L0-run03.pcap,
True,L0,net_ipv6_ra_flood,run04,http,4795,981204,1783126162.552069,1783126201.985196,features,net_ipv6_ra_flood/net_ipv6_ra_flood/L0/run04/http-net_ipv6_ra_flood-L0-run04.pcap,
True,L0,net_ipv6_ra_flood,run05,http,4796,981072,1783126205.060709,1783126244.796397,features,net_ipv6_ra_flood/net_ipv6_ra_flood/L0/run05/http-net_ipv6_ra_flood-L0-run05.pcap,
True,L1,net_ipv6_ra_flood,run01,http,3526155,437600947,1783126248.064636,1783126289.024572,features,net_ipv6_ra_flood/net_ipv6_ra_flood/L1/run01/http-net_ipv6_ra_flood-L1-run01.pcap,
True,L1,net_ipv6_ra_flood,run02,http,3563410,442246529,1783127261.953003,1783127302.912832,features,net_ipv6_ra_flood/net_ipv6_ra_flood/L1/run02/http-net_ipv6_ra_flood-L1-run02.pcap,
True,L1,net_ipv6_ra_flood,run03,http,2632491,326718809,1783128282.853125,1783128324.065224,features,net_ipv6_ra_flood/net_ipv6_ra_flood/L1/run03/http-net_ipv6_ra_flood-L1-run03.pcap,
True,L1,net_ipv6_ra_flood,run04,http,3431121,425842561,1783129052.148051,1783129092.161385,features,net_ipv6_ra_flood/net_ipv6_ra_flood/L1/run04/http-net_ipv6_ra_flood-L1-run04.pcap,
True,L1,net_ipv6_ra_flood,run05,http,3604452,447335693,1783130043.266202,1783130083.520583,features,net_ipv6_ra_flood/net_ipv6_ra_flood/L1/run05/http-net_ipv6_ra_flood-L1-run05.pcap,
True,L2,net_ipv6_ra_flood,run01,http,2617827,324988877,1783131072.832052,1783131113.79205,features,net_ipv6_ra_flood/net_ipv6_ra_flood/L2/run01/http-net_ipv6_ra_flood-L2-run01.pcap,
True,L2,net_ipv6_ra_flood,run02,http,3614814,448619925,1783131837.824397,1783131878.784496,features,net_ipv6_ra_flood/net_ipv6_ra_flood/L2/run02/http-net_ipv6_ra_flood-L2-run02.pcap,
True,L2,net_ipv6_ra_flood,run03,http,2784245,345584673,1783132878.821322,1783132919.301294,features,net_ipv6_ra_flood/net_ipv6_ra_flood/L2/run03/http-net_ipv6_ra_flood-L2-run03.pcap,
True,L2,net_ipv6_ra_flood,run04,http,3582011,444553044,1783133690.401319,1783133731.393281,features,net_ipv6_ra_flood/net_ipv6_ra_flood/L2/run04/http-net_ipv6_ra_flood-L2-run04.pcap,
True,L2,net_ipv6_ra_flood,run05,http,2935445,364344241,1783134726.602997,1783134766.784365,features,net_ipv6_ra_flood/net_ipv6_ra_flood/L2/run05/http-net_ipv6_ra_flood-L2-run05.pcap,
True,L3,net_ipv6_ra_flood,run01,http,3467739,430382827,1783135579.38025,1783135619.992982,features,net_ipv6_ra_flood/net_ipv6_ra_flood/L3/run01/http-net_ipv6_ra_flood-L3-run01.pcap,
True,L3,net_ipv6_ra_flood,run02,http,3213408,398841076,1783136582.560146,1783136623.53741,features,net_ipv6_ra_flood/net_ipv6_ra_flood/L3/run02/http-net_ipv6_ra_flood-L3-run02.pcap,
True,L3,net_ipv6_ra_flood,run03,http,3469148,430557935,1783137513.465552,1783137553.736352,features,net_ipv6_ra_flood/net_ipv6_ra_flood/L3/run03/http-net_ipv6_ra_flood-L3-run03.pcap,
True,L3,net_ipv6_ra_flood,run04,http,2939262,364822686,1783138512.694,1783138552.996323,features,net_ipv6_ra_flood/net_ipv6_ra_flood/L3/run04/http-net_ipv6_ra_flood-L3-run04.pcap,
True,L3,net_ipv6_ra_flood,run05,http,3562222,442099256,1783139365.113373,1783139405.364074,features,net_ipv6_ra_flood/net_ipv6_ra_flood/L3/run05/http-net_ipv6_ra_flood-L3-run05.pcap,
True,L0,net_stp_conf_flood,run01,http,4801,980805,1783140510.903833,1783140550.469674,features,net_stp_conf_flood/net_stp_conf_flood/L0/run01/http-net_stp_conf_flood-L0-run01.pcap,
True,L0,net_stp_conf_flood,run02,http,4802,981813,1783140556.09063,1783140595.45969,features,net_stp_conf_flood/net_stp_conf_flood/L0/run02/http-net_stp_conf_flood-L0-run02.pcap,
True,L0,net_stp_conf_flood,run03,http,4803,982017,1783140598.974614,1783140638.317771,features,net_stp_conf_flood/net_stp_conf_flood/L0/run03/http-net_stp_conf_flood-L0-run03.pcap,
True,L0,net_stp_conf_flood,run04,http,4796,980972,1783140641.376093,1783140681.192372,features,net_stp_conf_flood/net_stp_conf_flood/L0/run04/http-net_stp_conf_flood-L0-run04.pcap,
True,L0,net_stp_conf_flood,run05,http,4796,981369,1783140684.384054,1783140724.077755,features,net_stp_conf_flood/net_stp_conf_flood/L0/run05/http-net_stp_conf_flood-L0-run05.pcap,
True,L1,net_stp_conf_flood,run01,http,171687,10661309,1783140727.392074,1783140766.985882,features,net_stp_conf_flood/net_stp_conf_flood/L1/run01/http-net_stp_conf_flood-L1-run01.pcap,
True,L1,net_stp_conf_flood,run02,http,111128,7148972,1783140789.614228,1783140828.98859,features,net_stp_conf_flood/net_stp_conf_flood/L1/run02/http-net_stp_conf_flood-L1-run02.pcap,
True,L1,net_stp_conf_flood,run03,http,67470,4616107,1783140844.128141,1783140884.063997,features,net_stp_conf_flood/net_stp_conf_flood/L1/run03/http-net_stp_conf_flood-L1-run03.pcap,
True,L1,net_stp_conf_flood,run04,http,100025,6503616,1783140894.304224,1783140934.240507,features,net_stp_conf_flood/net_stp_conf_flood/L1/run04/http-net_stp_conf_flood-L1-run04.pcap,
True,L1,net_stp_conf_flood,run05,http,202176,12419863,1783140948.534466,1783140987.551922,features,net_stp_conf_flood/net_stp_conf_flood/L1/run05/http-net_stp_conf_flood-L1-run05.pcap,
True,L2,net_stp_conf_flood,run01,http,181242,11214182,1783141013.732753,1783141053.538503,features,net_stp_conf_flood/net_stp_conf_flood/L2/run01/http-net_stp_conf_flood-L2-run01.pcap,
True,L2,net_stp_conf_flood,run02,http,210052,12885354,1783141077.526527,1783141117.026422,features,net_stp_conf_flood/net_stp_conf_flood/L2/run02/http-net_stp_conf_flood-L2-run02.pcap,
True,L2,net_stp_conf_flood,run03,http,39268,2980311,1783141144.075617,1783141183.520021,features,net_stp_conf_flood/net_stp_conf_flood/L2/run03/http-net_stp_conf_flood-L2-run03.pcap,
True,L2,net_stp_conf_flood,run04,http,48247,3492830,1783141191.093722,1783141230.24402,features,net_stp_conf_flood/net_stp_conf_flood/L2/run04/http-net_stp_conf_flood-L2-run04.pcap,
True,L2,net_stp_conf_flood,run05,http,65073,4477646,1783141239.200131,1783141278.96255,features,net_stp_conf_flood/net_stp_conf_flood/L2/run05/http-net_stp_conf_flood-L2-run05.pcap,
True,L3,net_stp_conf_flood,run01,http,47136,3436231,1783141289.565611,1783141329.045967,features,net_stp_conf_flood/net_stp_conf_flood/L3/run01/http-net_stp_conf_flood-L3-run01.pcap,
True,L3,net_stp_conf_flood,run02,http,65213,4484528,1783141337.020196,1783141376.883559,features,net_stp_conf_flood/net_stp_conf_flood/L3/run02/http-net_stp_conf_flood-L3-run02.pcap,
True,L3,net_stp_conf_flood,run03,http,125733,7995526,1783141387.462993,1783141426.880839,features,net_stp_conf_flood/net_stp_conf_flood/L3/run03/http-net_stp_conf_flood-L3-run03.pcap,
True,L3,net_stp_conf_flood,run04,http,70441,4780364,1783141444.288151,1783141484.229927,features,net_stp_conf_flood/net_stp_conf_flood/L3/run04/http-net_stp_conf_flood-L3-run04.pcap,
True,L3,net_stp_conf_flood,run05,http,160721,10016212,1783141495.401196,1783141534.400127,features,net_stp_conf_flood/net_stp_conf_flood/L3/run05/http-net_stp_conf_flood-L3-run05.pcap,
True,L0,net_stp_tcn_flood,run01,http,4861,994220,1783141622.174327,1783141662.094247,features,net_stp_tcn_flood/net_stp_tcn_flood/L0/run01/http-net_stp_tcn_flood-L0-run01.pcap,
True,L0,net_stp_tcn_flood,run02,http,4802,981547,1783141666.528073,1783141706.086902,features,net_stp_tcn_flood/net_stp_tcn_flood/L0/run02/http-net_stp_tcn_flood-L0-run02.pcap,
True,L0,net_stp_tcn_flood,run03,http,4737,969184,1783141709.540136,1783141748.673811,features,net_stp_tcn_flood/net_stp_tcn_flood/L0/run03/http-net_stp_tcn_flood-L0-run03.pcap,
True,L0,net_stp_tcn_flood,run04,http,4735,969104,1783141752.576074,1783141791.760901,features,net_stp_tcn_flood/net_stp_tcn_flood/L0/run04/http-net_stp_tcn_flood-L0-run04.pcap,
True,L0,net_stp_tcn_flood,run05,http,4744,969566,1783141795.511499,1783141834.828178,features,net_stp_tcn_flood/net_stp_tcn_flood/L0/run05/http-net_stp_tcn_flood-L0-run05.pcap,
True,L1,net_stp_tcn_flood,run01,http,47837,2134470,1783141838.628092,1783141878.560026,features,net_stp_tcn_flood/net_stp_tcn_flood/L1/run01/http-net_stp_tcn_flood-L1-run01.pcap,
False,L1,net_stp_tcn_flood,run02,http,0,0,,,error,net_stp_tcn_flood/net_stp_tcn_flood/L1/run02/http-net_stp_tcn_flood-L1-run02.pcap,Popen.__init__() got an unexpected keyword argument 'newline'
True,L0,php_lfi_enumeration,run01,http,1600,329040,1783173053.436761,1783173093.305552,features,php_lfi_enumeration/php_lfi_enumeration/L0/run01/http-php_lfi_enumeration-L0-run01.pcap,
True,L0,php_lfi_enumeration,run02,http,1560,320814,1783173096.814481,1783173135.784687,features,php_lfi_enumeration/php_lfi_enumeration/L0/run02/http-php_lfi_enumeration-L0-run02.pcap,
True,L0,php_lfi_enumeration,run03,http,1580,324927,1783173139.052772,1783173178.454814,features,php_lfi_enumeration/php_lfi_enumeration/L0/run03/http-php_lfi_enumeration-L0-run03.pcap,
True,L0,php_lfi_enumeration,run04,http,1580,324927,1783173181.363502,1783173220.813186,features,php_lfi_enumeration/php_lfi_enumeration/L0/run04/http-php_lfi_enumeration-L0-run04.pcap,
True,L0,php_lfi_enumeration,run05,http,1560,320814,1783173223.640199,1783173262.656173,features,php_lfi_enumeration/php_lfi_enumeration/L0/run05/http-php_lfi_enumeration-L0-run05.pcap,
True,L1,php_lfi_enumeration,run01,http,66288,14030992,1783173266.011028,1783173305.397056,features,php_lfi_enumeration/php_lfi_enumeration/L1/run01/http-php_lfi_enumeration-L1-run01.pcap,
True,L1,php_lfi_enumeration,run02,http,66110,13992952,1783173326.778812,1783173366.182109,features,php_lfi_enumeration/php_lfi_enumeration/L1/run02/http-php_lfi_enumeration-L1-run02.pcap,
True,L1,php_lfi_enumeration,run03,http,70200,14858716,1783173387.275072,1783173426.323881,features,php_lfi_enumeration/php_lfi_enumeration/L1/run03/http-php_lfi_enumeration-L1-run03.pcap,
True,L1,php_lfi_enumeration,run04,http,72028,15246482,1783173448.582956,1783173487.863787,features,php_lfi_enumeration/php_lfi_enumeration/L1/run04/http-php_lfi_enumeration-L1-run04.pcap,
True,L1,php_lfi_enumeration,run05,http,70318,14883853,1783173510.464808,1783173549.944599,features,php_lfi_enumeration/php_lfi_enumeration/L1/run05/http-php_lfi_enumeration-L1-run05.pcap,
True,L2,php_lfi_enumeration,run01,http,69410,14690779,1783173572.471907,1783173611.823052,features,php_lfi_enumeration/php_lfi_enumeration/L2/run01/http-php_lfi_enumeration-L2-run01.pcap,
True,L2,php_lfi_enumeration,run02,http,71020,15032326,1783173632.674076,1783173671.990183,features,php_lfi_enumeration/php_lfi_enumeration/L2/run02/http-php_lfi_enumeration-L2-run02.pcap,
True,L2,php_lfi_enumeration,run03,http,69239,14654662,1783173693.043378,1783173732.377025,features,php_lfi_enumeration/php_lfi_enumeration/L2/run03/http-php_lfi_enumeration-L2-run03.pcap,
True,L2,php_lfi_enumeration,run04,http,71608,15157364,1783173753.131064,1783173792.441474,features,php_lfi_enumeration/php_lfi_enumeration/L2/run04/http-php_lfi_enumeration-L2-run04.pcap,
True,L2,php_lfi_enumeration,run05,http,71249,15080944,1783173814.110276,1783173853.429859,features,php_lfi_enumeration/php_lfi_enumeration/L2/run05/http-php_lfi_enumeration-L2-run05.pcap,
True,L3,php_lfi_enumeration,run01,http,71718,15180653,1783173874.907306,1783173914.231529,features,php_lfi_enumeration/php_lfi_enumeration/L3/run01/http-php_lfi_enumeration-L3-run01.pcap,
True,L3,php_lfi_enumeration,run02,http,71838,15206048,1783173936.299168,1783173975.604485,features,php_lfi_enumeration/php_lfi_enumeration/L3/run02/http-php_lfi_enumeration-L3-run02.pcap,
True,L3,php_lfi_enumeration,run03,http,71788,15195349,1783173997.028174,1783174036.336725,features,php_lfi_enumeration/php_lfi_enumeration/L3/run03/http-php_lfi_enumeration-L3-run03.pcap,
True,L3,php_lfi_enumeration,run04,http,71460,15125551,1783174058.152806,1783174097.491602,features,php_lfi_enumeration/php_lfi_enumeration/L3/run04/http-php_lfi_enumeration-L3-run04.pcap,
True,L3,php_lfi_enumeration,run05,http,70930,15013393,1783174120.07798,1783174159.399323,features,php_lfi_enumeration/php_lfi_enumeration/L3/run05/http-php_lfi_enumeration-L3-run05.pcap,
True,L0,recon_arp_scan,run01,http,4859,994092,1783174255.222773,1783174295.091574,features,recon_arp_scan/recon_arp_scan/L0/run01/http-recon_arp_scan-L0-run01.pcap,
True,L0,recon_arp_scan,run02,http,4803,981541,1783174299.397537,1783174338.740864,features,recon_arp_scan/recon_arp_scan/L0/run02/http-recon_arp_scan-L0-run02.pcap,
True,L0,recon_arp_scan,run03,http,4797,981124,1783174342.342424,1783174381.751139,features,recon_arp_scan/recon_arp_scan/L0/run03/http-recon_arp_scan-L0-run03.pcap,
True,L0,recon_arp_scan,run04,http,4797,981058,1783174385.347081,1783174424.727318,features,recon_arp_scan/recon_arp_scan/L0/run04/http-recon_arp_scan-L0-run04.pcap,
True,L0,recon_arp_scan,run05,http,4795,980992,1783174428.498905,1783174467.893095,features,recon_arp_scan/recon_arp_scan/L0/run05/http-recon_arp_scan-L0-run05.pcap,
True,L1,recon_arp_scan,run01,http,117067,6371301,1783174471.373898,1783174510.72447,features,recon_arp_scan/recon_arp_scan/L1/run01/http-recon_arp_scan-L1-run01.pcap,
True,L1,recon_arp_scan,run02,http,117042,6369433,1783174531.787628,1783174571.14765,features,recon_arp_scan/recon_arp_scan/L1/run02/http-recon_arp_scan-L1-run02.pcap,
True,L1,recon_arp_scan,run03,http,120548,6537552,1783174592.546088,1783174632.029046,features,recon_arp_scan/recon_arp_scan/L1/run03/http-recon_arp_scan-L1-run03.pcap,
True,L1,recon_arp_scan,run04,http,120879,6553302,1783174653.392015,1783174692.929724,features,recon_arp_scan/recon_arp_scan/L1/run04/http-recon_arp_scan-L1-run04.pcap,
True,L1,recon_arp_scan,run05,http,121771,6596368,1783174714.433946,1783174753.866287,features,recon_arp_scan/recon_arp_scan/L1/run05/http-recon_arp_scan-L1-run05.pcap,
True,L2,recon_arp_scan,run01,http,121815,6598515,1783174775.687224,1783174815.047165,features,recon_arp_scan/recon_arp_scan/L2/run01/http-recon_arp_scan-L2-run01.pcap,
True,L2,recon_arp_scan,run02,http,121603,6588425,1783174836.289653,1783174876.226076,features,recon_arp_scan/recon_arp_scan/L2/run02/http-recon_arp_scan-L2-run02.pcap,
True,L2,recon_arp_scan,run03,http,121755,6595066,1783174897.729612,1783174937.153971,features,recon_arp_scan/recon_arp_scan/L2/run03/http-recon_arp_scan-L2-run03.pcap,
True,L2,recon_arp_scan,run04,http,121445,6581023,1783174958.806379,1783174998.230582,features,recon_arp_scan/recon_arp_scan/L2/run04/http-recon_arp_scan-L2-run04.pcap,
True,L2,recon_arp_scan,run05,http,121973,6606659,1783175020.051156,1783175059.627088,features,recon_arp_scan/recon_arp_scan/L2/run05/http-recon_arp_scan-L2-run05.pcap,
True,L3,recon_arp_scan,run01,http,121827,6598836,1783175081.089219,1783175121.025272,features,recon_arp_scan/recon_arp_scan/L3/run01/http-recon_arp_scan-L3-run01.pcap,
True,L3,recon_arp_scan,run02,http,121371,6577185,1783175142.529261,1783175182.123483,features,recon_arp_scan/recon_arp_scan/L3/run02/http-recon_arp_scan-L3-run02.pcap,
True,L3,recon_arp_scan,run03,http,121705,6592664,1783175203.614632,1783175243.037656,features,recon_arp_scan/recon_arp_scan/L3/run03/http-recon_arp_scan-L3-run03.pcap,
True,L3,recon_arp_scan,run04,http,121804,6597759,1783175264.361909,1783175304.32115,features,recon_arp_scan/recon_arp_scan/L3/run04/http-recon_arp_scan-L3-run04.pcap,
True,L3,recon_arp_scan,run05,http,121688,6592274,1783175325.825043,1783175365.761114,features,recon_arp_scan/recon_arp_scan/L3/run05/http-recon_arp_scan-L3-run05.pcap,
True,L0,recon_ping_sweep,run01,http,4859,993350,1783175457.004391,1783175496.924691,features,recon_ping_sweep/recon_ping_sweep/L0/run01/http-recon_ping_sweep-L0-run01.pcap,
True,L0,recon_ping_sweep,run02,http,4806,982879,1783175500.928918,1783175540.667613,features,recon_ping_sweep/recon_ping_sweep/L0/run02/http-recon_ping_sweep-L0-run02.pcap,
True,L0,recon_ping_sweep,run03,http,4800,981565,1783175543.936833,1783175583.82972,features,recon_ping_sweep/recon_ping_sweep/L0/run03/http-recon_ping_sweep-L0-run03.pcap,
True,L0,recon_ping_sweep,run04,http,4802,981235,1783175587.477126,1783175626.880858,features,recon_ping_sweep/recon_ping_sweep/L0/run04/http-recon_ping_sweep-L0-run04.pcap,
True,L0,recon_ping_sweep,run05,http,4804,982236,1783175629.956841,1783175669.736534,features,recon_ping_sweep/recon_ping_sweep/L0/run05/http-recon_ping_sweep-L0-run05.pcap,
True,L1,recon_ping_sweep,run01,http,44995,2913802,1783175672.960763,1783175712.613004,features,recon_ping_sweep/recon_ping_sweep/L1/run01/http-recon_ping_sweep-L1-run01.pcap,
True,L1,recon_ping_sweep,run02,http,45622,2944716,1783175722.116754,1783175761.888197,features,recon_ping_sweep/recon_ping_sweep/L1/run02/http-recon_ping_sweep-L1-run02.pcap,
True,L1,recon_ping_sweep,run03,http,47039,3011748,1783175771.880767,1783175811.413934,features,recon_ping_sweep/recon_ping_sweep/L1/run03/http-recon_ping_sweep-L1-run03.pcap,
True,L1,recon_ping_sweep,run04,http,45886,2957010,1783175821.440614,1783175861.376664,features,recon_ping_sweep/recon_ping_sweep/L1/run04/http-recon_ping_sweep-L1-run04.pcap,
True,L1,recon_ping_sweep,run05,http,46494,2975870,1783175871.492324,1783175910.52861,features,recon_ping_sweep/recon_ping_sweep/L1/run05/http-recon_ping_sweep-L1-run05.pcap,
True,L2,recon_ping_sweep,run01,http,39488,2649265,1783175920.769179,1783175960.297434,features,recon_ping_sweep/recon_ping_sweep/L2/run01/http-recon_ping_sweep-L2-run01.pcap,
True,L2,recon_ping_sweep,run02,http,45920,2957528,1783175969.388083,1783176008.864534,features,recon_ping_sweep/recon_ping_sweep/L2/run02/http-recon_ping_sweep-L2-run02.pcap,
True,L2,recon_ping_sweep,run03,http,47057,3003066,1783176018.744361,1783176058.016618,features,recon_ping_sweep/recon_ping_sweep/L2/run03/http-recon_ping_sweep-L2-run03.pcap,
True,L2,recon_ping_sweep,run04,http,47120,3015934,1783176068.257651,1783176107.979977,features,recon_ping_sweep/recon_ping_sweep/L2/run04/http-recon_ping_sweep-L2-run04.pcap,
True,L2,recon_ping_sweep,run05,http,45474,2936360,1783176117.996765,1783176157.380532,features,recon_ping_sweep/recon_ping_sweep/L2/run05/http-recon_ping_sweep-L2-run05.pcap,
True,L3,recon_ping_sweep,run01,http,40614,2693278,1783176167.35404,1783176206.296578,features,recon_ping_sweep/recon_ping_sweep/L3/run01/http-recon_ping_sweep-L3-run01.pcap,
True,L3,recon_ping_sweep,run02,http,45222,2924259,1783176215.744611,1783176255.369942,features,recon_ping_sweep/recon_ping_sweep/L3/run02/http-recon_ping_sweep-L3-run02.pcap,
True,L3,recon_ping_sweep,run03,http,44711,2900830,1783176265.392091,1783176304.839733,features,recon_ping_sweep/recon_ping_sweep/L3/run03/http-recon_ping_sweep-L3-run03.pcap,
True,L3,recon_ping_sweep,run04,http,43791,2856180,1783176314.714984,1783176354.111402,features,recon_ping_sweep/recon_ping_sweep/L3/run04/http-recon_ping_sweep-L3-run04.pcap,
True,L3,recon_ping_sweep,run05,http,45787,2951879,1783176363.961863,1783176403.318804,features,recon_ping_sweep/recon_ping_sweep/L3/run05/http-recon_ping_sweep-L3-run05.pcap,
True,L0,recon_port_scanner_aggressive,run01,http,4858,993206,1783176478.588738,1783176518.477443,features,recon_port_scanner_aggressive/recon_port_scanner_aggressive/L0/run01/http-recon_port_scanner_aggressive-L0-run01.pcap,
True,L0,recon_port_scanner_aggressive,run02,http,4798,982265,1783176522.808213,1783176562.173703,features,recon_port_scanner_aggressive/recon_port_scanner_aggressive/L0/run02/http-recon_port_scanner_aggressive-L0-run02.pcap,
True,L0,recon_port_scanner_aggressive,run03,http,4802,981522,1783176565.43073,1783176605.079592,features,recon_port_scanner_aggressive/recon_port_scanner_aggressive/L0/run03/http-recon_port_scanner_aggressive-L0-run03.pcap,
True,L0,recon_port_scanner_aggressive,run04,http,4792,980371,1783176608.585441,1783176647.964969,features,recon_port_scanner_aggressive/recon_port_scanner_aggressive/L0/run04/http-recon_port_scanner_aggressive-L0-run04.pcap,
True,L0,recon_port_scanner_aggressive,run05,http,4804,982908,1783176651.494487,1783176690.916241,features,recon_port_scanner_aggressive/recon_port_scanner_aggressive/L0/run05/http-recon_port_scanner_aggressive-L0-run05.pcap,
True,L1,recon_port_scanner_aggressive,run01,http,9673,1339618,1783176693.984207,1783176733.920262,features,recon_port_scanner_aggressive/recon_port_scanner_aggressive/L1/run01/http-recon_port_scanner_aggressive-L1-run01.pcap,
True,L1,recon_port_scanner_aggressive,run02,http,9606,1326377,1783176738.01714,1783176777.371775,features,recon_port_scanner_aggressive/recon_port_scanner_aggressive/L1/run02/http-recon_port_scanner_aggressive-L1-run02.pcap,
True,L1,recon_port_scanner_aggressive,run03,http,9712,1348800,1783176782.095622,1783176822.467919,features,recon_port_scanner_aggressive/recon_port_scanner_aggressive/L1/run03/http-recon_port_scanner_aggressive-L1-run03.pcap,
True,L1,recon_port_scanner_aggressive,run04,http,9645,1335309,1783176826.705099,1783176865.615358,features,recon_port_scanner_aggressive/recon_port_scanner_aggressive/L1/run04/http-recon_port_scanner_aggressive-L1-run04.pcap,
True,L1,recon_port_scanner_aggressive,run05,http,9665,1338911,1783176870.757624,1783176910.106681,features,recon_port_scanner_aggressive/recon_port_scanner_aggressive/L1/run05/http-recon_port_scanner_aggressive-L1-run05.pcap,
True,L2,recon_port_scanner_aggressive,run01,http,9707,1347805,1783176914.751002,1783176954.178175,features,recon_port_scanner_aggressive/recon_port_scanner_aggressive/L2/run01/http-recon_port_scanner_aggressive-L2-run01.pcap,
True,L2,recon_port_scanner_aggressive,run02,http,9707,1347471,1783176958.857486,1783176998.20994,features,recon_port_scanner_aggressive/recon_port_scanner_aggressive/L2/run02/http-recon_port_scanner_aggressive-L2-run02.pcap,
True,L2,recon_port_scanner_aggressive,run03,http,9712,1348715,1783177002.906311,1783177042.342734,features,recon_port_scanner_aggressive/recon_port_scanner_aggressive/L2/run03/http-recon_port_scanner_aggressive-L2-run03.pcap,
True,L2,recon_port_scanner_aggressive,run04,http,9710,1347739,1783177047.070436,1783177086.424328,features,recon_port_scanner_aggressive/recon_port_scanner_aggressive/L2/run04/http-recon_port_scanner_aggressive-L2-run04.pcap,
True,L2,recon_port_scanner_aggressive,run05,http,9928,1355645,1783177091.050565,1783177129.974883,features,recon_port_scanner_aggressive/recon_port_scanner_aggressive/L2/run05/http-recon_port_scanner_aggressive-L2-run05.pcap,
True,L3,recon_port_scanner_aggressive,run01,http,9709,1348151,1783177135.360189,1783177175.296196,features,recon_port_scanner_aggressive/recon_port_scanner_aggressive/L3/run01/http-recon_port_scanner_aggressive-L3-run01.pcap,
True,L3,recon_port_scanner_aggressive,run02,http,10079,1389951,1783177179.351524,1783177219.520561,features,recon_port_scanner_aggressive/recon_port_scanner_aggressive/L3/run02/http-recon_port_scanner_aggressive-L3-run02.pcap,
True,L3,recon_port_scanner_aggressive,run03,http,9705,1347878,1783177223.972191,1783177263.374477,features,recon_port_scanner_aggressive/recon_port_scanner_aggressive/L3/run03/http-recon_port_scanner_aggressive-L3-run03.pcap,
True,L3,recon_port_scanner_aggressive,run04,http,9650,1335456,1783177268.17563,1783177307.392263,features,recon_port_scanner_aggressive/recon_port_scanner_aggressive/L3/run04/http-recon_port_scanner_aggressive-L3-run04.pcap,
True,L3,recon_port_scanner_aggressive,run05,http,9667,1338824,1783177312.513198,1783177351.972581,features,recon_port_scanner_aggressive/recon_port_scanner_aggressive/L3/run05/http-recon_port_scanner_aggressive-L3-run05.pcap,
True,L0,recon_port_scanner_os,run01,http,4853,993087,1783177410.067919,1783177449.9326,features,recon_port_scanner_os/recon_port_scanner_os/L0/run01/http-recon_port_scanner_os-L0-run01.pcap,
True,L0,recon_port_scanner_os,run02,http,4801,981944,1783177454.362429,1783177493.821519,features,recon_port_scanner_os/recon_port_scanner_os/L0/run02/http-recon_port_scanner_os-L0-run02.pcap,
True,L0,recon_port_scanner_os,run03,http,4800,980919,1783177496.960539,1783177536.83824,features,recon_port_scanner_os/recon_port_scanner_os/L0/run03/http-recon_port_scanner_os-L0-run03.pcap,
True,L0,recon_port_scanner_os,run04,http,4795,980912,1783177540.032429,1783177579.759574,features,recon_port_scanner_os/recon_port_scanner_os/L0/run04/http-recon_port_scanner_os-L0-run04.pcap,
True,L0,recon_port_scanner_os,run05,http,4800,981918,1783177583.044369,1783177622.691304,features,recon_port_scanner_os/recon_port_scanner_os/L0/run05/http-recon_port_scanner_os-L0-run05.pcap,
True,L1,recon_port_scanner_os,run01,http,9646,1334771,1783177626.116807,1783177665.075133,features,recon_port_scanner_os/recon_port_scanner_os/L1/run01/http-recon_port_scanner_os-L1-run01.pcap,
True,L1,recon_port_scanner_os,run02,http,9667,1339363,1783177670.144309,1783177710.080256,features,recon_port_scanner_os/recon_port_scanner_os/L1/run02/http-recon_port_scanner_os-L1-run02.pcap,
True,L1,recon_port_scanner_os,run03,http,9717,1348550,1783177714.176269,1783177754.112351,features,recon_port_scanner_os/recon_port_scanner_os/L1/run03/http-recon_port_scanner_os-L1-run03.pcap,
True,L1,recon_port_scanner_os,run04,http,9710,1347700,1783177758.208321,1783177798.156496,features,recon_port_scanner_os/recon_port_scanner_os/L1/run04/http-recon_port_scanner_os-L1-run04.pcap,
True,L1,recon_port_scanner_os,run05,http,9713,1349133,1783177802.240339,1783177842.176566,features,recon_port_scanner_os/recon_port_scanner_os/L1/run05/http-recon_port_scanner_os-L1-run05.pcap,
True,L2,recon_port_scanner_os,run01,http,9713,1348159,1783177846.890343,1783177886.239964,features,recon_port_scanner_os/recon_port_scanner_os/L2/run01/http-recon_port_scanner_os-L2-run01.pcap,
True,L2,recon_port_scanner_os,run02,http,9708,1347915,1783177891.040171,1783177930.552248,features,recon_port_scanner_os/recon_port_scanner_os/L2/run02/http-recon_port_scanner_os-L2-run02.pcap,
True,L2,recon_port_scanner_os,run03,http,9711,1348659,1783177935.033255,1783177974.395177,features,recon_port_scanner_os/recon_port_scanner_os/L2/run03/http-recon_port_scanner_os-L2-run03.pcap,
True,L2,recon_port_scanner_os,run04,http,9665,1338943,1783177979.182491,1783178018.562797,features,recon_port_scanner_os/recon_port_scanner_os/L2/run04/http-recon_port_scanner_os-L2-run04.pcap,
True,L2,recon_port_scanner_os,run05,http,9706,1347483,1783178023.341149,1783178062.71553,features,recon_port_scanner_os/recon_port_scanner_os/L2/run05/http-recon_port_scanner_os-L2-run05.pcap,
True,L3,recon_port_scanner_os,run01,http,9709,1348426,1783178067.488392,1783178107.424343,features,recon_port_scanner_os/recon_port_scanner_os/L3/run01/http-recon_port_scanner_os-L3-run01.pcap,
True,L3,recon_port_scanner_os,run02,http,9715,1348113,1783178111.520527,1783178151.456714,features,recon_port_scanner_os/recon_port_scanner_os/L3/run02/http-recon_port_scanner_os-L3-run02.pcap,
True,L3,recon_port_scanner_os,run03,http,9655,1336321,1783178155.552331,1783178195.488244,features,recon_port_scanner_os/recon_port_scanner_os/L3/run03/http-recon_port_scanner_os-L3-run03.pcap,
True,L3,recon_port_scanner_os,run04,http,9708,1347507,1783178200.215388,1783178239.685041,features,recon_port_scanner_os/recon_port_scanner_os/L3/run04/http-recon_port_scanner_os-L3-run04.pcap,
True,L3,recon_port_scanner_os,run05,http,9710,1347661,1783178244.432476,1783178284.239838,features,recon_port_scanner_os/recon_port_scanner_os/L3/run05/http-recon_port_scanner_os-L3-run05.pcap,
True,L0,recon_port_scanner_tcp,run01,http,4860,993606,1783178341.521067,1783178381.378356,features,recon_port_scanner_tcp/recon_port_scanner_tcp/L0/run01/http-recon_port_scanner_tcp-L0-run01.pcap,
True,L0,recon_port_scanner_tcp,run02,http,4802,982063,1783178385.447973,1783178425.046929,features,recon_port_scanner_tcp/recon_port_scanner_tcp/L0/run02/http-recon_port_scanner_tcp-L0-run02.pcap,
True,L0,recon_port_scanner_tcp,run03,http,4800,981435,1783178428.560758,1783178467.907364,features,recon_port_scanner_tcp/recon_port_scanner_tcp/L0/run03/http-recon_port_scanner_tcp-L0-run03.pcap,
True,L0,recon_port_scanner_tcp,run04,http,4800,981564,1783178471.438395,1783178510.880439,features,recon_port_scanner_tcp/recon_port_scanner_tcp/L0/run04/http-recon_port_scanner_tcp-L0-run04.pcap,
True,L0,recon_port_scanner_tcp,run05,http,4800,981928,1783178513.952849,1783178553.782596,features,recon_port_scanner_tcp/recon_port_scanner_tcp/L0/run05/http-recon_port_scanner_tcp-L0-run05.pcap,
True,L1,recon_port_scanner_tcp,run01,http,8934,1268600,1783178556.98014,1783178596.896383,features,recon_port_scanner_tcp/recon_port_scanner_tcp/L1/run01/http-recon_port_scanner_tcp-L1-run01.pcap,
True,L1,recon_port_scanner_tcp,run02,http,8936,1269715,1783178600.992317,1783178640.928319,features,recon_port_scanner_tcp/recon_port_scanner_tcp/L1/run02/http-recon_port_scanner_tcp-L1-run02.pcap,
True,L1,recon_port_scanner_tcp,run03,http,8930,1268718,1783178645.024325,1783178684.960238,features,recon_port_scanner_tcp/recon_port_scanner_tcp/L1/run03/http-recon_port_scanner_tcp-L1-run03.pcap,
True,L1,recon_port_scanner_tcp,run04,http,8929,1268103,1783178689.056478,1783178728.992878,features,recon_port_scanner_tcp/recon_port_scanner_tcp/L1/run04/http-recon_port_scanner_tcp-L1-run04.pcap,
True,L1,recon_port_scanner_tcp,run05,http,8928,1268070,1783178733.088437,1783178772.705468,features,recon_port_scanner_tcp/recon_port_scanner_tcp/L1/run05/http-recon_port_scanner_tcp-L1-run05.pcap,
True,L2,recon_port_scanner_tcp,run01,http,8931,1268323,1783178777.120509,1783178816.678794,features,recon_port_scanner_tcp/recon_port_scanner_tcp/L2/run01/http-recon_port_scanner_tcp-L2-run01.pcap,
True,L2,recon_port_scanner_tcp,run02,http,8931,1268618,1783178821.152942,1783178860.789947,features,recon_port_scanner_tcp/recon_port_scanner_tcp/L2/run02/http-recon_port_scanner_tcp-L2-run02.pcap,
True,L2,recon_port_scanner_tcp,run03,http,8929,1268069,1783178865.216741,1783178904.743776,features,recon_port_scanner_tcp/recon_port_scanner_tcp/L2/run03/http-recon_port_scanner_tcp-L2-run03.pcap,
True,L2,recon_port_scanner_tcp,run04,http,8931,1268340,1783178909.248722,1783178948.762743,features,recon_port_scanner_tcp/recon_port_scanner_tcp/L2/run04/http-recon_port_scanner_tcp-L2-run04.pcap,
True,L2,recon_port_scanner_tcp,run05,http,8931,1269157,1783178953.280971,1783178992.661888,features,recon_port_scanner_tcp/recon_port_scanner_tcp/L2/run05/http-recon_port_scanner_tcp-L2-run05.pcap,
True,L3,recon_port_scanner_tcp,run01,http,8928,1268004,1783178997.239873,1783179036.619947,features,recon_port_scanner_tcp/recon_port_scanner_tcp/L3/run01/http-recon_port_scanner_tcp-L3-run01.pcap,
True,L3,recon_port_scanner_tcp,run02,http,8929,1268064,1783179041.202383,1783179080.591683,features,recon_port_scanner_tcp/recon_port_scanner_tcp/L3/run02/http-recon_port_scanner_tcp-L3-run02.pcap,
True,L3,recon_port_scanner_tcp,run03,http,8930,1269258,1783179085.239953,1783179124.634278,features,recon_port_scanner_tcp/recon_port_scanner_tcp/L3/run03/http-recon_port_scanner_tcp-L3-run03.pcap,
True,L3,recon_port_scanner_tcp,run04,http,8866,1255646,1783179128.869941,1783179168.321238,features,recon_port_scanner_tcp/recon_port_scanner_tcp/L3/run04/http-recon_port_scanner_tcp-L3-run04.pcap,
True,L3,recon_port_scanner_tcp,run05,http,8927,1267989,1783179173.28463,1783179212.664539,features,recon_port_scanner_tcp/recon_port_scanner_tcp/L3/run05/http-recon_port_scanner_tcp-L3-run05.pcap,
True,L0,recon_port_scanner_udp,run01,http,4858,994373,1783179273.043701,1783179312.936186,features,recon_port_scanner_udp/recon_port_scanner_udp/L0/run01/http-recon_port_scanner_udp-L0-run01.pcap,
True,L0,recon_port_scanner_udp,run02,http,4804,981890,1783179317.34296,1783179356.769168,features,recon_port_scanner_udp/recon_port_scanner_udp/L0/run02/http-recon_port_scanner_udp-L0-run02.pcap,
True,L0,recon_port_scanner_udp,run03,http,4796,980963,1783179360.418975,1783179399.809323,features,recon_port_scanner_udp/recon_port_scanner_udp/L0/run03/http-recon_port_scanner_udp-L0-run03.pcap,
True,L0,recon_port_scanner_udp,run04,http,4786,975610,1783179403.280336,1783179442.853276,features,recon_port_scanner_udp/recon_port_scanner_udp/L0/run04/http-recon_port_scanner_udp-L0-run04.pcap,
True,L0,recon_port_scanner_udp,run05,http,4770,972953,1783179446.417779,1783179485.864686,features,recon_port_scanner_udp/recon_port_scanner_udp/L0/run05/http-recon_port_scanner_udp-L0-run05.pcap,
True,L1,recon_port_scanner_udp,run01,http,5532,1031848,1783179488.89732,1783179528.746276,features,recon_port_scanner_udp/recon_port_scanner_udp/L1/run01/http-recon_port_scanner_udp-L1-run01.pcap,
True,L1,recon_port_scanner_udp,run02,http,5189,1007193,1783179532.655364,1783179572.012224,features,recon_port_scanner_udp/recon_port_scanner_udp/L1/run02/http-recon_port_scanner_udp-L1-run02.pcap,
True,L1,recon_port_scanner_udp,run03,http,5204,1008022,1783179575.623905,1783179614.970184,features,recon_port_scanner_udp/recon_port_scanner_udp/L1/run03/http-recon_port_scanner_udp-L1-run03.pcap,
True,L1,recon_port_scanner_udp,run04,http,5201,1008971,1783179618.630999,1783179657.987175,features,recon_port_scanner_udp/recon_port_scanner_udp/L1/run04/http-recon_port_scanner_udp-L1-run04.pcap,
True,L1,recon_port_scanner_udp,run05,http,5556,1032598,1783179661.703763,1783179701.100646,features,recon_port_scanner_udp/recon_port_scanner_udp/L1/run05/http-recon_port_scanner_udp-L1-run05.pcap,
True,L2,recon_port_scanner_udp,run01,http,5241,1017257,1783179704.961376,1783179744.39262,features,recon_port_scanner_udp/recon_port_scanner_udp/L2/run01/http-recon_port_scanner_udp-L2-run01.pcap,
True,L2,recon_port_scanner_udp,run02,http,5186,1006187,1783179747.969465,1783179787.661924,features,recon_port_scanner_udp/recon_port_scanner_udp/L2/run02/http-recon_port_scanner_udp-L2-run02.pcap,
True,L2,recon_port_scanner_udp,run03,http,5187,1009388,1783179791.61549,1783179831.055822,features,recon_port_scanner_udp/recon_port_scanner_udp/L2/run03/http-recon_port_scanner_udp-L2-run03.pcap,
True,L2,recon_port_scanner_udp,run04,http,5180,1001221,1783179834.850634,1783179874.280412,features,recon_port_scanner_udp/recon_port_scanner_udp/L2/run04/http-recon_port_scanner_udp-L2-run04.pcap,
True,L2,recon_port_scanner_udp,run05,http,5519,1032196,1783179878.017739,1783179917.466123,features,recon_port_scanner_udp/recon_port_scanner_udp/L2/run05/http-recon_port_scanner_udp-L2-run05.pcap,
True,L3,recon_port_scanner_udp,run01,http,5196,1010088,1783179920.926898,1783179960.526028,features,recon_port_scanner_udp/recon_port_scanner_udp/L3/run01/http-recon_port_scanner_udp-L3-run01.pcap,
True,L3,recon_port_scanner_udp,run02,http,5187,1008236,1783179964.033967,1783180003.647684,features,recon_port_scanner_udp/recon_port_scanner_udp/L3/run02/http-recon_port_scanner_udp-L3-run02.pcap,
True,L3,recon_port_scanner_udp,run03,http,5185,1004467,1783180007.550189,1783180047.014134,features,recon_port_scanner_udp/recon_port_scanner_udp/L3/run03/http-recon_port_scanner_udp-L3-run03.pcap,
True,L3,recon_port_scanner_udp,run04,http,5191,1008577,1783180050.113433,1783180090.005252,features,recon_port_scanner_udp/recon_port_scanner_udp/L3/run04/http-recon_port_scanner_udp-L3-run04.pcap,
True,L3,recon_port_scanner_udp,run05,http,5477,1020509,1783180093.797002,1783180133.057567,features,recon_port_scanner_udp/recon_port_scanner_udp/L3/run05/http-recon_port_scanner_udp-L3-run05.pcap,
True,L0,recon_port_scanner_vuln,run01,http,4797,981366,1783180204.682632,1783180244.251135,features,recon_port_scanner_vuln/recon_port_scanner_vuln/L0/run01/http-recon_port_scanner_vuln-L0-run01.pcap,
True,L0,recon_port_scanner_vuln,run02,http,4797,981296,1783180248.801474,1783180288.45669,features,recon_port_scanner_vuln/recon_port_scanner_vuln/L0/run02/http-recon_port_scanner_vuln-L0-run02.pcap,
True,L0,recon_port_scanner_vuln,run03,http,4795,980886,1783180291.809472,1783180331.300685,features,recon_port_scanner_vuln/recon_port_scanner_vuln/L0/run03/http-recon_port_scanner_vuln-L0-run03.pcap,
True,L0,recon_port_scanner_vuln,run04,http,4801,980718,1783180334.448869,1783180374.159375,features,recon_port_scanner_vuln/recon_port_scanner_vuln/L0/run04/http-recon_port_scanner_vuln-L0-run04.pcap,
True,L0,recon_port_scanner_vuln,run05,http,4796,981258,1783180377.330091,1783180417.176696,features,recon_port_scanner_vuln/recon_port_scanner_vuln/L0/run05/http-recon_port_scanner_vuln-L0-run05.pcap,
True,L1,recon_port_scanner_vuln,run01,http,13767,4113176,1783180420.740235,1783180460.500322,features,recon_port_scanner_vuln/recon_port_scanner_vuln/L1/run01/http-recon_port_scanner_vuln-L1-run01.pcap,
True,L1,recon_port_scanner_vuln,run02,http,13684,4097254,1783180465.889557,1783180505.20103,features,recon_port_scanner_vuln/recon_port_scanner_vuln/L1/run02/http-recon_port_scanner_vuln-L1-run02.pcap,
True,L1,recon_port_scanner_vuln,run03,http,13742,4109790,1783180511.753927,1783180551.905596,features,recon_port_scanner_vuln/recon_port_scanner_vuln/L1/run03/http-recon_port_scanner_vuln-L1-run03.pcap,
True,L1,recon_port_scanner_vuln,run04,http,13745,4111243,1783180557.025645,1783180597.305024,features,recon_port_scanner_vuln/recon_port_scanner_vuln/L1/run04/http-recon_port_scanner_vuln-L1-run04.pcap,
True,L1,recon_port_scanner_vuln,run05,http,13677,4096958,1783180602.951974,1783180642.053688,features,recon_port_scanner_vuln/recon_port_scanner_vuln/L1/run05/http-recon_port_scanner_vuln-L1-run05.pcap,
True,L2,recon_port_scanner_vuln,run01,http,13417,3711853,1783180648.193753,1783180688.015724,features,recon_port_scanner_vuln/recon_port_scanner_vuln/L2/run01/http-recon_port_scanner_vuln-L2-run01.pcap,
True,L2,recon_port_scanner_vuln,run02,http,13683,4098192,1783180693.3311,1783180732.622653,features,recon_port_scanner_vuln/recon_port_scanner_vuln/L2/run02/http-recon_port_scanner_vuln-L2-run02.pcap,
True,L2,recon_port_scanner_vuln,run03,http,13678,4097361,1783180738.951898,1783180777.813571,features,recon_port_scanner_vuln/recon_port_scanner_vuln/L2/run03/http-recon_port_scanner_vuln-L2-run03.pcap,
True,L2,recon_port_scanner_vuln,run04,http,13680,4096581,1783180784.239114,1783180823.155479,features,recon_port_scanner_vuln/recon_port_scanner_vuln/L2/run04/http-recon_port_scanner_vuln-L2-run04.pcap,
True,L2,recon_port_scanner_vuln,run05,http,13318,3571464,1783180829.441396,1783180868.977515,features,recon_port_scanner_vuln/recon_port_scanner_vuln/L2/run05/http-recon_port_scanner_vuln-L2-run05.pcap,
True,L3,recon_port_scanner_vuln,run01,http,13728,4107426,1783180874.529353,1783180913.640006,features,recon_port_scanner_vuln/recon_port_scanner_vuln/L3/run01/http-recon_port_scanner_vuln-L3-run01.pcap,
True,L3,recon_port_scanner_vuln,run02,http,13685,4097813,1783180919.600653,1783180958.828259,features,recon_port_scanner_vuln/recon_port_scanner_vuln/L3/run02/http-recon_port_scanner_vuln-L3-run02.pcap,
True,L3,recon_port_scanner_vuln,run03,http,13722,4105813,1783180965.228714,1783181004.079442,features,recon_port_scanner_vuln/recon_port_scanner_vuln/L3/run03/http-recon_port_scanner_vuln-L3-run03.pcap,
True,L3,recon_port_scanner_vuln,run04,http,13685,4098543,1783181010.502297,1783181049.403218,features,recon_port_scanner_vuln/recon_port_scanner_vuln/L3/run04/http-recon_port_scanner_vuln-L3-run04.pcap,
True,L3,recon_port_scanner_vuln,run05,http,13679,4097210,1783181055.764337,1783181094.721216,features,recon_port_scanner_vuln/recon_port_scanner_vuln/L3/run05/http-recon_port_scanner_vuln-L3-run05.pcap,
True,L0,recon_smb_enum,run01,smb,2426,223882,1783181166.436923,1783181206.080213,features,recon_smb_enum/recon_smb_enum/L0/run01/smb-recon_smb_enum-L0-run01.pcap,
True,L0,recon_smb_enum,run02,smb,2425,224396,1783181209.982952,1783181249.376875,features,recon_smb_enum/recon_smb_enum/L0/run02/smb-recon_smb_enum-L0-run02.pcap,
True,L0,recon_smb_enum,run03,smb,2432,225626,1783181252.432407,1783181291.75417,features,recon_smb_enum/recon_smb_enum/L0/run03/smb-recon_smb_enum-L0-run03.pcap,
True,L0,recon_smb_enum,run04,smb,2429,224325,1783181294.497857,1783181334.189911,features,recon_smb_enum/recon_smb_enum/L0/run04/smb-recon_smb_enum-L0-run04.pcap,
True,L0,recon_smb_enum,run05,smb,2426,224817,1783181337.310327,1783181376.72283,features,recon_smb_enum/recon_smb_enum/L0/run05/smb-recon_smb_enum-L0-run05.pcap,
True,L1,recon_smb_enum,run01,smb,3675,434367,1783181379.488677,1783181419.283378,features,recon_smb_enum/recon_smb_enum/L1/run01/smb-recon_smb_enum-L1-run01.pcap,
True,L1,recon_smb_enum,run02,smb,3651,430722,1783181422.921698,1783181462.436682,features,recon_smb_enum/recon_smb_enum/L1/run02/smb-recon_smb_enum-L1-run02.pcap,
True,L1,recon_smb_enum,run03,smb,3659,432494,1783181466.041942,1783181505.444646,features,recon_smb_enum/recon_smb_enum/L1/run03/smb-recon_smb_enum-L1-run03.pcap,
True,L1,recon_smb_enum,run04,smb,3651,431885,1783181509.091218,1783181548.45015,features,recon_smb_enum/recon_smb_enum/L1/run04/smb-recon_smb_enum-L1-run04.pcap,
True,L1,recon_smb_enum,run05,smb,3657,431426,1783181551.928557,1783181591.594457,features,recon_smb_enum/recon_smb_enum/L1/run05/smb-recon_smb_enum-L1-run05.pcap,
True,L2,recon_smb_enum,run01,smb,3652,431644,1783181595.314522,1783181634.620051,features,recon_smb_enum/recon_smb_enum/L2/run01/smb-recon_smb_enum-L2-run01.pcap,
True,L2,recon_smb_enum,run02,smb,3649,431693,1783181638.431271,1783181677.788624,features,recon_smb_enum/recon_smb_enum/L2/run02/smb-recon_smb_enum-L2-run02.pcap,
True,L2,recon_smb_enum,run03,smb,3647,430785,1783181681.557309,1783181720.916621,features,recon_smb_enum/recon_smb_enum/L2/run03/smb-recon_smb_enum-L2-run03.pcap,
True,L2,recon_smb_enum,run04,smb,3649,431143,1783181724.593538,1783181764.032725,features,recon_smb_enum/recon_smb_enum/L2/run04/smb-recon_smb_enum-L2-run04.pcap,
True,L2,recon_smb_enum,run05,smb,3661,432815,1783181767.585204,1783181807.016989,features,recon_smb_enum/recon_smb_enum/L2/run05/smb-recon_smb_enum-L2-run05.pcap,
True,L3,recon_smb_enum,run01,smb,3648,430851,1783181810.593089,1783181850.011442,features,recon_smb_enum/recon_smb_enum/L3/run01/smb-recon_smb_enum-L3-run01.pcap,
True,L3,recon_smb_enum,run02,smb,3649,431169,1783181853.323524,1783181893.056969,features,recon_smb_enum/recon_smb_enum/L3/run02/smb-recon_smb_enum-L3-run02.pcap,
True,L3,recon_smb_enum,run03,smb,3656,432912,1783181896.672768,1783181936.074686,features,recon_smb_enum/recon_smb_enum/L3/run03/smb-recon_smb_enum-L3-run03.pcap,
True,L3,recon_smb_enum,run04,smb,3646,431122,1783181939.301259,1783181979.005208,features,recon_smb_enum/recon_smb_enum/L3/run04/smb-recon_smb_enum-L3-run04.pcap,
True,L3,recon_smb_enum,run05,smb,3653,431489,1783181982.290619,1783182021.966612,features,recon_smb_enum/recon_smb_enum/L3/run05/smb-recon_smb_enum-L3-run05.pcap,
True,L0,recon_snmp_scanner,run01,http,4871,995603,1783182097.9068,1783182137.831798,features,recon_snmp_scanner/recon_snmp_scanner/L0/run01/http-recon_snmp_scanner-L0-run01.pcap,
True,L0,recon_snmp_scanner,run02,http,4798,981213,1783182141.780319,1783182181.626039,features,recon_snmp_scanner/recon_snmp_scanner/L0/run02/http-recon_snmp_scanner-L0-run02.pcap,
True,L0,recon_snmp_scanner,run03,http,4800,981366,1783182185.32446,1783182224.711826,features,recon_snmp_scanner/recon_snmp_scanner/L0/run03/http-recon_snmp_scanner-L0-run03.pcap,
True,L0,recon_snmp_scanner,run04,http,4801,982280,1783182228.276386,1783182267.745653,features,recon_snmp_scanner/recon_snmp_scanner/L0/run04/http-recon_snmp_scanner-L0-run04.pcap,
True,L0,recon_snmp_scanner,run05,http,4796,980980,1783182271.272135,1783182310.648616,features,recon_snmp_scanner/recon_snmp_scanner/L0/run05/http-recon_snmp_scanner-L0-run05.pcap,
True,L1,recon_snmp_scanner,run01,http,5110,1007270,1783182313.707465,1783182353.502299,features,recon_snmp_scanner/recon_snmp_scanner/L1/run01/http-recon_snmp_scanner-L1-run01.pcap,
True,L1,recon_snmp_scanner,run02,http,5054,996154,1783182357.006598,1783182396.448493,features,recon_snmp_scanner/recon_snmp_scanner/L1/run02/http-recon_snmp_scanner-L1-run02.pcap,
True,L1,recon_snmp_scanner,run03,http,5113,1008101,1783182400.548687,1783182440.101073,features,recon_snmp_scanner/recon_snmp_scanner/L1/run03/http-recon_snmp_scanner-L1-run03.pcap,
True,L1,recon_snmp_scanner,run04,http,5111,1007063,1783182443.584672,1783182483.341598,features,recon_snmp_scanner/recon_snmp_scanner/L1/run04/http-recon_snmp_scanner-L1-run04.pcap,
True,L1,recon_snmp_scanner,run05,http,5055,995970,1783182487.128511,1783182526.529319,features,recon_snmp_scanner/recon_snmp_scanner/L1/run05/http-recon_snmp_scanner-L1-run05.pcap,
True,L2,recon_snmp_scanner,run01,http,5113,1008357,1783182530.448289,1783182569.889403,features,recon_snmp_scanner/recon_snmp_scanner/L2/run01/http-recon_snmp_scanner-L2-run01.pcap,
True,L2,recon_snmp_scanner,run02,http,5050,995016,1783182573.636594,1783182612.773329,features,recon_snmp_scanner/recon_snmp_scanner/L2/run02/http-recon_snmp_scanner-L2-run02.pcap,
True,L2,recon_snmp_scanner,run03,http,5060,996069,1783182616.704476,1783182656.013422,features,recon_snmp_scanner/recon_snmp_scanner/L2/run03/http-recon_snmp_scanner-L2-run03.pcap,
True,L2,recon_snmp_scanner,run04,http,5054,996525,1783182660.415631,1783182699.879897,features,recon_snmp_scanner/recon_snmp_scanner/L2/run04/http-recon_snmp_scanner-L2-run04.pcap,
True,L2,recon_snmp_scanner,run05,http,5050,994732,1783182703.744504,1783182742.752964,features,recon_snmp_scanner/recon_snmp_scanner/L2/run05/http-recon_snmp_scanner-L2-run05.pcap,
True,L3,recon_snmp_scanner,run01,http,5052,995560,1783182746.752533,1783182786.008061,features,recon_snmp_scanner/recon_snmp_scanner/L3/run01/http-recon_snmp_scanner-L3-run01.pcap,
True,L3,recon_snmp_scanner,run02,http,5058,996803,1783182790.318127,1783182829.728464,features,recon_snmp_scanner/recon_snmp_scanner/L3/run02/http-recon_snmp_scanner-L3-run02.pcap,
True,L3,recon_snmp_scanner,run03,http,5114,1007710,1783182833.677834,1783182873.124813,features,recon_snmp_scanner/recon_snmp_scanner/L3/run03/http-recon_snmp_scanner-L3-run03.pcap,
True,L3,recon_snmp_scanner,run04,http,5110,1007547,1783182876.791945,1783182916.235918,features,recon_snmp_scanner/recon_snmp_scanner/L3/run04/http-recon_snmp_scanner-L3-run04.pcap,
True,L3,recon_snmp_scanner,run05,http,5121,1009995,1783182919.840963,1783182959.409527,features,recon_snmp_scanner/recon_snmp_scanner/L3/run05/http-recon_snmp_scanner-L3-run05.pcap,
True,L0,web_dir_enumeration,run01,http,1600,329040,1783183029.632249,1783183069.537085,features,web_dir_enumeration/web_dir_enumeration/L0/run01/http-web_dir_enumeration-L0-run01.pcap,
True,L0,web_dir_enumeration,run02,http,1580,324927,1783183073.286748,1783183112.663417,features,web_dir_enumeration/web_dir_enumeration/L0/run02/http-web_dir_enumeration-L0-run02.pcap,
True,L0,web_dir_enumeration,run03,http,1580,324927,1783183115.553788,1783183154.917638,features,web_dir_enumeration/web_dir_enumeration/L0/run03/http-web_dir_enumeration-L0-run03.pcap,
True,L0,web_dir_enumeration,run04,http,1580,324927,1783183157.648064,1783183197.0121,features,web_dir_enumeration/web_dir_enumeration/L0/run04/http-web_dir_enumeration-L0-run04.pcap,
True,L0,web_dir_enumeration,run05,http,1580,324927,1783183199.720536,1783183239.097222,features,web_dir_enumeration/web_dir_enumeration/L0/run05/http-web_dir_enumeration-L0-run05.pcap,
True,L1,web_dir_enumeration,run01,http,1203567,402871025,1783183241.860258,1783183281.750765,features,web_dir_enumeration/web_dir_enumeration/L1/run01/http-web_dir_enumeration-L1-run01.pcap,
True,L1,web_dir_enumeration,run02,http,852391,285152711,1783183647.061588,1783183686.533462,features,web_dir_enumeration/web_dir_enumeration/L1/run02/http-web_dir_enumeration-L1-run02.pcap,
True,L1,web_dir_enumeration,run03,http,888086,297122495,1783183943.15857,1783183982.586783,features,web_dir_enumeration/web_dir_enumeration/L1/run03/http-web_dir_enumeration-L1-run03.pcap,
True,L1,web_dir_enumeration,run04,http,874434,292541203,1783184250.606439,1783184290.054472,features,web_dir_enumeration/web_dir_enumeration/L1/run04/http-web_dir_enumeration-L1-run04.pcap,
True,L1,web_dir_enumeration,run05,http,933206,312259160,1783184555.695311,1783184595.13045,features,web_dir_enumeration/web_dir_enumeration/L1/run05/http-web_dir_enumeration-L1-run05.pcap,
True,L2,web_dir_enumeration,run01,http,936257,313286031,1783184875.976336,1783184915.618065,features,web_dir_enumeration/web_dir_enumeration/L2/run01/http-web_dir_enumeration-L2-run01.pcap,
True,L2,web_dir_enumeration,run02,http,918744,307399081,1783185199.881781,1783185239.358038,features,web_dir_enumeration/web_dir_enumeration/L2/run02/http-web_dir_enumeration-L2-run02.pcap,
True,L2,web_dir_enumeration,run03,http,910360,304590924,1783185519.529565,1783185558.510398,features,web_dir_enumeration/web_dir_enumeration/L2/run03/http-web_dir_enumeration-L2-run03.pcap,
True,L2,web_dir_enumeration,run04,http,954928,319520466,1783185835.478194,1783185874.912573,features,web_dir_enumeration/web_dir_enumeration/L2/run04/http-web_dir_enumeration-L2-run04.pcap,
True,L2,web_dir_enumeration,run05,http,887971,297063470,1783186163.56517,1783186202.982776,features,web_dir_enumeration/web_dir_enumeration/L2/run05/http-web_dir_enumeration-L2-run05.pcap,
True,L3,web_dir_enumeration,run01,http,878761,293990277,1783186473.103026,1783186512.53546,features,web_dir_enumeration/web_dir_enumeration/L3/run01/http-web_dir_enumeration-L3-run01.pcap,
True,L3,web_dir_enumeration,run02,http,791517,264742008,1783186780.329132,1783186819.788795,features,web_dir_enumeration/web_dir_enumeration/L3/run02/http-web_dir_enumeration-L3-run02.pcap,
True,L3,web_dir_enumeration,run03,http,874513,292567511,1783187061.514088,1783187100.582875,features,web_dir_enumeration/web_dir_enumeration/L3/run03/http-web_dir_enumeration-L3-run03.pcap,
True,L3,web_dir_enumeration,run04,http,902328,301897878,1783187366.598699,1783187405.685878,features,web_dir_enumeration/web_dir_enumeration/L3/run04/http-web_dir_enumeration-L3-run04.pcap,
True,L3,web_dir_enumeration,run05,http,952938,318884450,1783187679.88592,1783187718.987341,features,web_dir_enumeration/web_dir_enumeration/L3/run05/http-web_dir_enumeration-L3-run05.pcap,
True,L0,web_https_heartbleed,run01,https,1112,298384,1783188079.451787,1783188119.126451,features,web_https_heartbleed/web_https_heartbleed/L0/run01/https-web_https_heartbleed-L0-run01.pcap,
True,L0,web_https_heartbleed,run02,https,1092,294216,1783188123.303296,1783188162.252686,features,web_https_heartbleed/web_https_heartbleed/L0/run02/https-web_https_heartbleed-L0-run02.pcap,
True,L0,web_https_heartbleed,run03,https,1105,297916,1783188165.430488,1783188204.844883,features,web_https_heartbleed/web_https_heartbleed/L0/run03/https-web_https_heartbleed-L0-run03.pcap,
True,L0,web_https_heartbleed,run04,https,1092,294204,1783188207.554971,1783188246.529992,features,web_https_heartbleed/web_https_heartbleed/L0/run04/https-web_https_heartbleed-L0-run04.pcap,
True,L0,web_https_heartbleed,run05,https,1094,294336,1783188249.748233,1783188288.692269,features,web_https_heartbleed/web_https_heartbleed/L0/run05/https-web_https_heartbleed-L0-run05.pcap,
True,L1,web_https_heartbleed,run01,https,4143,9674796,1783188291.914562,1783188330.905733,features,web_https_heartbleed/web_https_heartbleed/L1/run01/https-web_https_heartbleed-L1-run01.pcap,
True,L1,web_https_heartbleed,run02,https,4122,9930996,1783188334.829412,1783188373.73765,features,web_https_heartbleed/web_https_heartbleed/L1/run02/https-web_https_heartbleed-L1-run02.pcap,
True,L1,web_https_heartbleed,run03,https,4141,9984784,1783188377.778054,1783188417.1565,features,web_https_heartbleed/web_https_heartbleed/L1/run03/https-web_https_heartbleed-L1-run03.pcap,
True,L1,web_https_heartbleed,run04,https,4126,9981516,1783188420.655887,1783188459.578487,features,web_https_heartbleed/web_https_heartbleed/L1/run04/https-web_https_heartbleed-L1-run04.pcap,
True,L1,web_https_heartbleed,run05,https,4111,10086032,1783188463.674884,1783188503.084215,features,web_https_heartbleed/web_https_heartbleed/L1/run05/https-web_https_heartbleed-L1-run05.pcap,
True,L2,web_https_heartbleed,run01,https,4104,10087016,1783188506.682651,1783188545.577977,features,web_https_heartbleed/web_https_heartbleed/L2/run01/https-web_https_heartbleed-L2-run01.pcap,
True,L2,web_https_heartbleed,run02,https,4107,10085364,1783188549.679787,1783188588.563969,features,web_https_heartbleed/web_https_heartbleed/L2/run02/https-web_https_heartbleed-L2-run02.pcap,
True,L2,web_https_heartbleed,run03,https,4119,9912468,1783188592.58132,1783188631.487954,features,web_https_heartbleed/web_https_heartbleed/L2/run03/https-web_https_heartbleed-L2-run03.pcap,
True,L2,web_https_heartbleed,run04,https,4124,9951912,1783188635.711951,1783188674.603645,features,web_https_heartbleed/web_https_heartbleed/L2/run04/https-web_https_heartbleed-L2-run04.pcap,
True,L2,web_https_heartbleed,run05,https,4103,9914768,1783188678.642186,1783188717.589567,features,web_https_heartbleed/web_https_heartbleed/L2/run05/https-web_https_heartbleed-L2-run05.pcap,
True,L3,web_https_heartbleed,run01,https,4125,9847316,1783188721.68714,1783188760.574383,features,web_https_heartbleed/web_https_heartbleed/L3/run01/https-web_https_heartbleed-L3-run01.pcap,
True,L3,web_https_heartbleed,run02,https,4123,10001084,1783188764.556769,1783188803.421483,features,web_https_heartbleed/web_https_heartbleed/L3/run02/https-web_https_heartbleed-L3-run02.pcap,
True,L3,web_https_heartbleed,run03,https,4137,9694648,1783188807.44527,1783188846.323018,features,web_https_heartbleed/web_https_heartbleed/L3/run03/https-web_https_heartbleed-L3-run03.pcap,
True,L3,web_https_heartbleed,run04,https,4121,9952676,1783188850.429934,1783188889.334226,features,web_https_heartbleed/web_https_heartbleed/L3/run04/https-web_https_heartbleed-L3-run04.pcap,
True,L3,web_https_heartbleed,run05,https,4143,9792988,1783188893.374799,1783188932.243777,features,web_https_heartbleed/web_https_heartbleed/L3/run05/https-web_https_heartbleed-L3-run05.pcap,
True,L0,web_idor_path_traversal,run01,http,1580,324927,1783189011.289603,1783189050.985471,features,web_idor_path_traversal/web_idor_path_traversal/L0/run01/http-web_idor_path_traversal-L0-run01.pcap,
True,L0,web_idor_path_traversal,run02,http,1540,316701,1783189054.62389,1783189093.690127,features,web_idor_path_traversal/web_idor_path_traversal/L0/run02/http-web_idor_path_traversal-L0-run02.pcap,
True,L0,web_idor_path_traversal,run03,http,1560,320814,1783189096.947518,1783189135.970491,features,web_idor_path_traversal/web_idor_path_traversal/L0/run03/http-web_idor_path_traversal-L0-run03.pcap,
True,L0,web_idor_path_traversal,run04,http,1561,320886,1783189139.114274,1783189178.063692,features,web_idor_path_traversal/web_idor_path_traversal/L0/run04/http-web_idor_path_traversal-L0-run04.pcap,
True,L0,web_idor_path_traversal,run05,http,1560,320814,1783189181.267013,1783189220.216948,features,web_idor_path_traversal/web_idor_path_traversal/L0/run05/http-web_idor_path_traversal-L0-run05.pcap,
True,L1,web_idor_path_traversal,run01,http,4342,866645,1783189223.339828,1783189262.566507,features,web_idor_path_traversal/web_idor_path_traversal/L1/run01/http-web_idor_path_traversal-L1-run01.pcap,
True,L1,web_idor_path_traversal,run02,http,4368,868589,1783189266.211104,1783189305.704628,features,web_idor_path_traversal/web_idor_path_traversal/L1/run02/http-web_idor_path_traversal-L1-run02.pcap,
True,L1,web_idor_path_traversal,run03,http,4319,857605,1783189309.078407,1783189348.255759,features,web_idor_path_traversal/web_idor_path_traversal/L1/run03/http-web_idor_path_traversal-L1-run03.pcap,
True,L1,web_idor_path_traversal,run04,http,4374,876904,1783189352.060948,1783189391.393106,features,web_idor_path_traversal/web_idor_path_traversal/L1/run04/http-web_idor_path_traversal-L1-run04.pcap,
True,L1,web_idor_path_traversal,run05,http,4306,856625,1783189394.959188,1783189434.447211,features,web_idor_path_traversal/web_idor_path_traversal/L1/run05/http-web_idor_path_traversal-L1-run05.pcap,
True,L2,web_idor_path_traversal,run01,http,4322,855184,1783189437.890293,1783189476.907632,features,web_idor_path_traversal/web_idor_path_traversal/L2/run01/http-web_idor_path_traversal-L2-run01.pcap,
True,L2,web_idor_path_traversal,run02,http,4340,866497,1783189480.674919,1783189520.034286,features,web_idor_path_traversal/web_idor_path_traversal/L2/run02/http-web_idor_path_traversal-L2-run02.pcap,
True,L2,web_idor_path_traversal,run03,http,4329,858341,1783189523.501335,1783189562.544494,features,web_idor_path_traversal/web_idor_path_traversal/L2/run03/http-web_idor_path_traversal-L2-run03.pcap,
True,L2,web_idor_path_traversal,run04,http,4309,856845,1783189566.310548,1783189605.619402,features,web_idor_path_traversal/web_idor_path_traversal/L2/run04/http-web_idor_path_traversal-L2-run04.pcap,
True,L2,web_idor_path_traversal,run05,http,4373,864246,1783189609.092903,1783189648.315093,features,web_idor_path_traversal/web_idor_path_traversal/L2/run05/http-web_idor_path_traversal-L2-run05.pcap,
True,L3,web_idor_path_traversal,run01,http,4319,860234,1783189652.117175,1783189691.247224,features,web_idor_path_traversal/web_idor_path_traversal/L3/run01/http-web_idor_path_traversal-L3-run01.pcap,
True,L3,web_idor_path_traversal,run02,http,4353,867449,1783189695.035393,1783189734.268768,features,web_idor_path_traversal/web_idor_path_traversal/L3/run02/http-web_idor_path_traversal-L3-run02.pcap,
True,L3,web_idor_path_traversal,run03,http,4336,861478,1783189737.870188,1783189777.338311,features,web_idor_path_traversal/web_idor_path_traversal/L3/run03/http-web_idor_path_traversal-L3-run03.pcap,
True,L3,web_idor_path_traversal,run04,http,4326,860722,1783189780.651267,1783189819.706081,features,web_idor_path_traversal/web_idor_path_traversal/L3/run04/http-web_idor_path_traversal-L3-run04.pcap,
True,L3,web_idor_path_traversal,run05,http,4353,862617,1783189823.085624,1783189862.975718,features,web_idor_path_traversal/web_idor_path_traversal/L3/run05/http-web_idor_path_traversal-L3-run05.pcap,
True,L0,web_idor_url_parameter,run01,http,1581,324999,1783189943.049636,1783189982.483333,features,web_idor_url_parameter/web_idor_url_parameter/L0/run01/http-web_idor_url_parameter-L0-run01.pcap,
True,L0,web_idor_url_parameter,run02,http,1565,323130,1783189985.913776,1783190025.342146,features,web_idor_url_parameter/web_idor_url_parameter/L0/run02/http-web_idor_url_parameter-L0-run02.pcap,
True,L0,web_idor_url_parameter,run03,http,1581,324999,1783190028.478358,1783190067.90577,features,web_idor_url_parameter/web_idor_url_parameter/L0/run03/http-web_idor_url_parameter-L0-run03.pcap,
True,L0,web_idor_url_parameter,run04,http,1560,320814,1783190070.49245,1783190109.522467,features,web_idor_url_parameter/web_idor_url_parameter/L0/run04/http-web_idor_url_parameter-L0-run04.pcap,
True,L0,web_idor_url_parameter,run05,http,1561,320886,1783190112.51124,1783190151.512238,features,web_idor_url_parameter/web_idor_url_parameter/L0/run05/http-web_idor_url_parameter-L0-run05.pcap,
True,L1,web_idor_url_parameter,run01,http,14509,8763693,1783190154.554469,1783190193.790347,features,web_idor_url_parameter/web_idor_url_parameter/L1/run01/http-web_idor_url_parameter-L1-run01.pcap,
True,L1,web_idor_url_parameter,run02,http,14439,8755991,1783190200.875306,1783190239.918403,features,web_idor_url_parameter/web_idor_url_parameter/L1/run02/http-web_idor_url_parameter-L1-run02.pcap,
True,L1,web_idor_url_parameter,run03,http,14496,8762791,1783190247.413334,1783190286.51211,features,web_idor_url_parameter/web_idor_url_parameter/L1/run03/http-web_idor_url_parameter-L1-run03.pcap,
True,L1,web_idor_url_parameter,run04,http,14501,8765856,1783190293.898591,1783190333.274108,features,web_idor_url_parameter/web_idor_url_parameter/L1/run04/http-web_idor_url_parameter-L1-run04.pcap,
True,L1,web_idor_url_parameter,run05,http,14442,8758873,1783190340.335483,1783190379.706051,features,web_idor_url_parameter/web_idor_url_parameter/L1/run05/http-web_idor_url_parameter-L1-run05.pcap,
True,L2,web_idor_url_parameter,run01,http,14507,8766263,1783190386.846235,1783190426.2731,features,web_idor_url_parameter/web_idor_url_parameter/L2/run01/http-web_idor_url_parameter-L2-run01.pcap,
True,L2,web_idor_url_parameter,run02,http,14433,8752988,1783190433.229806,1783190471.933554,features,web_idor_url_parameter/web_idor_url_parameter/L2/run02/http-web_idor_url_parameter-L2-run02.pcap,
True,L2,web_idor_url_parameter,run03,http,14475,8761351,1783190479.487044,1783190518.939073,features,web_idor_url_parameter/web_idor_url_parameter/L2/run03/http-web_idor_url_parameter-L2-run03.pcap,
True,L2,web_idor_url_parameter,run04,http,14495,8762732,1783190526.129204,1783190565.140162,features,web_idor_url_parameter/web_idor_url_parameter/L2/run04/http-web_idor_url_parameter-L2-run04.pcap,
True,L2,web_idor_url_parameter,run05,http,14443,8756186,1783190572.72242,1783190611.7212,features,web_idor_url_parameter/web_idor_url_parameter/L2/run05/http-web_idor_url_parameter-L2-run05.pcap,
True,L3,web_idor_url_parameter,run01,http,14468,8760803,1783190619.173241,1783190658.253506,features,web_idor_url_parameter/web_idor_url_parameter/L3/run01/http-web_idor_url_parameter-L3-run01.pcap,
True,L3,web_idor_url_parameter,run02,http,14429,8752614,1783190665.654491,1783190704.392726,features,web_idor_url_parameter/web_idor_url_parameter/L3/run02/http-web_idor_url_parameter-L3-run02.pcap,
True,L3,web_idor_url_parameter,run03,http,14457,8759939,1783190712.057511,1783190751.476023,features,web_idor_url_parameter/web_idor_url_parameter/L3/run03/http-web_idor_url_parameter-L3-run03.pcap,
True,L3,web_idor_url_parameter,run04,http,14489,8762235,1783190758.429849,1783190797.547023,features,web_idor_url_parameter/web_idor_url_parameter/L3/run04/http-web_idor_url_parameter-L3-run04.pcap,
True,L3,web_idor_url_parameter,run05,http,14477,8764039,1783190804.869051,1783190844.186598,features,web_idor_url_parameter/web_idor_url_parameter/L3/run05/http-web_idor_url_parameter-L3-run05.pcap,
True,L0,web_post_bruteforce,run01,http,1581,324999,1783190904.993935,1783190944.447043,features,web_post_bruteforce/web_post_bruteforce/L0/run01/http-web_post_bruteforce-L0-run01.pcap,
True,L0,web_post_bruteforce,run02,http,1580,324927,1783190948.379636,1783190987.757139,features,web_post_bruteforce/web_post_bruteforce/L0/run02/http-web_post_bruteforce-L0-run02.pcap,
True,L0,web_post_bruteforce,run03,http,1580,324927,1783190990.460796,1783191029.834017,features,web_post_bruteforce/web_post_bruteforce/L0/run03/http-web_post_bruteforce-L0-run03.pcap,
True,L0,web_post_bruteforce,run04,http,1560,320814,1783191032.684076,1783191071.65419,features,web_post_bruteforce/web_post_bruteforce/L0/run04/http-web_post_bruteforce-L0-run04.pcap,
True,L0,web_post_bruteforce,run05,http,1580,324927,1783191074.92176,1783191114.327059,features,web_post_bruteforce/web_post_bruteforce/L0/run05/http-web_post_bruteforce-L0-run05.pcap,
True,L1,web_post_bruteforce,run01,http,3781,1034067,1783191117.113435,1783191156.018757,features,web_post_bruteforce/web_post_bruteforce/L1/run01/http-web_post_bruteforce-L1-run01.pcap,
True,L1,web_post_bruteforce,run02,http,3814,1041226,1783191160.023872,1783191199.154579,features,web_post_bruteforce/web_post_bruteforce/L1/run02/http-web_post_bruteforce-L1-run02.pcap,
True,L1,web_post_bruteforce,run03,http,3736,1035387,1783191202.969877,1783191242.176895,features,web_post_bruteforce/web_post_bruteforce/L1/run03/http-web_post_bruteforce-L1-run03.pcap,
True,L1,web_post_bruteforce,run04,http,3821,1039671,1783191245.686441,1783191285.066817,features,web_post_bruteforce/web_post_bruteforce/L1/run04/http-web_post_bruteforce-L1-run04.pcap,
True,L1,web_post_bruteforce,run05,http,3849,1046470,1783191288.450892,1783191327.882793,features,web_post_bruteforce/web_post_bruteforce/L1/run05/http-web_post_bruteforce-L1-run05.pcap,
True,L2,web_post_bruteforce,run01,http,3822,1041837,1783191331.265864,1783191370.560545,features,web_post_bruteforce/web_post_bruteforce/L2/run01/http-web_post_bruteforce-L2-run01.pcap,
True,L2,web_post_bruteforce,run02,http,2080,427719,1783191374.154698,1783191413.542406,features,web_post_bruteforce/web_post_bruteforce/L2/run02/http-web_post_bruteforce-L2-run02.pcap,
True,L2,web_post_bruteforce,run03,http,3822,1041837,1783191416.381247,1783191455.661789,features,web_post_bruteforce/web_post_bruteforce/L2/run03/http-web_post_bruteforce-L2-run03.pcap,
True,L2,web_post_bruteforce,run04,http,3804,1038377,1783191459.193641,1783191498.582763,features,web_post_bruteforce/web_post_bruteforce/L2/run04/http-web_post_bruteforce-L2-run04.pcap,
True,L2,web_post_bruteforce,run05,http,3831,1045142,1783191502.006959,1783191541.35121,features,web_post_bruteforce/web_post_bruteforce/L2/run05/http-web_post_bruteforce-L2-run05.pcap,
True,L3,web_post_bruteforce,run01,http,3762,1037285,1783191544.915084,1783191583.977469,features,web_post_bruteforce/web_post_bruteforce/L3/run01/http-web_post_bruteforce-L3-run01.pcap,
True,L3,web_post_bruteforce,run02,http,3809,1040885,1783191587.778961,1783191627.011036,features,web_post_bruteforce/web_post_bruteforce/L3/run02/http-web_post_bruteforce-L3-run02.pcap,
True,L3,web_post_bruteforce,run03,http,3811,1038935,1783191630.57795,1783191669.992655,features,web_post_bruteforce/web_post_bruteforce/L3/run03/http-web_post_bruteforce-L3-run03.pcap,
True,L3,web_post_bruteforce,run04,http,3761,1039803,1783191673.362073,1783191712.767116,features,web_post_bruteforce/web_post_bruteforce/L3/run04/http-web_post_bruteforce-L3-run04.pcap,
True,L3,web_post_bruteforce,run05,http,3756,1036837,1783191716.32302,1783191755.329686,features,web_post_bruteforce/web_post_bruteforce/L3/run05/http-web_post_bruteforce-L3-run05.pcap,
True,L0,web_simple_scanner,run01,http,1580,324927,1783191836.870377,1783191876.36938,features,web_simple_scanner/web_simple_scanner/L0/run01/http-web_simple_scanner-L0-run01.pcap,
True,L0,web_simple_scanner,run02,http,1560,320814,1783191880.383605,1783191919.356304,features,web_simple_scanner/web_simple_scanner/L0/run02/http-web_simple_scanner-L0-run02.pcap,
True,L0,web_simple_scanner,run03,http,1580,324927,1783191922.657642,1783191962.081621,features,web_simple_scanner/web_simple_scanner/L0/run03/http-web_simple_scanner-L0-run03.pcap,
True,L0,web_simple_scanner,run04,http,1560,320814,1783191964.768693,1783192003.701123,features,web_simple_scanner/web_simple_scanner/L0/run04/http-web_simple_scanner-L0-run04.pcap,
True,L0,web_simple_scanner,run05,http,1580,324927,1783192006.874449,1783192046.30485,features,web_simple_scanner/web_simple_scanner/L0/run05/http-web_simple_scanner-L0-run05.pcap,
True,L1,web_simple_scanner,run01,http,49549,18855972,1783192048.968242,1783192088.425388,features,web_simple_scanner/web_simple_scanner/L1/run01/http-web_simple_scanner-L1-run01.pcap,
True,L1,web_simple_scanner,run02,http,49543,18855540,1783192105.631005,1783192144.500639,features,web_simple_scanner/web_simple_scanner/L1/run02/http-web_simple_scanner-L1-run02.pcap,
True,L1,web_simple_scanner,run03,http,49542,18855468,1783192161.965688,1783192200.828272,features,web_simple_scanner/web_simple_scanner/L1/run03/http-web_simple_scanner-L1-run03.pcap,
True,L1,web_simple_scanner,run04,http,49544,18855612,1783192218.404049,1783192257.285346,features,web_simple_scanner/web_simple_scanner/L1/run04/http-web_simple_scanner-L1-run04.pcap,
True,L1,web_simple_scanner,run05,http,49542,18855468,1783192274.928818,1783192313.977454,features,web_simple_scanner/web_simple_scanner/L1/run05/http-web_simple_scanner-L1-run05.pcap,
True,L2,web_simple_scanner,run01,http,49542,18855468,1783192331.440252,1783192370.371353,features,web_simple_scanner/web_simple_scanner/L2/run01/http-web_simple_scanner-L2-run01.pcap,
True,L2,web_simple_scanner,run02,http,49503,18847314,1783192387.849622,1783192427.025641,features,web_simple_scanner/web_simple_scanner/L2/run02/http-web_simple_scanner-L2-run02.pcap,
True,L2,web_simple_scanner,run03,http,49543,18855540,1783192445.060564,1783192483.957881,features,web_simple_scanner/web_simple_scanner/L2/run03/http-web_simple_scanner-L2-run03.pcap,
True,L2,web_simple_scanner,run04,http,49542,18855468,1783192501.39965,1783192540.317185,features,web_simple_scanner/web_simple_scanner/L2/run04/http-web_simple_scanner-L2-run04.pcap,
True,L2,web_simple_scanner,run05,http,49543,18855540,1783192557.649715,1783192596.57239,features,web_simple_scanner/web_simple_scanner/L2/run05/http-web_simple_scanner-L2-run05.pcap,
True,L3,web_simple_scanner,run01,http,49542,18855468,1783192614.231501,1783192653.136769,features,web_simple_scanner/web_simple_scanner/L3/run01/http-web_simple_scanner-L3-run01.pcap,
True,L3,web_simple_scanner,run02,http,49542,18855468,1783192670.484495,1783192709.380218,features,web_simple_scanner/web_simple_scanner/L3/run02/http-web_simple_scanner-L3-run02.pcap,
True,L3,web_simple_scanner,run03,http,49543,18855540,1783192726.993613,1783192765.906329,features,web_simple_scanner/web_simple_scanner/L3/run03/http-web_simple_scanner-L3-run03.pcap,
True,L3,web_simple_scanner,run04,http,49546,18855756,1783192783.274915,1783192822.157604,features,web_simple_scanner/web_simple_scanner/L3/run04/http-web_simple_scanner-L3-run04.pcap,
True,L3,web_simple_scanner,run05,http,49542,18855468,1783192839.545595,1783192878.415371,features,web_simple_scanner/web_simple_scanner/L3/run05/http-web_simple_scanner-L3-run05.pcap,
True,L0,web_sql_injection,run01,http,1600,329040,1783192949.093946,1783192988.989545,features,web_sql_injection/web_sql_injection/L0/run01/http-web_sql_injection-L0-run01.pcap,
True,L0,web_sql_injection,run02,http,1580,324927,1783192992.445044,1783193031.849247,features,web_sql_injection/web_sql_injection/L0/run02/http-web_sql_injection-L0-run02.pcap,
True,L0,web_sql_injection,run03,http,1561,320886,1783193034.546754,1783193073.474605,features,web_sql_injection/web_sql_injection/L0/run03/http-web_sql_injection-L0-run03.pcap,
True,L0,web_sql_injection,run04,http,1560,320814,1783193076.677403,1783193115.640886,features,web_sql_injection/web_sql_injection/L0/run04/http-web_sql_injection-L0-run04.pcap,
True,L0,web_sql_injection,run05,http,1560,320814,1783193118.891735,1783193157.851732,features,web_sql_injection/web_sql_injection/L0/run05/http-web_sql_injection-L0-run05.pcap,
True,L1,web_sql_injection,run01,http,1664,338893,1783193161.061991,1783193200.488631,features,web_sql_injection/web_sql_injection/L1/run01/http-web_sql_injection-L1-run01.pcap,
True,L1,web_sql_injection,run02,http,1663,338820,1783193203.211999,1783193242.612525,features,web_sql_injection/web_sql_injection/L1/run02/http-web_sql_injection-L1-run02.pcap,
True,L1,web_sql_injection,run03,http,1666,339035,1783193245.318017,1783193284.719047,features,web_sql_injection/web_sql_injection/L1/run03/http-web_sql_injection-L1-run03.pcap,
True,L1,web_sql_injection,run04,http,1662,338749,1783193287.38048,1783193326.779612,features,web_sql_injection/web_sql_injection/L1/run04/http-web_sql_injection-L1-run04.pcap,
True,L1,web_sql_injection,run05,http,1664,338892,1783193329.493918,1783193368.888082,features,web_sql_injection/web_sql_injection/L1/run05/http-web_sql_injection-L1-run05.pcap,
True,L2,web_sql_injection,run01,http,1662,338747,1783193371.559484,1783193410.958787,features,web_sql_injection/web_sql_injection/L2/run01/http-web_sql_injection-L2-run01.pcap,
True,L2,web_sql_injection,run02,http,1667,339108,1783193413.656842,1783193453.084367,features,web_sql_injection/web_sql_injection/L2/run02/http-web_sql_injection-L2-run02.pcap,
True,L2,web_sql_injection,run03,http,1662,338752,1783193455.71881,1783193495.105487,features,web_sql_injection/web_sql_injection/L2/run03/http-web_sql_injection-L2-run03.pcap,
True,L2,web_sql_injection,run04,http,1665,338967,1783193497.771857,1783193537.163471,features,web_sql_injection/web_sql_injection/L2/run04/http-web_sql_injection-L2-run04.pcap,
True,L2,web_sql_injection,run05,http,1642,334636,1783193539.93159,1783193578.872429,features,web_sql_injection/web_sql_injection/L2/run05/http-web_sql_injection-L2-run05.pcap,
True,L3,web_sql_injection,run01,http,1662,338750,1783193582.051327,1783193621.450208,features,web_sql_injection/web_sql_injection/L3/run01/http-web_sql_injection-L3-run01.pcap,
True,L3,web_sql_injection,run02,http,1663,338822,1783193624.119367,1783193663.508853,features,web_sql_injection/web_sql_injection/L3/run02/http-web_sql_injection-L3-run02.pcap,
True,L3,web_sql_injection,run03,http,1663,338819,1783193666.18651,1783193705.594017,features,web_sql_injection/web_sql_injection/L3/run03/http-web_sql_injection-L3-run03.pcap,
True,L3,web_sql_injection,run04,http,1665,338962,1783193708.291871,1783193747.68511,features,web_sql_injection/web_sql_injection/L3/run04/http-web_sql_injection-L3-run04.pcap,
True,L3,web_sql_injection,run05,http,1665,338963,1783193750.364903,1783193789.757189,features,web_sql_injection/web_sql_injection/L3/run05/http-web_sql_injection-L3-run05.pcap,
True,L0,web_wide_scanner,run01,http,1600,329040,1783193850.979213,1783193890.857712,features,web_wide_scanner/web_wide_scanner/L0/run01/http-web_wide_scanner-L0-run01.pcap,
True,L0,web_wide_scanner,run02,http,1581,324999,1783193894.271181,1783193933.665685,features,web_wide_scanner/web_wide_scanner/L0/run02/http-web_wide_scanner-L0-run02.pcap,
True,L0,web_wide_scanner,run03,http,1580,324927,1783193936.318011,1783193975.706611,features,web_wide_scanner/web_wide_scanner/L0/run03/http-web_wide_scanner-L0-run03.pcap,
True,L0,web_wide_scanner,run04,http,1560,320814,1783193978.392151,1783194017.343415,features,web_wide_scanner/web_wide_scanner/L0/run04/http-web_wide_scanner-L0-run04.pcap,
True,L0,web_wide_scanner,run05,http,1580,324927,1783194020.553389,1783194059.954164,features,web_wide_scanner/web_wide_scanner/L0/run05/http-web_wide_scanner-L0-run05.pcap,
True,L1,web_wide_scanner,run01,http,1560,320814,1783194062.770952,1783194101.713437,features,web_wide_scanner/web_wide_scanner/L1/run01/http-web_wide_scanner-L1-run01.pcap,
True,L1,web_wide_scanner,run02,http,1560,320814,1783194105.003175,1783194143.964778,features,web_wide_scanner/web_wide_scanner/L1/run02/http-web_wide_scanner-L1-run02.pcap,
True,L1,web_wide_scanner,run03,http,1580,324927,1783194147.132791,1783194186.578933,features,web_wide_scanner/web_wide_scanner/L1/run03/http-web_wide_scanner-L1-run03.pcap,
True,L1,web_wide_scanner,run04,http,1580,324927,1783194189.407449,1783194228.80591,features,web_wide_scanner/web_wide_scanner/L1/run04/http-web_wide_scanner-L1-run04.pcap,
True,L1,web_wide_scanner,run05,http,1560,320814,1783194231.55864,1783194270.557503,features,web_wide_scanner/web_wide_scanner/L1/run05/http-web_wide_scanner-L1-run05.pcap,
True,L2,web_wide_scanner,run01,http,1580,324927,1783194273.853569,1783194313.288923,features,web_wide_scanner/web_wide_scanner/L2/run01/http-web_wide_scanner-L2-run01.pcap,
True,L2,web_wide_scanner,run02,http,1580,324927,1783194315.937551,1783194355.299978,features,web_wide_scanner/web_wide_scanner/L2/run02/http-web_wide_scanner-L2-run02.pcap,
True,L2,web_wide_scanner,run03,http,1580,324927,1783194357.984631,1783194397.377583,features,web_wide_scanner/web_wide_scanner/L2/run03/http-web_wide_scanner-L2-run03.pcap,
True,L2,web_wide_scanner,run04,http,1580,324927,1783194400.073039,1783194439.480411,features,web_wide_scanner/web_wide_scanner/L2/run04/http-web_wide_scanner-L2-run04.pcap,
True,L2,web_wide_scanner,run05,http,1581,324999,1783194442.224346,1783194481.605899,features,web_wide_scanner/web_wide_scanner/L2/run05/http-web_wide_scanner-L2-run05.pcap,
True,L3,web_wide_scanner,run01,http,1580,324927,1783194484.343406,1783194523.78023,features,web_wide_scanner/web_wide_scanner/L3/run01/http-web_wide_scanner-L3-run01.pcap,
True,L3,web_wide_scanner,run02,http,1560,320814,1783194526.514356,1783194565.455985,features,web_wide_scanner/web_wide_scanner/L3/run02/http-web_wide_scanner-L3-run02.pcap,
True,L3,web_wide_scanner,run03,http,1580,324927,1783194568.66925,1783194608.083605,features,web_wide_scanner/web_wide_scanner/L3/run03/http-web_wide_scanner-L3-run03.pcap,
True,L3,web_wide_scanner,run04,http,1560,320814,1783194610.922473,1783194649.907139,features,web_wide_scanner/web_wide_scanner/L3/run04/http-web_wide_scanner-L3-run04.pcap,
True,L3,web_wide_scanner,run05,http,1580,324927,1783194653.206056,1783194692.576619,features,web_wide_scanner/web_wide_scanner/L3/run05/http-web_wide_scanner-L3-run05.pcap,
True,L0,web_xss_scanner,run01,http,1581,324999,1783194752.91236,1783194792.340993,features,web_xss_scanner/web_xss_scanner/L0/run01/http-web_xss_scanner-L0-run01.pcap,
True,L0,web_xss_scanner,run02,http,1580,324927,1783194796.563891,1783194835.96003,features,web_xss_scanner/web_xss_scanner/L0/run02/http-web_xss_scanner-L0-run02.pcap,
True,L0,web_xss_scanner,run03,http,1580,324927,1783194838.812274,1783194878.185951,features,web_xss_scanner/web_xss_scanner/L0/run03/http-web_xss_scanner-L0-run03.pcap,
True,L0,web_xss_scanner,run04,http,1580,324927,1783194880.924604,1783194920.298058,features,web_xss_scanner/web_xss_scanner/L0/run04/http-web_xss_scanner-L0-run04.pcap,
True,L0,web_xss_scanner,run05,http,1580,324927,1783194922.977148,1783194962.34542,features,web_xss_scanner/web_xss_scanner/L0/run05/http-web_xss_scanner-L0-run05.pcap,
True,L1,web_xss_scanner,run01,http,2209,590216,1783194965.022349,1783195004.215923,features,web_xss_scanner/web_xss_scanner/L1/run01/http-web_xss_scanner-L1-run01.pcap,
True,L1,web_xss_scanner,run02,http,2268,599865,1783195007.272921,1783195046.41799,features,web_xss_scanner/web_xss_scanner/L1/run02/http-web_xss_scanner-L1-run02.pcap,
True,L1,web_xss_scanner,run03,http,2201,590233,1783195049.723159,1783195089.171159,features,web_xss_scanner/web_xss_scanner/L1/run03/http-web_xss_scanner-L1-run03.pcap,
True,L1,web_xss_scanner,run04,http,2210,590869,1783195092.125455,1783195131.577961,features,web_xss_scanner/web_xss_scanner/L1/run04/http-web_xss_scanner-L1-run04.pcap,
True,L1,web_xss_scanner,run05,http,2267,599811,1783195134.57121,1783195173.646848,features,web_xss_scanner/web_xss_scanner/L1/run05/http-web_xss_scanner-L1-run05.pcap,
True,L2,web_xss_scanner,run01,http,2213,591122,1783195176.84906,1783195216.246766,features,web_xss_scanner/web_xss_scanner/L2/run01/http-web_xss_scanner-L2-run01.pcap,
True,L2,web_xss_scanner,run02,http,2209,590242,1783195219.244963,1783195258.37527,features,web_xss_scanner/web_xss_scanner/L2/run02/http-web_xss_scanner-L2-run02.pcap,
True,L2,web_xss_scanner,run03,http,2292,606906,1783195261.64313,1783195300.939287,features,web_xss_scanner/web_xss_scanner/L2/run03/http-web_xss_scanner-L2-run03.pcap,
True,L2,web_xss_scanner,run04,http,2290,596834,1783195303.926427,1783195343.278197,features,web_xss_scanner/web_xss_scanner/L2/run04/http-web_xss_scanner-L2-run04.pcap,
True,L2,web_xss_scanner,run05,http,2172,584344,1783195346.321067,1783195385.16768,features,web_xss_scanner/web_xss_scanner/L2/run05/http-web_xss_scanner-L2-run05.pcap,
True,L3,web_xss_scanner,run01,http,2273,602874,1783195388.756889,1783195427.756459,features,web_xss_scanner/web_xss_scanner/L3/run01/http-web_xss_scanner-L3-run01.pcap,
True,L3,web_xss_scanner,run02,http,2206,590613,1783195431.179807,1783195470.518685,features,web_xss_scanner/web_xss_scanner/L3/run02/http-web_xss_scanner-L3-run02.pcap,
True,L3,web_xss_scanner,run03,http,2190,586196,1783195473.46436,1783195512.453383,features,web_xss_scanner/web_xss_scanner/L3/run03/http-web_xss_scanner-L3-run03.pcap,
True,L3,web_xss_scanner,run04,http,2313,600580,1783195515.774476,1783195555.140228,features,web_xss_scanner/web_xss_scanner/L3/run04/http-web_xss_scanner-L3-run04.pcap,
True,L3,web_xss_scanner,run05,http,2236,592775,1783195558.288619,1783195597.693597,features,web_xss_scanner/web_xss_scanner/L3/run05/http-web_xss_scanner-L3-run05.pcap,
