port,packet_count,byte_count,packet_fraction,byte_fraction
8080,131217198,12061908646,0.19559876623287165,0.08294739408470991
7447,127289511,20834923011,0.18974396409520605,0.14327770342474935
8888,79294359,5885794239,0.11820004561922136,0.040475459446109315
1883,1361074,112219846,0.0020288834025524575,0.0007717140017781774
80,1096860,251013068,0.0016350331054179926,0.0017261679293776413
7400,399976,212583016,0.0005962237672744625,0.001461891954364599
5683,226481,15912801,0.0003376036438088474,0.0001094292300063376
2222,78029,15668595,0.00011631383967202792,0.0001077498729564425
8443,67584,150392780,0.00010074401235943476,0.0010342218264347382
445,66158,7459546,9.861834708918508e-05,5.129784347688729e-05
2323,47238,3614564,7.04152707125204e-05,2.485665190739378e-05
67,46189,13214649,6.885158006140406e-05,9.087456475286903e-05
22,11689,2350164,1.7424194490847433e-05,1.616161962363599e-05
53,6993,783086,1.0424107457823261e-05,5.385129746092022e-06
161,5805,456036,8.653216615567572e-06,3.1360706600409424e-06
1,2661,160776,3.966616608789889e-06,1.105625205989752e-06
5353,2422,154352,3.610351531938787e-06,1.0614486104575946e-06
139,2415,144456,3.599916989938964e-06,9.933957478507713e-07
5555,2286,133364,3.4076232873707955e-06,9.171182264244495e-07
8000,2286,133308,3.4076232873707955e-06,9.167331253426001e-07
7938,2281,133140,3.4001700430852076e-06,9.155778220970517e-07
8001,2280,132972,3.39867939422809e-06,9.144225188515034e-07
1434,2279,132612,3.3971887453709725e-06,9.119468690396141e-07
3995,2278,133096,3.395698096513855e-06,9.152752426755986e-07
5357,2278,133116,3.395698096513855e-06,9.154127787762591e-07
3493,2277,133032,3.3942074476567373e-06,9.14835127153485e-07
4444,2277,133056,3.3942074476567373e-06,9.150001704742776e-07
6002,2277,132852,3.3942074476567373e-06,9.135973022475403e-07
4000,2277,132840,3.3942074476567373e-06,9.13514780587144e-07
5666,2276,133008,3.3927167987996197e-06,9.146700838326924e-07
5901,2276,133008,3.3927167987996197e-06,9.146700838326924e-07
8010,2276,132804,3.3927167987996197e-06,9.132672156059551e-07
6389,2275,132948,3.391226149942502e-06,9.142574755307108e-07
6346,2275,132732,3.391226149942502e-06,9.127720856435773e-07
5500,2274,132732,3.3897355010853846e-06,9.127720856435773e-07
6792,2273,132804,3.388244852228267e-06,9.132672156059551e-07
3324,2273,132792,3.388244852228267e-06,9.131846939455587e-07
3333,2273,132792,3.388244852228267e-06,9.131846939455587e-07
3914,2273,132792,3.388244852228267e-06,9.131846939455587e-07
3031,2272,132732,3.3867542033711494e-06,9.127720856435773e-07
3766,2272,132732,3.3867542033711494e-06,9.127720856435773e-07
5102,2272,132728,3.3867542033711494e-06,9.127445784234451e-07
5560,2271,132684,3.385263554514032e-06,9.124419990019919e-07
5906,2271,132684,3.385263554514032e-06,9.124419990019919e-07
6007,2271,132684,3.385263554514032e-06,9.124419990019919e-07
6059,2271,132684,3.385263554514032e-06,9.124419990019919e-07
3221,2271,132672,3.385263554514032e-06,9.123594773415957e-07
3261,2271,132672,3.385263554514032e-06,9.123594773415957e-07
3306,2271,132672,3.385263554514032e-06,9.123594773415957e-07
3369,2271,132672,3.385263554514032e-06,9.123594773415957e-07
3905,2271,132672,3.385263554514032e-06,9.123594773415957e-07
4003,2271,132668,3.385263554514032e-06,9.123319701214635e-07
4445,2271,132672,3.385263554514032e-06,9.123594773415957e-07
5566,2270,132624,3.3837729056569143e-06,9.120293907000105e-07
5952,2270,132624,3.3837729056569143e-06,9.120293907000105e-07
6112,2270,132624,3.3837729056569143e-06,9.120293907000105e-07
6788,2270,132624,3.3837729056569143e-06,9.120293907000105e-07
7777,2270,132624,3.3837729056569143e-06,9.120293907000105e-07
3001,2270,132612,3.3837729056569143e-06,9.119468690396141e-07
3372,2270,132612,3.3837729056569143e-06,9.119468690396141e-07
3517,2270,132608,3.3837729056569143e-06,9.11919361819482e-07
5298,2270,132612,3.3837729056569143e-06,9.119468690396141e-07
5405,2270,132612,3.3837729056569143e-06,9.119468690396141e-07
5000,2270,132492,3.3837729056569143e-06,9.11121652435651e-07
8002,2269,132576,3.3822822567997967e-06,9.116993040584252e-07
8021,2269,132576,3.3822822567997967e-06,9.116993040584252e-07
8045,2269,132576,3.3822822567997967e-06,9.116993040584252e-07
5802,2269,132564,3.3822822567997967e-06,9.116167823980289e-07
5961,2269,132564,3.3822822567997967e-06,9.116167823980289e-07
7627,2269,132564,3.3822822567997967e-06,9.116167823980289e-07
7676,2269,132560,3.3822822567997967e-06,9.115892751778968e-07
7920,2269,132564,3.3822822567997967e-06,9.116167823980289e-07
3013,2269,132552,3.3822822567997967e-06,9.115342607376326e-07
3404,2269,132552,3.3822822567997967e-06,9.115342607376326e-07
3527,2269,132552,3.3822822567997967e-06,9.115342607376326e-07
3580,2269,132528,3.3822822567997967e-06,9.1136921741684e-07
3690,2269,132528,3.3822822567997967e-06,9.1136921741684e-07
4129,2269,132552,3.3822822567997967e-06,9.115342607376326e-07
8011,2268,132516,3.380791607942679e-06,9.112866957564436e-07
5730,2268,132504,3.380791607942679e-06,9.112041740960473e-07
6567,2268,132480,3.380791607942679e-06,9.110391307752547e-07
7004,2268,132500,3.380791607942679e-06,9.111766668759152e-07
3390,2268,132468,3.380791607942679e-06,9.109566091148584e-07
3689,2268,132468,3.380791607942679e-06,9.109566091148584e-07
3826,2268,132468,3.380791607942679e-06,9.109566091148584e-07
4001,2268,132472,3.380791607942679e-06,9.109841163349905e-07
4002,2268,132468,3.380791607942679e-06,9.109566091148584e-07
4045,2268,132468,3.380791607942679e-06,9.109566091148584e-07
4321,2268,132468,3.380791607942679e-06,9.109566091148584e-07
5060,2268,132488,3.380791607942679e-06,9.110941452155189e-07
6123,2267,132424,3.3793009590855615e-06,9.106540296934052e-07
2909,2267,132432,3.3793009590855615e-06,9.107090441336695e-07
3367,2267,132408,3.3793009590855615e-06,9.105440008128768e-07
3476,2267,132408,3.3793009590855615e-06,9.105440008128768e-07
4125,2267,132408,3.3793009590855615e-06,9.105440008128768e-07
4126,2267,132408,3.3793009590855615e-06,9.105440008128768e-07
4446,2267,132408,3.3793009590855615e-06,9.105440008128768e-07
5226,2267,132408,3.3793009590855615e-06,9.105440008128768e-07
5962,2266,132360,3.377810310228444e-06,9.102139141712916e-07
5987,2266,132360,3.377810310228444e-06,9.102139141712916e-07
6510,2266,132360,3.377810310228444e-06,9.102139141712916e-07
6580,2266,132360,3.377810310228444e-06,9.102139141712916e-07
7496,2266,132380,3.377810310228444e-06,9.103514502719522e-07
3003,2266,132348,3.377810310228444e-06,9.101313925108954e-07
3052,2266,132348,3.377810310228444e-06,9.101313925108954e-07
3168,2266,132348,3.377810310228444e-06,9.101313925108954e-07
3546,2266,132348,3.377810310228444e-06,9.101313925108954e-07
3703,2266,132348,3.377810310228444e-06,9.101313925108954e-07
3809,2266,132348,3.377810310228444e-06,9.101313925108954e-07
3998,2266,132348,3.377810310228444e-06,9.101313925108954e-07
4662,2266,132348,3.377810310228444e-06,9.101313925108954e-07
5001,2266,132348,3.377810310228444e-06,9.101313925108954e-07
5030,2266,132348,3.377810310228444e-06,9.101313925108954e-07
5061,2266,132348,3.377810310228444e-06,9.101313925108954e-07
5269,2266,132348,3.377810310228444e-06,9.101313925108954e-07
5431,2266,132348,3.377810310228444e-06,9.101313925108954e-07
21,2265,133056,3.3763196613713264e-06,9.150001704742776e-07
5999,2265,132300,3.3763196613713264e-06,9.0980130586931e-07
6566,2265,132300,3.3763196613713264e-06,9.0980130586931e-07
6667,2265,132300,3.3763196613713264e-06,9.0980130586931e-07
7019,2265,132300,3.3763196613713264e-06,9.0980130586931e-07
7778,2265,132300,3.3763196613713264e-06,9.0980130586931e-07
2869,2265,132312,3.3763196613713264e-06,9.098838275297064e-07
3269,2265,132288,3.3763196613713264e-06,9.097187842089138e-07
3283,2265,132288,3.3763196613713264e-06,9.097187842089138e-07
3300,2265,132288,3.3763196613713264e-06,9.097187842089138e-07
3301,2265,132288,3.3763196613713264e-06,9.097187842089138e-07
3351,2265,132288,3.3763196613713264e-06,9.097187842089138e-07
3370,2265,132288,3.3763196613713264e-06,9.097187842089138e-07
3389,2265,132288,3.3763196613713264e-06,9.097187842089138e-07
3551,2265,132288,3.3763196613713264e-06,9.097187842089138e-07
3659,2265,132288,3.3763196613713264e-06,9.097187842089138e-07
3737,2265,132288,3.3763196613713264e-06,9.097187842089138e-07
3784,2265,132288,3.3763196613713264e-06,9.097187842089138e-07
3828,2265,132288,3.3763196613713264e-06,9.097187842089138e-07
3851,2265,132288,3.3763196613713264e-06,9.097187842089138e-07
3880,2265,132288,3.3763196613713264e-06,9.097187842089138e-07
3920,2265,132288,3.3763196613713264e-06,9.097187842089138e-07
4005,2265,132288,3.3763196613713264e-06,9.097187842089138e-07
4224,2265,132288,3.3763196613713264e-06,9.097187842089138e-07
4449,2265,132288,3.3763196613713264e-06,9.097187842089138e-07
5100,2265,132288,3.3763196613713264e-06,9.097187842089138e-07
137,2265,142896,3.3763196613713264e-06,9.826679319992513e-07
389,2264,133008,3.3748290125142088e-06,9.146700838326924e-07
636,2264,133008,3.3748290125142088e-06,9.146700838326924e-07
5550,2264,132240,3.3748290125142088e-06,9.093886975673285e-07
5678,2264,132240,3.3748290125142088e-06,9.093886975673285e-07
5811,2264,132240,3.3748290125142088e-06,9.093886975673285e-07
5815,2264,132240,3.3748290125142088e-06,9.093886975673285e-07
5902,2264,132240,3.3748290125142088e-06,9.093886975673285e-07
5910,2264,132240,3.3748290125142088e-06,9.093886975673285e-07
5915,2264,132240,3.3748290125142088e-06,9.093886975673285e-07
5959,2264,132240,3.3748290125142088e-06,9.093886975673285e-07
6004,2264,132240,3.3748290125142088e-06,9.093886975673285e-07
6005,2264,132240,3.3748290125142088e-06,9.093886975673285e-07
6009,2264,132240,3.3748290125142088e-06,9.093886975673285e-07
6502,2264,132240,3.3748290125142088e-06,9.093886975673285e-07
6666,2264,132240,3.3748290125142088e-06,9.093886975673285e-07
6839,2264,132240,3.3748290125142088e-06,9.093886975673285e-07
7100,2264,132240,3.3748290125142088e-06,9.093886975673285e-07
7911,2264,132240,3.3748290125142088e-06,9.093886975673285e-07
7921,2264,132240,3.3748290125142088e-06,9.093886975673285e-07
2811,2264,132252,3.3748290125142088e-06,9.094712192277248e-07
3030,2264,132228,3.3748290125142088e-06,9.093061759069322e-07
3077,2264,132228,3.3748290125142088e-06,9.093061759069322e-07
3128,2264,132228,3.3748290125142088e-06,9.093061759069322e-07
3211,2264,132228,3.3748290125142088e-06,9.093061759069322e-07
3260,2264,132228,3.3748290125142088e-06,9.093061759069322e-07
3268,2264,132228,3.3748290125142088e-06,9.093061759069322e-07
3323,2264,132228,3.3748290125142088e-06,9.093061759069322e-07
3371,2264,132228,3.3748290125142088e-06,9.093061759069322e-07
3814,2264,132228,3.3748290125142088e-06,9.093061759069322e-07
3869,2264,132228,3.3748290125142088e-06,9.093061759069322e-07
3945,2264,132228,3.3748290125142088e-06,9.093061759069322e-07
4004,2264,132228,3.3748290125142088e-06,9.093061759069322e-07
4242,2264,132228,3.3748290125142088e-06,9.093061759069322e-07
4848,2264,132228,3.3748290125142088e-06,9.093061759069322e-07
5002,2264,132228,3.3748290125142088e-06,9.093061759069322e-07
5003,2264,132228,3.3748290125142088e-06,9.093061759069322e-07
5009,2264,132228,3.3748290125142088e-06,9.093061759069322e-07
5050,2264,132228,3.3748290125142088e-06,9.093061759069322e-07
5214,2264,132228,3.3748290125142088e-06,9.093061759069322e-07
5221,2264,132228,3.3748290125142088e-06,9.093061759069322e-07
5222,2264,132228,3.3748290125142088e-06,9.093061759069322e-07
8007,2263,132192,3.373338363657091e-06,9.090586109257433e-07
5631,2263,132180,3.373338363657091e-06,9.08976089265347e-07
5679,2263,132180,3.373338363657091e-06,9.08976089265347e-07
5718,2263,132180,3.373338363657091e-06,9.08976089265347e-07
5903,2263,132180,3.373338363657091e-06,9.08976089265347e-07
5922,2263,132180,3.373338363657091e-06,9.08976089265347e-07
5925,2263,132180,3.373338363657091e-06,9.08976089265347e-07
6025,2263,132180,3.373338363657091e-06,9.08976089265347e-07
6129,2263,132180,3.373338363657091e-06,9.08976089265347e-07
6156,2263,132180,3.373338363657091e-06,9.08976089265347e-07
6547,2263,132180,3.373338363657091e-06,9.08976089265347e-07
6646,2263,132180,3.373338363657091e-06,9.08976089265347e-07
6699,2263,132180,3.373338363657091e-06,9.08976089265347e-07
6881,2263,132180,3.373338363657091e-06,9.08976089265347e-07
7000,2263,132180,3.373338363657091e-06,9.08976089265347e-07
7002,2263,132180,3.373338363657091e-06,9.08976089265347e-07
7007,2263,132180,3.373338363657091e-06,9.08976089265347e-07
7106,2263,132180,3.373338363657091e-06,9.08976089265347e-07
7201,2263,132180,3.373338363657091e-06,9.08976089265347e-07
7402,2263,132180,3.373338363657091e-06,9.08976089265347e-07
7443,2263,132180,3.373338363657091e-06,9.08976089265347e-07
7512,2263,132180,3.373338363657091e-06,9.08976089265347e-07
7800,2263,132180,3.373338363657091e-06,9.08976089265347e-07
2875,2263,132168,3.373338363657091e-06,9.088935676049507e-07
2910,2263,132168,3.373338363657091e-06,9.088935676049507e-07
2968,2263,132168,3.373338363657091e-06,9.088935676049507e-07
3017,2263,132168,3.373338363657091e-06,9.088935676049507e-07
3071,2263,132168,3.373338363657091e-06,9.088935676049507e-07
3322,2263,132168,3.373338363657091e-06,9.088935676049507e-07
3801,2263,132168,3.373338363657091e-06,9.088935676049507e-07
3827,2263,132168,3.373338363657091e-06,9.088935676049507e-07
3871,2263,132168,3.373338363657091e-06,9.088935676049507e-07
3889,2263,132168,3.373338363657091e-06,9.088935676049507e-07
3918,2263,132168,3.373338363657091e-06,9.088935676049507e-07
3971,2263,132168,3.373338363657091e-06,9.088935676049507e-07
3986,2263,132168,3.373338363657091e-06,9.088935676049507e-07
4006,2263,132168,3.373338363657091e-06,9.088935676049507e-07
4111,2263,132168,3.373338363657091e-06,9.088935676049507e-07
4279,2263,132168,3.373338363657091e-06,9.088935676049507e-07
4343,2263,132168,3.373338363657091e-06,9.088935676049507e-07
4550,2263,132168,3.373338363657091e-06,9.088935676049507e-07
4900,2263,132168,3.373338363657091e-06,9.088935676049507e-07
5054,2263,132168,3.373338363657091e-06,9.088935676049507e-07
5080,2263,132168,3.373338363657091e-06,9.088935676049507e-07
5087,2263,132168,3.373338363657091e-06,9.088935676049507e-07
5101,2263,132168,3.373338363657091e-06,9.088935676049507e-07
5120,2263,132168,3.373338363657091e-06,9.088935676049507e-07
5225,2263,132168,3.373338363657091e-06,9.088935676049507e-07
5280,2263,132168,3.373338363657091e-06,9.088935676049507e-07
5414,2263,132168,3.373338363657091e-06,9.088935676049507e-07
8008,2262,132132,3.3718477147999736e-06,9.086460026237617e-07
8031,2262,132132,3.3718477147999736e-06,9.086460026237617e-07
5510,2262,132120,3.3718477147999736e-06,9.085634809633655e-07
5801,2262,132120,3.3718477147999736e-06,9.085634809633655e-07
5810,2262,132120,3.3718477147999736e-06,9.085634809633655e-07
5825,2262,132120,3.3718477147999736e-06,9.085634809633655e-07
5850,2262,132120,3.3718477147999736e-06,9.085634809633655e-07
5877,2262,132120,3.3718477147999736e-06,9.085634809633655e-07
5900,2262,132120,3.3718477147999736e-06,9.085634809633655e-07
5904,2262,132120,3.3718477147999736e-06,9.085634809633655e-07
5911,2262,132120,3.3718477147999736e-06,9.085634809633655e-07
5950,2262,132120,3.3718477147999736e-06,9.085634809633655e-07
5963,2262,132120,3.3718477147999736e-06,9.085634809633655e-07
5989,2262,132120,3.3718477147999736e-06,9.085634809633655e-07
6000,2262,132120,3.3718477147999736e-06,9.085634809633655e-07
6006,2262,132120,3.3718477147999736e-06,9.085634809633655e-07
6100,2262,132120,3.3718477147999736e-06,9.085634809633655e-07
6101,2262,132120,3.3718477147999736e-06,9.085634809633655e-07
6106,2262,132120,3.3718477147999736e-06,9.085634809633655e-07
6543,2262,132120,3.3718477147999736e-06,9.085634809633655e-07
6565,2262,132120,3.3718477147999736e-06,9.085634809633655e-07
6669,2262,132120,3.3718477147999736e-06,9.085634809633655e-07
6692,2262,132120,3.3718477147999736e-06,9.085634809633655e-07
6779,2262,132120,3.3718477147999736e-06,9.085634809633655e-07
6969,2262,132120,3.3718477147999736e-06,9.085634809633655e-07
7025,2262,132120,3.3718477147999736e-06,9.085634809633655e-07
7103,2262,132120,3.3718477147999736e-06,9.085634809633655e-07
7200,2262,132120,3.3718477147999736e-06,9.085634809633655e-07
7435,2262,132120,3.3718477147999736e-06,9.085634809633655e-07
7625,2262,132120,3.3718477147999736e-06,9.085634809633655e-07
2967,2262,132108,3.3718477147999736e-06,9.084809593029691e-07
2998,2262,132108,3.3718477147999736e-06,9.084809593029691e-07
3011,2262,132108,3.3718477147999736e-06,9.084809593029691e-07
3325,2262,132108,3.3718477147999736e-06,9.084809593029691e-07
3800,2262,132108,3.3718477147999736e-06,9.084809593029691e-07
3878,2262,132108,3.3718477147999736e-06,9.084809593029691e-07
4443,2262,132108,3.3718477147999736e-06,9.084809593029691e-07
4567,2262,132108,3.3718477147999736e-06,9.084809593029691e-07
4899,2262,132108,3.3718477147999736e-06,9.084809593029691e-07
5051,2262,132108,3.3718477147999736e-06,9.084809593029691e-07
5190,2262,132108,3.3718477147999736e-06,9.084809593029691e-07
5200,2262,132108,3.3718477147999736e-06,9.084809593029691e-07
5432,2262,132108,3.3718477147999736e-06,9.084809593029691e-07
5440,2262,132108,3.3718477147999736e-06,9.084809593029691e-07
2701,2261,132108,3.370357065942856e-06,9.084809593029691e-07
7999,2261,132072,3.370357065942856e-06,9.082333943217803e-07
8022,2261,132072,3.370357065942856e-06,9.082333943217803e-07
5544,2261,132060,3.370357065942856e-06,9.081508726613839e-07
5822,2261,132060,3.370357065942856e-06,9.081508726613839e-07
5859,2261,132060,3.370357065942856e-06,9.081508726613839e-07
5862,2261,132060,3.370357065942856e-06,9.081508726613839e-07
5907,2261,132060,3.370357065942856e-06,9.081508726613839e-07
5960,2261,132060,3.370357065942856e-06,9.081508726613839e-07
6001,2261,132060,3.370357065942856e-06,9.081508726613839e-07
6668,2261,132060,3.370357065942856e-06,9.081508726613839e-07
6689,2261,132060,3.370357065942856e-06,9.081508726613839e-07
6901,2261,132060,3.370357065942856e-06,9.081508726613839e-07
7001,2261,132060,3.370357065942856e-06,9.081508726613839e-07
7937,2261,132060,3.370357065942856e-06,9.081508726613839e-07
4998,2261,132048,3.370357065942856e-06,9.080683510009875e-07
5004,2261,132048,3.370357065942856e-06,9.080683510009875e-07
5033,2261,132048,3.370357065942856e-06,9.080683510009875e-07
8009,2260,132012,3.3688664170857385e-06,9.078207860197987e-07
8042,2260,132012,3.3688664170857385e-06,9.078207860197987e-07
5633,2260,132000,3.3688664170857385e-06,9.077382643594023e-07
5800,2260,132000,3.3688664170857385e-06,9.077382643594023e-07
5988,2260,132000,3.3688664170857385e-06,9.077382643594023e-07
5998,2260,132000,3.3688664170857385e-06,9.077382643594023e-07
6003,2260,132000,3.3688664170857385e-06,9.077382643594023e-07
6789,2260,132000,3.3688664170857385e-06,9.077382643594023e-07
7070,2260,132000,3.3688664170857385e-06,9.077382643594023e-07
7741,2260,132000,3.3688664170857385e-06,9.077382643594023e-07
3000,2260,131988,3.3688664170857385e-06,9.076557426990061e-07
3005,2260,131988,3.3688664170857385e-06,9.076557426990061e-07
3007,2260,131988,3.3688664170857385e-06,9.076557426990061e-07
500,2260,137796,3.3688664170857385e-06,9.475962263308197e-07
2920,2259,131928,3.367375768228621e-06,9.072431343970245e-07
3006,2259,131928,3.367375768228621e-06,9.072431343970245e-07
2049,2259,132696,3.367375768228621e-06,9.125245206623883e-07
2702,2258,131928,3.3658851193715033e-06,9.072431343970245e-07
2800,2258,131868,3.3658851193715033e-06,9.06830526095043e-07
2604,2257,131892,3.3643944705143857e-06,9.069955694158356e-07
2725,2257,131832,3.3643944705143857e-06,9.06582961113854e-07
2809,2256,131748,3.362903821657268e-06,9.060053094910798e-07
2718,2255,131712,3.3614131728001506e-06,9.05757744509891e-07
2710,2255,131712,3.3614131728001506e-06,9.05757744509891e-07
2602,2254,131712,3.359922523943033e-06,9.05757744509891e-07
2717,2254,131652,3.359922523943033e-06,9.053451362079094e-07
2383,2253,131664,3.3584318750859154e-06,9.054276578683056e-07
2161,2253,131496,3.3584318750859154e-06,9.042723546227573e-07
2638,2252,131544,3.356941226228798e-06,9.046024412643426e-07
2608,2251,131508,3.3554505773716802e-06,9.043548762831537e-07
2381,2250,131480,3.3539599285145627e-06,9.041623257422289e-07
2557,2250,131448,3.3539599285145627e-06,9.039422679811721e-07
2605,2250,131448,3.3539599285145627e-06,9.039422679811721e-07
2607,2250,131448,3.3539599285145627e-06,9.039422679811721e-07
687,2248,130920,3.3509786308003275e-06,9.003113149237345e-07
2394,2247,131280,3.34948798194321e-06,9.027869647356238e-07
2399,2247,131280,3.34948798194321e-06,9.027869647356238e-07
2500,2247,131268,3.34948798194321e-06,9.027044430752275e-07
2601,2247,131268,3.34948798194321e-06,9.027044430752275e-07
2393,2246,131220,3.3479973330860924e-06,9.023743564336422e-07
2401,2246,131220,3.3479973330860924e-06,9.023743564336422e-07
2492,2246,131208,3.3479973330860924e-06,9.022918347732459e-07
2525,2246,131208,3.3479973330860924e-06,9.022918347732459e-07
2522,2245,131148,3.3465066842289748e-06,9.018792264712644e-07
2301,2244,131100,3.345016035371857e-06,9.015491398296792e-07
2022,2243,131100,3.3435253865147396e-06,9.015491398296792e-07
2366,2243,131040,3.3435253865147396e-06,9.011365315276976e-07
2043,2242,131020,3.342034737657622e-06,9.00998995427037e-07
2288,2242,130980,3.342034737657622e-06,9.00723923225716e-07
2382,2242,130980,3.342034737657622e-06,9.00723923225716e-07
2035,2241,130968,3.3405440888005045e-06,9.006414015653198e-07
2107,2241,130964,3.3405440888005045e-06,9.006138943451876e-07
2099,2240,130908,3.339053439943387e-06,9.002287932633382e-07
1862,2239,130860,3.3375627910862693e-06,8.99898706621753e-07
1972,2239,130856,3.3375627910862693e-06,8.998711994016209e-07
2200,2239,130824,3.3375627910862693e-06,8.996511416405641e-07
2260,2239,130812,3.3375627910862693e-06,8.995686199801677e-07
1041,2239,132948,3.3375627910862693e-06,9.142574755307108e-07
1974,2238,130800,3.3360721422291517e-06,8.994860983197715e-07
2002,2238,130776,3.3360721422291517e-06,8.993210549989788e-07
2251,2238,130752,3.3360721422291517e-06,8.991560116781861e-07
2106,2237,130704,3.334581493372034e-06,8.988259250366009e-07
2126,2237,130704,3.334581493372034e-06,8.988259250366009e-07
2179,2237,130704,3.334581493372034e-06,8.988259250366009e-07
2191,2237,130704,3.334581493372034e-06,8.988259250366009e-07
2045,2236,130644,3.3330908445149166e-06,8.984133167346194e-07
2065,2236,130644,3.3330908445149166e-06,8.984133167346194e-07
2111,2236,130644,3.3330908445149166e-06,8.984133167346194e-07
2119,2236,130644,3.3330908445149166e-06,8.984133167346194e-07
2135,2236,130644,3.3330908445149166e-06,8.984133167346194e-07
2170,2236,130644,3.3330908445149166e-06,8.984133167346194e-07
2190,2236,130644,3.3330908445149166e-06,8.984133167346194e-07
1839,2235,130620,3.331600195657799e-06,8.982482734138268e-07
1864,2235,130620,3.331600195657799e-06,8.982482734138268e-07
2040,2235,130584,3.331600195657799e-06,8.980007084326379e-07
2047,2235,130584,3.331600195657799e-06,8.980007084326379e-07
2105,2235,130584,3.331600195657799e-06,8.980007084326379e-07
2160,2235,130584,3.331600195657799e-06,8.980007084326379e-07
2196,2235,130584,3.331600195657799e-06,8.980007084326379e-07
1947,2234,130536,3.3301095468006814e-06,8.976706217910526e-07
1998,2234,130536,3.3301095468006814e-06,8.976706217910526e-07
2000,2234,130536,3.3301095468006814e-06,8.976706217910526e-07
2003,2234,130536,3.3301095468006814e-06,8.976706217910526e-07
2021,2234,130536,3.3301095468006814e-06,8.976706217910526e-07
2030,2234,130524,3.3301095468006814e-06,8.975881001306563e-07
2034,2234,130524,3.3301095468006814e-06,8.975881001306563e-07
2038,2234,130524,3.3301095468006814e-06,8.975881001306563e-07
2041,2234,130524,3.3301095468006814e-06,8.975881001306563e-07
2042,2234,130524,3.3301095468006814e-06,8.975881001306563e-07
2100,2234,130524,3.3301095468006814e-06,8.975881001306563e-07
2103,2234,130524,3.3301095468006814e-06,8.975881001306563e-07
2121,2234,130524,3.3301095468006814e-06,8.975881001306563e-07
2144,2234,130524,3.3301095468006814e-06,8.975881001306563e-07
1658,2233,130500,3.328618897943564e-06,8.974230568098637e-07
1805,2233,130500,3.328618897943564e-06,8.974230568098637e-07
1971,2233,130476,3.328618897943564e-06,8.97258013489071e-07
1984,2233,130476,3.328618897943564e-06,8.97258013489071e-07
2008,2233,130476,3.328618897943564e-06,8.97258013489071e-07
2009,2233,130476,3.328618897943564e-06,8.97258013489071e-07
2010,2233,130476,3.328618897943564e-06,8.97258013489071e-07
2046,2233,130464,3.328618897943564e-06,8.971754918286748e-07
2048,2233,130464,3.328618897943564e-06,8.971754918286748e-07
2068,2233,130464,3.328618897943564e-06,8.971754918286748e-07
1433,2233,130368,3.328618897943564e-06,8.965153185455042e-07
1060,2233,132108,3.328618897943564e-06,9.084809593029691e-07
1038,2233,132228,3.328618897943564e-06,9.093061759069322e-07
2013,2232,130416,3.3271282490864462e-06,8.968454051870896e-07
2020,2232,130416,3.3271282490864462e-06,8.968454051870896e-07
2033,2232,130404,3.3271282490864462e-06,8.967628835266932e-07
1580,2231,130380,3.3256376002293287e-06,8.965978402059006e-07
1875,2231,130356,3.3256376002293287e-06,8.96432796885108e-07
1999,2231,130356,3.3256376002293287e-06,8.96432796885108e-07
2004,2231,130356,3.3256376002293287e-06,8.96432796885108e-07
2005,2231,130356,3.3256376002293287e-06,8.96432796885108e-07
2006,2231,130356,3.3256376002293287e-06,8.96432796885108e-07
2007,2231,130356,3.3256376002293287e-06,8.96432796885108e-07
1718,2231,130284,3.3256376002293287e-06,8.959376669227301e-07
1594,2230,130300,3.324146951372211e-06,8.960476958032585e-07
1782,2230,130296,3.324146951372211e-06,8.960201885831264e-07
1900,2230,130296,3.324146951372211e-06,8.960201885831264e-07
1935,2230,130296,3.324146951372211e-06,8.960201885831264e-07
2001,2230,130296,3.324146951372211e-06,8.960201885831264e-07
1600,2229,130236,3.3226563025150935e-06,8.956075802811449e-07
1641,2229,130236,3.3226563025150935e-06,8.956075802811449e-07
1687,2229,130236,3.3226563025150935e-06,8.956075802811449e-07
1688,2229,130236,3.3226563025150935e-06,8.956075802811449e-07
1717,2229,130236,3.3226563025150935e-06,8.956075802811449e-07
1719,2229,130236,3.3226563025150935e-06,8.956075802811449e-07
1720,2229,130236,3.3226563025150935e-06,8.956075802811449e-07
1761,2229,130236,3.3226563025150935e-06,8.956075802811449e-07
1048,2229,131628,3.3226563025150935e-06,9.051800928871168e-07
1700,2228,130176,3.321165653657976e-06,8.951949719791633e-07
1721,2228,130176,3.321165653657976e-06,8.951949719791633e-07
1840,2228,130176,3.321165653657976e-06,8.951949719791633e-07
1914,2228,130176,3.321165653657976e-06,8.951949719791633e-07
1455,2227,130164,3.3196750048008583e-06,8.95112450318767e-07
1666,2227,130116,3.3196750048008583e-06,8.947823636771817e-07
1812,2227,130116,3.3196750048008583e-06,8.947823636771817e-07
1863,2227,130116,3.3196750048008583e-06,8.947823636771817e-07
1234,2227,130008,3.3196750048008583e-06,8.94039668733615e-07
1583,2226,130056,3.3181843559437408e-06,8.943697553752003e-07
1783,2226,130056,3.3181843559437408e-06,8.943697553752003e-07
1801,2226,130056,3.3181843559437408e-06,8.943697553752003e-07
1124,2226,131196,3.3181843559437408e-06,9.022093131128496e-07
1045,2226,131448,3.3181843559437408e-06,9.039422679811721e-07
1233,2225,130080,3.316693707086623e-06,8.945347986959929e-07
1334,2225,130056,3.316693707086623e-06,8.943697553752003e-07
1521,2225,130008,3.316693707086623e-06,8.94039668733615e-07
1723,2225,129996,3.316693707086623e-06,8.939571470732187e-07
1755,2225,129996,3.316693707086623e-06,8.939571470732187e-07
1066,2225,131268,3.316693707086623e-06,9.027044430752275e-07
1213,2224,130020,3.3152030582295056e-06,8.941221903940113e-07
1533,2224,129936,3.3152030582295056e-06,8.935445387712371e-07
464,2224,129768,3.3152030582295056e-06,8.923892355256888e-07
1185,2223,129960,3.313712409372388e-06,8.937095820920298e-07
1524,2223,129888,3.313712409372388e-06,8.932144521296519e-07
1556,2223,129876,3.313712409372388e-06,8.931319304692556e-07
1068,2223,130692,3.313712409372388e-06,8.987434033762047e-07
1201,2222,129900,3.3122217605152704e-06,8.932969737900482e-07
1259,2222,129888,3.3122217605152704e-06,8.932144521296519e-07
1272,2222,129888,3.3122217605152704e-06,8.932144521296519e-07
1461,2222,129840,3.3122217605152704e-06,8.928843654880666e-07
1296,2221,129804,3.310731111658153e-06,8.926368005068778e-07
1443,2221,129792,3.310731111658153e-06,8.925542788464814e-07
1500,2221,129768,3.310731111658153e-06,8.923892355256888e-07
1501,2221,129768,3.310731111658153e-06,8.923892355256888e-07
1503,2221,129768,3.310731111658153e-06,8.923892355256888e-07
1024,2221,129660,3.310731111658153e-06,8.91646540582122e-07
1183,2220,129756,3.3092404628010353e-06,8.923067138652926e-07
1199,2220,129780,3.3092404628010353e-06,8.924717571860852e-07
1322,2220,129744,3.3092404628010353e-06,8.922241922048962e-07
1417,2220,129732,3.3092404628010353e-06,8.921416705444998e-07
1494,2220,129708,3.3092404628010353e-06,8.919766272237072e-07
1055,2220,130488,3.3092404628010353e-06,8.973405351494674e-07
593,2220,129576,3.3092404628010353e-06,8.910688889593479e-07
1054,2220,130728,3.3092404628010353e-06,8.989909683573935e-07
1114,2219,129720,3.3077498139439177e-06,8.920591488841036e-07
1163,2219,129720,3.3077498139439177e-06,8.920591488841036e-07
1216,2219,129720,3.3077498139439177e-06,8.920591488841036e-07
1236,2219,129696,3.3077498139439177e-06,8.91894105563311e-07
1287,2219,129684,3.3077498139439177e-06,8.918115839029146e-07
1309,2219,129704,3.3077498139439177e-06,8.919491200035752e-07
1352,2219,129672,3.3077498139439177e-06,8.917290622425184e-07
1025,2219,130212,3.3077498139439177e-06,8.954425369603523e-07
1037,2219,130548,3.3077498139439177e-06,8.977531434514489e-07
1174,2218,129656,3.3062591650868e-06,8.916190333619899e-07
1081,2218,130368,3.3062591650868e-06,8.965153185455042e-07
1102,2217,129600,3.3047685162296825e-06,8.912339322801405e-07
1300,2217,129564,3.3047685162296825e-06,8.909863672989515e-07
1311,2217,129564,3.3047685162296825e-06,8.909863672989515e-07
1087,2217,130308,3.3047685162296825e-06,8.961027102435228e-07
1110,2216,129540,3.303277867372565e-06,8.908213239781589e-07
1117,2216,129540,3.303277867372565e-06,8.908213239781589e-07
1148,2216,129516,3.303277867372565e-06,8.906562806573663e-07
1164,2216,129516,3.303277867372565e-06,8.906562806573663e-07
1186,2216,129516,3.303277867372565e-06,8.906562806573663e-07
1198,2216,129516,3.303277867372565e-06,8.906562806573663e-07
1244,2216,129516,3.303277867372565e-06,8.906562806573663e-07
1247,2216,129516,3.303277867372565e-06,8.906562806573663e-07
1277,2216,129504,3.303277867372565e-06,8.9057375899697e-07
1310,2216,129504,3.303277867372565e-06,8.9057375899697e-07
1033,2216,130128,3.303277867372565e-06,8.948648853375781e-07
407,2216,129864,3.303277867372565e-06,8.930494088088593e-07
512,2216,129384,3.303277867372565e-06,8.897485423930069e-07
1061,2215,129492,3.3017872185154474e-06,8.904912373365737e-07
1137,2215,129480,3.3017872185154474e-06,8.904087156761774e-07
1166,2215,129456,3.3017872185154474e-06,8.902436723553847e-07
1218,2215,129456,3.3017872185154474e-06,8.902436723553847e-07
1328,2215,129432,3.3017872185154474e-06,8.900786290345921e-07
902,2215,129324,3.3017872185154474e-06,8.893359340910254e-07
443,2214,129720,3.30029656965833e-06,8.920591488841036e-07
1077,2214,129432,3.30029656965833e-06,8.900786290345921e-07
1096,2214,129420,3.30029656965833e-06,8.899961073741959e-07
1151,2214,129396,3.30029656965833e-06,8.898310640534033e-07
1175,2214,129396,3.30029656965833e-06,8.898310640534033e-07
1217,2214,129396,3.30029656965833e-06,8.898310640534033e-07
1248,2214,129396,3.30029656965833e-06,8.898310640534033e-07
1271,2214,129384,3.30029656965833e-06,8.897485423930069e-07
1050,2214,129888,3.30029656965833e-06,8.932144521296519e-07
1059,2214,129888,3.30029656965833e-06,8.932144521296519e-07
1149,2213,129336,3.2988059208012122e-06,8.894184557514217e-07
1154,2213,129336,3.2988059208012122e-06,8.894184557514217e-07
1187,2213,129336,3.2988059208012122e-06,8.894184557514217e-07
1301,2213,129324,3.2988059208012122e-06,8.893359340910254e-07
17,2213,129560,3.2988059208012122e-06,8.909588600788195e-07
1083,2212,129312,3.2973152719440947e-06,8.892534124306291e-07
1145,2212,129276,3.2973152719440947e-06,8.890058474494401e-07
1152,2212,129276,3.2973152719440947e-06,8.890058474494401e-07
1165,2212,129276,3.2973152719440947e-06,8.890058474494401e-07
1192,2212,129276,3.2973152719440947e-06,8.890058474494401e-07
515,2212,129192,3.2973152719440947e-06,8.88428195826666e-07
1046,2212,129768,3.2973152719440947e-06,8.923892355256888e-07
1047,2212,129768,3.2973152719440947e-06,8.923892355256888e-07
1026,2211,129248,3.295824623086977e-06,8.888132969085154e-07
1056,2211,129248,3.295824623086977e-06,8.888132969085154e-07
1097,2211,129216,3.295824623086977e-06,8.885932391474586e-07
1132,2211,129216,3.295824623086977e-06,8.885932391474586e-07
1141,2211,129216,3.295824623086977e-06,8.885932391474586e-07
1169,2211,129216,3.295824623086977e-06,8.885932391474586e-07
1034,2210,129192,3.2943339742298595e-06,8.88428195826666e-07
1089,2210,129172,3.2943339742298595e-06,8.882906597260054e-07
1106,2210,129156,3.2943339742298595e-06,8.88180630845477e-07
1113,2210,129156,3.2943339742298595e-06,8.88180630845477e-07
1122,2210,129156,3.2943339742298595e-06,8.88180630845477e-07
1131,2210,129156,3.2943339742298595e-06,8.88180630845477e-07
1147,2210,129156,3.2943339742298595e-06,8.88180630845477e-07
1032,2209,129112,3.292843325372742e-06,8.87878051424024e-07
1036,2209,129108,3.292843325372742e-06,8.878505442038918e-07
1067,2209,129108,3.292843325372742e-06,8.878505442038918e-07
1079,2209,129108,3.292843325372742e-06,8.878505442038918e-07
1082,2209,129108,3.292843325372742e-06,8.878505442038918e-07
1090,2209,129108,3.292843325372742e-06,8.878505442038918e-07
1093,2209,129096,3.292843325372742e-06,8.877680225434954e-07
1107,2209,129096,3.292843325372742e-06,8.877680225434954e-07
1126,2209,129096,3.292843325372742e-06,8.877680225434954e-07
1138,2209,129096,3.292843325372742e-06,8.877680225434954e-07
1027,2209,129348,3.292843325372742e-06,8.89500977411818e-07
111,2209,129208,3.292843325372742e-06,8.885382247071944e-07
1053,2208,129048,3.2913526765156243e-06,8.874379359019102e-07
1058,2208,129048,3.2913526765156243e-06,8.874379359019102e-07
1075,2208,129048,3.2913526765156243e-06,8.874379359019102e-07
1091,2208,129036,3.2913526765156243e-06,8.87355414241514e-07
1104,2208,129036,3.2913526765156243e-06,8.87355414241514e-07
1108,2208,129036,3.2913526765156243e-06,8.87355414241514e-07
1111,2208,129036,3.2913526765156243e-06,8.87355414241514e-07
1123,2208,129036,3.2913526765156243e-06,8.87355414241514e-07
1130,2208,129036,3.2913526765156243e-06,8.87355414241514e-07
1040,2208,129168,3.2913526765156243e-06,8.882631525058734e-07
1028,2208,129288,3.2913526765156243e-06,8.890883691098365e-07
1030,2208,129288,3.2913526765156243e-06,8.890883691098365e-07
1007,2207,128988,3.2898620276585068e-06,8.870253275999287e-07
1039,2207,128988,3.2898620276585068e-06,8.870253275999287e-07
1043,2207,128988,3.2898620276585068e-06,8.870253275999287e-07
1064,2207,128988,3.2898620276585068e-06,8.870253275999287e-07
1076,2207,128988,3.2898620276585068e-06,8.870253275999287e-07
1084,2207,128988,3.2898620276585068e-06,8.870253275999287e-07
1085,2207,128988,3.2898620276585068e-06,8.870253275999287e-07
1092,2207,128976,3.2898620276585068e-06,8.869428059395324e-07
1094,2207,128976,3.2898620276585068e-06,8.869428059395324e-07
1095,2207,128976,3.2898620276585068e-06,8.869428059395324e-07
1098,2207,128976,3.2898620276585068e-06,8.869428059395324e-07
1105,2207,128976,3.2898620276585068e-06,8.869428059395324e-07
1119,2207,128976,3.2898620276585068e-06,8.869428059395324e-07
1044,2207,129108,3.2898620276585068e-06,8.878505442038918e-07
7,2207,128968,3.2898620276585068e-06,8.868877914992682e-07
1000,2206,128928,3.288371378801389e-06,8.866127192979472e-07
1022,2206,128928,3.288371378801389e-06,8.866127192979472e-07
1023,2206,128928,3.288371378801389e-06,8.866127192979472e-07
1042,2206,128928,3.288371378801389e-06,8.866127192979472e-07
1057,2206,128928,3.288371378801389e-06,8.866127192979472e-07
1063,2206,128928,3.288371378801389e-06,8.866127192979472e-07
1071,2206,128928,3.288371378801389e-06,8.866127192979472e-07
1073,2206,128928,3.288371378801389e-06,8.866127192979472e-07
1080,2206,128928,3.288371378801389e-06,8.866127192979472e-07
1086,2206,128928,3.288371378801389e-06,8.866127192979472e-07
1099,2206,128916,3.288371378801389e-06,8.865301976375509e-07
1100,2206,128916,3.288371378801389e-06,8.865301976375509e-07
1112,2206,128916,3.288371378801389e-06,8.865301976375509e-07
1121,2206,128916,3.288371378801389e-06,8.865301976375509e-07
427,2206,129012,3.288371378801389e-06,8.871903709207214e-07
800,2206,128904,3.288371378801389e-06,8.864476759771545e-07
1049,2206,129048,3.288371378801389e-06,8.874379359019102e-07
1001,2205,128868,3.2868807299442716e-06,8.862001109959656e-07
1002,2205,128868,3.2868807299442716e-06,8.862001109959656e-07
1009,2205,128868,3.2868807299442716e-06,8.862001109959656e-07
1052,2205,128868,3.2868807299442716e-06,8.862001109959656e-07
1062,2205,128868,3.2868807299442716e-06,8.862001109959656e-07
1065,2205,128868,3.2868807299442716e-06,8.862001109959656e-07
1069,2205,128868,3.2868807299442716e-06,8.862001109959656e-07
1070,2205,128868,3.2868807299442716e-06,8.862001109959656e-07
1072,2205,128868,3.2868807299442716e-06,8.862001109959656e-07
1078,2205,128868,3.2868807299442716e-06,8.862001109959656e-07
3,2205,128856,3.2868807299442716e-06,8.861175893355693e-07
4,2205,128856,3.2868807299442716e-06,8.861175893355693e-07
6,2205,128856,3.2868807299442716e-06,8.861175893355693e-07
9,2205,128856,3.2868807299442716e-06,8.861175893355693e-07
13,2205,128856,3.2868807299442716e-06,8.861175893355693e-07
19,2205,128856,3.2868807299442716e-06,8.861175893355693e-07
20,2205,128856,3.2868807299442716e-06,8.861175893355693e-07
23,2205,128856,3.2868807299442716e-06,8.861175893355693e-07
24,2205,128856,3.2868807299442716e-06,8.861175893355693e-07
25,2205,128856,3.2868807299442716e-06,8.861175893355693e-07
26,2205,128856,3.2868807299442716e-06,8.861175893355693e-07
30,2205,128856,3.2868807299442716e-06,8.861175893355693e-07
32,2205,128856,3.2868807299442716e-06,8.861175893355693e-07
33,2205,128856,3.2868807299442716e-06,8.861175893355693e-07
37,2205,128856,3.2868807299442716e-06,8.861175893355693e-07
42,2205,128856,3.2868807299442716e-06,8.861175893355693e-07
43,2205,128856,3.2868807299442716e-06,8.861175893355693e-07
49,2205,128856,3.2868807299442716e-06,8.861175893355693e-07
70,2205,128856,3.2868807299442716e-06,8.861175893355693e-07
79,2205,128856,3.2868807299442716e-06,8.861175893355693e-07
81,2205,128856,3.2868807299442716e-06,8.861175893355693e-07
82,2205,128856,3.2868807299442716e-06,8.861175893355693e-07
83,2205,128856,3.2868807299442716e-06,8.861175893355693e-07
84,2205,128856,3.2868807299442716e-06,8.861175893355693e-07
85,2205,128856,3.2868807299442716e-06,8.861175893355693e-07
88,2205,128856,3.2868807299442716e-06,8.861175893355693e-07
89,2205,128856,3.2868807299442716e-06,8.861175893355693e-07
90,2205,128856,3.2868807299442716e-06,8.861175893355693e-07
99,2205,128856,3.2868807299442716e-06,8.861175893355693e-07
100,2205,128856,3.2868807299442716e-06,8.861175893355693e-07
106,2205,128856,3.2868807299442716e-06,8.861175893355693e-07
109,2205,128856,3.2868807299442716e-06,8.861175893355693e-07
110,2205,128856,3.2868807299442716e-06,8.861175893355693e-07
113,2205,128856,3.2868807299442716e-06,8.861175893355693e-07
119,2205,128856,3.2868807299442716e-06,8.861175893355693e-07
125,2205,128856,3.2868807299442716e-06,8.861175893355693e-07
135,2205,128856,3.2868807299442716e-06,8.861175893355693e-07
143,2205,128856,3.2868807299442716e-06,8.861175893355693e-07
144,2205,128856,3.2868807299442716e-06,8.861175893355693e-07
146,2205,128856,3.2868807299442716e-06,8.861175893355693e-07
163,2205,128856,3.2868807299442716e-06,8.861175893355693e-07
179,2205,128856,3.2868807299442716e-06,8.861175893355693e-07
199,2205,128856,3.2868807299442716e-06,8.861175893355693e-07
211,2205,128856,3.2868807299442716e-06,8.861175893355693e-07
212,2205,128856,3.2868807299442716e-06,8.861175893355693e-07
222,2205,128856,3.2868807299442716e-06,8.861175893355693e-07
254,2205,128856,3.2868807299442716e-06,8.861175893355693e-07
255,2205,128856,3.2868807299442716e-06,8.861175893355693e-07
256,2205,128856,3.2868807299442716e-06,8.861175893355693e-07
259,2205,128856,3.2868807299442716e-06,8.861175893355693e-07
264,2205,128856,3.2868807299442716e-06,8.861175893355693e-07
280,2205,128856,3.2868807299442716e-06,8.861175893355693e-07
301,2205,128856,3.2868807299442716e-06,8.861175893355693e-07
306,2205,128856,3.2868807299442716e-06,8.861175893355693e-07
311,2205,128856,3.2868807299442716e-06,8.861175893355693e-07
340,2205,128856,3.2868807299442716e-06,8.861175893355693e-07
366,2205,128856,3.2868807299442716e-06,8.861175893355693e-07
999,2205,128844,3.2868807299442716e-06,8.86035067675173e-07
406,2204,128808,3.285390081087154e-06,8.857875026939841e-07
416,2204,128808,3.285390081087154e-06,8.857875026939841e-07
417,2204,128808,3.285390081087154e-06,8.857875026939841e-07
425,2204,128808,3.285390081087154e-06,8.857875026939841e-07
444,2204,128808,3.285390081087154e-06,8.857875026939841e-07
458,2204,128808,3.285390081087154e-06,8.857875026939841e-07
465,2204,128808,3.285390081087154e-06,8.857875026939841e-07
481,2204,128808,3.285390081087154e-06,8.857875026939841e-07
497,2204,128808,3.285390081087154e-06,8.857875026939841e-07
513,2204,128808,3.285390081087154e-06,8.857875026939841e-07
514,2204,128808,3.285390081087154e-06,8.857875026939841e-07
524,2204,128808,3.285390081087154e-06,8.857875026939841e-07
541,2204,128808,3.285390081087154e-06,8.857875026939841e-07
543,2204,128808,3.285390081087154e-06,8.857875026939841e-07
544,2204,128808,3.285390081087154e-06,8.857875026939841e-07
545,2204,128808,3.285390081087154e-06,8.857875026939841e-07
548,2204,128808,3.285390081087154e-06,8.857875026939841e-07
554,2204,128808,3.285390081087154e-06,8.857875026939841e-07
555,2204,128808,3.285390081087154e-06,8.857875026939841e-07
563,2204,128808,3.285390081087154e-06,8.857875026939841e-07
587,2204,128808,3.285390081087154e-06,8.857875026939841e-07
616,2204,128808,3.285390081087154e-06,8.857875026939841e-07
617,2204,128808,3.285390081087154e-06,8.857875026939841e-07
625,2204,128808,3.285390081087154e-06,8.857875026939841e-07
631,2204,128808,3.285390081087154e-06,8.857875026939841e-07
646,2204,128808,3.285390081087154e-06,8.857875026939841e-07
648,2204,128808,3.285390081087154e-06,8.857875026939841e-07
666,2204,128808,3.285390081087154e-06,8.857875026939841e-07
667,2204,128808,3.285390081087154e-06,8.857875026939841e-07
668,2204,128808,3.285390081087154e-06,8.857875026939841e-07
683,2204,128808,3.285390081087154e-06,8.857875026939841e-07
691,2204,128808,3.285390081087154e-06,8.857875026939841e-07
700,2204,128808,3.285390081087154e-06,8.857875026939841e-07
705,2204,128808,3.285390081087154e-06,8.857875026939841e-07
711,2204,128808,3.285390081087154e-06,8.857875026939841e-07
714,2204,128808,3.285390081087154e-06,8.857875026939841e-07
720,2204,128808,3.285390081087154e-06,8.857875026939841e-07
722,2204,128808,3.285390081087154e-06,8.857875026939841e-07
726,2204,128808,3.285390081087154e-06,8.857875026939841e-07
749,2204,128808,3.285390081087154e-06,8.857875026939841e-07
765,2204,128808,3.285390081087154e-06,8.857875026939841e-07
777,2204,128808,3.285390081087154e-06,8.857875026939841e-07
783,2204,128808,3.285390081087154e-06,8.857875026939841e-07
787,2204,128808,3.285390081087154e-06,8.857875026939841e-07
801,2204,128808,3.285390081087154e-06,8.857875026939841e-07
808,2204,128808,3.285390081087154e-06,8.857875026939841e-07
843,2204,128808,3.285390081087154e-06,8.857875026939841e-07
1010,2204,128808,3.285390081087154e-06,8.857875026939841e-07
1011,2204,128808,3.285390081087154e-06,8.857875026939841e-07
1021,2204,128808,3.285390081087154e-06,8.857875026939841e-07
1029,2204,128808,3.285390081087154e-06,8.857875026939841e-07
1031,2204,128808,3.285390081087154e-06,8.857875026939841e-07
1074,2204,128808,3.285390081087154e-06,8.857875026939841e-07
1088,2204,128808,3.285390081087154e-06,8.857875026939841e-07
873,2203,128748,3.2838994322300364e-06,8.853748943920025e-07
880,2203,128748,3.2838994322300364e-06,8.853748943920025e-07
888,2203,128748,3.2838994322300364e-06,8.853748943920025e-07
898,2203,128748,3.2838994322300364e-06,8.853748943920025e-07
900,2203,128748,3.2838994322300364e-06,8.853748943920025e-07
901,2203,128748,3.2838994322300364e-06,8.853748943920025e-07
903,2203,128748,3.2838994322300364e-06,8.853748943920025e-07
911,2203,128748,3.2838994322300364e-06,8.853748943920025e-07
912,2203,128748,3.2838994322300364e-06,8.853748943920025e-07
981,2203,128748,3.2838994322300364e-06,8.853748943920025e-07
987,2203,128748,3.2838994322300364e-06,8.853748943920025e-07
990,2203,128748,3.2838994322300364e-06,8.853748943920025e-07
992,2203,128748,3.2838994322300364e-06,8.853748943920025e-07
993,2203,128748,3.2838994322300364e-06,8.853748943920025e-07
995,2203,128748,3.2838994322300364e-06,8.853748943920025e-07
1035,2203,128748,3.2838994322300364e-06,8.853748943920025e-07
1051,2203,128748,3.2838994322300364e-06,8.853748943920025e-07
123,2067,123288,3.0811711876620448e-06,8.478275389116818e-07
138,2059,133764,3.069245996805104e-06,9.198689484376598e-07
5010,2055,118368,3.063283401376634e-06,8.139936581491949e-07
6347,2050,118104,3.055830157091046e-06,8.121781816204762e-07
5351,2049,118108,3.0543395082339284e-06,8.122056888406083e-07
3660,2046,118260,3.0498675616625756e-06,8.132509632056282e-07
3676,2043,118080,3.045395615091223e-06,8.120131382996836e-07
4109,2041,117932,3.0424143173769877e-06,8.109953711547958e-07
4051,2040,117876,3.04092366851987e-06,8.106102700729463e-07
6992,2039,117828,3.0394330196627526e-06,8.102801834313611e-07
7670,2039,117820,3.0394330196627526e-06,8.102251689910969e-07
7810,2039,117828,3.0394330196627526e-06,8.102801834313611e-07
3132,2039,117816,3.0394330196627526e-06,8.101976617709647e-07
3937,2039,117816,3.0394330196627526e-06,8.101976617709647e-07
4346,2039,117816,3.0394330196627526e-06,8.101976617709647e-07
6970,2039,117636,3.0394330196627526e-06,8.089598368650201e-07
7385,2038,117764,3.037942370805635e-06,8.098400679092474e-07
7517,2038,117768,3.037942370805635e-06,8.098675751293795e-07
3048,2038,117756,3.037942370805635e-06,8.097850534689832e-07
3120,2038,117736,3.037942370805635e-06,8.096475173683227e-07
3444,2038,117756,3.037942370805635e-06,8.097850534689832e-07
3731,2038,117756,3.037942370805635e-06,8.097850534689832e-07
5062,2038,117756,3.037942370805635e-06,8.097850534689832e-07
5978,2037,117708,3.0364517219485174e-06,8.094549668273979e-07
6115,2037,117708,3.0364517219485174e-06,8.094549668273979e-07
6217,2037,117708,3.0364517219485174e-06,8.094549668273979e-07
6477,2037,117708,3.0364517219485174e-06,8.094549668273979e-07
6507,2037,117708,3.0364517219485174e-06,8.094549668273979e-07
6608,2037,117704,3.0364517219485174e-06,8.094274596072659e-07
6628,2037,117708,3.0364517219485174e-06,8.094549668273979e-07
7084,2037,117708,3.0364517219485174e-06,8.094549668273979e-07
7829,2037,117708,3.0364517219485174e-06,8.094549668273979e-07
4071,2037,117692,3.0364517219485174e-06,8.093449379468695e-07
4186,2037,117696,3.0364517219485174e-06,8.093724451670017e-07
4515,2037,117688,3.0364517219485174e-06,8.093174307267375e-07
4557,2037,117696,3.0364517219485174e-06,8.093724451670017e-07
4741,2037,117696,3.0364517219485174e-06,8.093724451670017e-07
4895,2037,117672,3.0364517219485174e-06,8.092074018462091e-07
5387,2037,117696,3.0364517219485174e-06,8.093724451670017e-07
4008,2037,117504,3.0364517219485174e-06,8.080520986006607e-07
5580,2036,117648,3.0349610730914e-06,8.090423585254165e-07
5596,2036,117644,3.0349610730914e-06,8.090148513052843e-07
5764,2036,117644,3.0349610730914e-06,8.090148513052843e-07
5788,2036,117648,3.0349610730914e-06,8.090423585254165e-07
6545,2036,117648,3.0349610730914e-06,8.090423585254165e-07
6955,2036,117648,3.0349610730914e-06,8.090423585254165e-07
7441,2036,117648,3.0349610730914e-06,8.090423585254165e-07
7841,2036,117648,3.0349610730914e-06,8.090423585254165e-07
7877,2036,117648,3.0349610730914e-06,8.090423585254165e-07
3806,2036,117632,3.0349610730914e-06,8.08932329644888e-07
3936,2036,117612,3.0349610730914e-06,8.087947935442275e-07
4134,2036,117632,3.0349610730914e-06,8.08932329644888e-07
4353,2036,117624,3.0349610730914e-06,8.088773152046238e-07
4879,2036,117612,3.0349610730914e-06,8.087947935442275e-07
8035,2035,117600,3.0334704242342822e-06,8.087122718838312e-07
8062,2035,117600,3.0334704242342822e-06,8.087122718838312e-07
5503,2035,117588,3.0334704242342822e-06,8.086297502234349e-07
6023,2035,117588,3.0334704242342822e-06,8.086297502234349e-07
6672,2035,117584,3.0334704242342822e-06,8.086022430033028e-07
7467,2035,117588,3.0334704242342822e-06,8.086297502234349e-07
2995,2035,117576,3.0334704242342822e-06,8.085472285630386e-07
3500,2035,117552,3.0334704242342822e-06,8.083821852422459e-07
3771,2035,117552,3.0334704242342822e-06,8.083821852422459e-07
4524,2035,117552,3.0334704242342822e-06,8.083821852422459e-07
4768,2035,117572,3.0334704242342822e-06,8.085197213429065e-07
4914,2035,117556,3.0334704242342822e-06,8.084096924623781e-07
5435,2035,117552,3.0334704242342822e-06,8.083821852422459e-07
5680,2034,117528,3.0319797753771647e-06,8.082171419214533e-07
5849,2034,117520,3.0319797753771647e-06,8.081621274811891e-07
5894,2034,117528,3.0319797753771647e-06,8.082171419214533e-07
6633,2034,117504,3.0319797753771647e-06,8.080520986006607e-07
6751,2034,117524,3.0319797753771647e-06,8.081896347013212e-07
6761,2034,117504,3.0319797753771647e-06,8.080520986006607e-07
6786,2034,117508,3.0319797753771647e-06,8.080796058207928e-07
7033,2034,117504,3.0319797753771647e-06,8.080520986006607e-07
7535,2034,117528,3.0319797753771647e-06,8.082171419214533e-07
7553,2034,117504,3.0319797753771647e-06,8.080520986006607e-07
7631,2034,117520,3.0319797753771647e-06,8.081621274811891e-07
7681,2034,117504,3.0319797753771647e-06,8.080520986006607e-07
3284,2034,117488,3.0319797753771647e-06,8.079420697201323e-07
3470,2034,117492,3.0319797753771647e-06,8.079695769402644e-07
3539,2034,117488,3.0319797753771647e-06,8.079420697201323e-07
3651,2034,117492,3.0319797753771647e-06,8.079695769402644e-07
3727,2034,117492,3.0319797753771647e-06,8.079695769402644e-07
3750,2034,117492,3.0319797753771647e-06,8.079695769402644e-07
3767,2034,117492,3.0319797753771647e-06,8.079695769402644e-07
3968,2034,117492,3.0319797753771647e-06,8.079695769402644e-07
3976,2034,117492,3.0319797753771647e-06,8.079695769402644e-07
4038,2034,117492,3.0319797753771647e-06,8.079695769402644e-07
4055,2034,117492,3.0319797753771647e-06,8.079695769402644e-07
4169,2034,117492,3.0319797753771647e-06,8.079695769402644e-07
4363,2034,117492,3.0319797753771647e-06,8.079695769402644e-07
4607,2034,117492,3.0319797753771647e-06,8.079695769402644e-07
4663,2034,117492,3.0319797753771647e-06,8.079695769402644e-07
4749,2034,117492,3.0319797753771647e-06,8.079695769402644e-07
4765,2034,117492,3.0319797753771647e-06,8.079695769402644e-07
4886,2034,117508,3.0319797753771647e-06,8.080796058207928e-07
4907,2034,117492,3.0319797753771647e-06,8.079695769402644e-07
5321,2034,117492,3.0319797753771647e-06,8.079695769402644e-07
3457,2034,117348,3.0319797753771647e-06,8.069793170155086e-07
6434,2033,117444,3.030489126520047e-06,8.076394902986792e-07
7604,2033,117440,3.030489126520047e-06,8.07611983078547e-07
7713,2033,117444,3.030489126520047e-06,8.076394902986792e-07
3057,2033,117432,3.030489126520047e-06,8.075569686382828e-07
3063,2033,117432,3.030489126520047e-06,8.075569686382828e-07
3099,2033,117432,3.030489126520047e-06,8.075569686382828e-07
3124,2033,117432,3.030489126520047e-06,8.075569686382828e-07
3362,2033,117432,3.030489126520047e-06,8.075569686382828e-07
3406,2033,117432,3.030489126520047e-06,8.075569686382828e-07
3420,2033,117432,3.030489126520047e-06,8.075569686382828e-07
3494,2033,117432,3.030489126520047e-06,8.075569686382828e-07
3565,2033,117412,3.030489126520047e-06,8.074194325376224e-07
3574,2033,117432,3.030489126520047e-06,8.075569686382828e-07
3612,2033,117432,3.030489126520047e-06,8.075569686382828e-07
3670,2033,117432,3.030489126520047e-06,8.075569686382828e-07
3732,2033,117428,3.030489126520047e-06,8.075294614181508e-07
3768,2033,117432,3.030489126520047e-06,8.075569686382828e-07
3785,2033,117428,3.030489126520047e-06,8.075294614181508e-07
3973,2033,117432,3.030489126520047e-06,8.075569686382828e-07
4042,2033,117432,3.030489126520047e-06,8.075569686382828e-07
4054,2033,117432,3.030489126520047e-06,8.075569686382828e-07
4077,2033,117432,3.030489126520047e-06,8.075569686382828e-07
4103,2033,117432,3.030489126520047e-06,8.075569686382828e-07
4173,2033,117432,3.030489126520047e-06,8.075569686382828e-07
4341,2033,117432,3.030489126520047e-06,8.075569686382828e-07
4386,2033,117432,3.030489126520047e-06,8.075569686382828e-07
4434,2033,117432,3.030489126520047e-06,8.075569686382828e-07
4464,2033,117432,3.030489126520047e-06,8.075569686382828e-07
4543,2033,117428,3.030489126520047e-06,8.075294614181508e-07
4549,2033,117432,3.030489126520047e-06,8.075569686382828e-07
4648,2033,117424,3.030489126520047e-06,8.075019541980186e-07
4861,2033,117432,3.030489126520047e-06,8.075569686382828e-07
4951,2033,117428,3.030489126520047e-06,8.075294614181508e-07
5072,2033,117436,3.030489126520047e-06,8.07584475858415e-07
5174,2033,117432,3.030489126520047e-06,8.075569686382828e-07
5195,2033,117432,3.030489126520047e-06,8.075569686382828e-07
5307,2033,117432,3.030489126520047e-06,8.075569686382828e-07
5308,2033,117432,3.030489126520047e-06,8.075569686382828e-07
5378,2033,117432,3.030489126520047e-06,8.075569686382828e-07
5407,2033,117436,3.030489126520047e-06,8.07584475858415e-07
5454,2033,117444,3.030489126520047e-06,8.076394902986792e-07
5464,2033,117428,3.030489126520047e-06,8.075294614181508e-07
5471,2033,117432,3.030489126520047e-06,8.075569686382828e-07
5493,2033,117432,3.030489126520047e-06,8.075569686382828e-07
5578,2032,117384,3.0289984776629295e-06,8.072268819966976e-07
5652,2032,117400,3.0289984776629295e-06,8.07336910877226e-07
5692,2032,117384,3.0289984776629295e-06,8.072268819966976e-07
5708,2032,117384,3.0289984776629295e-06,8.072268819966976e-07
5776,2032,117384,3.0289984776629295e-06,8.072268819966976e-07
5797,2032,117384,3.0289984776629295e-06,8.072268819966976e-07
5968,2032,117384,3.0289984776629295e-06,8.072268819966976e-07
6034,2032,117380,3.0289984776629295e-06,8.071993747765656e-07
6211,2032,117380,3.0289984776629295e-06,8.071993747765656e-07
6436,2032,117384,3.0289984776629295e-06,8.072268819966976e-07
6591,2032,117384,3.0289984776629295e-06,8.072268819966976e-07
6622,2032,117384,3.0289984776629295e-06,8.072268819966976e-07
7235,2032,117384,3.0289984776629295e-06,8.072268819966976e-07
7568,2032,117384,3.0289984776629295e-06,8.072268819966976e-07
7639,2032,117384,3.0289984776629295e-06,8.072268819966976e-07
7753,2032,117384,3.0289984776629295e-06,8.072268819966976e-07
7896,2032,117384,3.0289984776629295e-06,8.072268819966976e-07
2912,2032,117396,3.0289984776629295e-06,8.07309403657094e-07
3050,2032,117372,3.0289984776629295e-06,8.071443603363014e-07
3095,2032,117368,3.0289984776629295e-06,8.071168531161692e-07
3170,2032,117372,3.0289984776629295e-06,8.071443603363014e-07
3186,2032,117372,3.0289984776629295e-06,8.071443603363014e-07
3193,2032,117348,3.0289984776629295e-06,8.069793170155086e-07
3213,2032,117372,3.0289984776629295e-06,8.071443603363014e-07
3226,2032,117372,3.0289984776629295e-06,8.071443603363014e-07
3227,2032,117368,3.0289984776629295e-06,8.071168531161692e-07
3228,2032,117372,3.0289984776629295e-06,8.071443603363014e-07
3231,2032,117372,3.0289984776629295e-06,8.071443603363014e-07
3257,2032,117368,3.0289984776629295e-06,8.071168531161692e-07
3265,2032,117372,3.0289984776629295e-06,8.071443603363014e-07
3275,2032,117368,3.0289984776629295e-06,8.071168531161692e-07
3316,2032,117372,3.0289984776629295e-06,8.071443603363014e-07
3319,2032,117372,3.0289984776629295e-06,8.071443603363014e-07
3429,2032,117372,3.0289984776629295e-06,8.071443603363014e-07
3455,2032,117372,3.0289984776629295e-06,8.071443603363014e-07
3482,2032,117372,3.0289984776629295e-06,8.071443603363014e-07
3498,2032,117372,3.0289984776629295e-06,8.071443603363014e-07
3562,2032,117372,3.0289984776629295e-06,8.071443603363014e-07
3581,2032,117372,3.0289984776629295e-06,8.071443603363014e-07
3620,2032,117368,3.0289984776629295e-06,8.071168531161692e-07
3664,2032,117372,3.0289984776629295e-06,8.071443603363014e-07
3671,2032,117372,3.0289984776629295e-06,8.071443603363014e-07
3729,2032,117372,3.0289984776629295e-06,8.071443603363014e-07
3753,2032,117372,3.0289984776629295e-06,8.071443603363014e-07
3817,2032,117372,3.0289984776629295e-06,8.071443603363014e-07
3872,2032,117372,3.0289984776629295e-06,8.071443603363014e-07
3909,2032,117372,3.0289984776629295e-06,8.071443603363014e-07
3963,2032,117372,3.0289984776629295e-06,8.071443603363014e-07
3967,2032,117372,3.0289984776629295e-06,8.071443603363014e-07
4031,2032,117368,3.0289984776629295e-06,8.071168531161692e-07
4066,2032,117372,3.0289984776629295e-06,8.071443603363014e-07
4153,2032,117372,3.0289984776629295e-06,8.071443603363014e-07
4235,2032,117372,3.0289984776629295e-06,8.071443603363014e-07
4309,2032,117372,3.0289984776629295e-06,8.071443603363014e-07
4338,2032,117372,3.0289984776629295e-06,8.071443603363014e-07
4350,2032,117372,3.0289984776629295e-06,8.071443603363014e-07
4354,2032,117372,3.0289984776629295e-06,8.071443603363014e-07
4520,2032,117372,3.0289984776629295e-06,8.071443603363014e-07
4526,2032,117372,3.0289984776629295e-06,8.071443603363014e-07
4561,2032,117372,3.0289984776629295e-06,8.071443603363014e-07
4654,2032,117372,3.0289984776629295e-06,8.071443603363014e-07
4700,2032,117372,3.0289984776629295e-06,8.071443603363014e-07
4718,2032,117372,3.0289984776629295e-06,8.071443603363014e-07
4722,2032,117372,3.0289984776629295e-06,8.071443603363014e-07
4805,2032,117372,3.0289984776629295e-06,8.071443603363014e-07
4828,2032,117372,3.0289984776629295e-06,8.071443603363014e-07
4832,2032,117368,3.0289984776629295e-06,8.071168531161692e-07
4845,2032,117372,3.0289984776629295e-06,8.071443603363014e-07
4894,2032,117372,3.0289984776629295e-06,8.071443603363014e-07
5005,2032,117372,3.0289984776629295e-06,8.071443603363014e-07
5036,2032,117372,3.0289984776629295e-06,8.071443603363014e-07
5127,2032,117376,3.0289984776629295e-06,8.071718675564334e-07
5162,2032,117372,3.0289984776629295e-06,8.071443603363014e-07
5192,2032,117372,3.0289984776629295e-06,8.071443603363014e-07
5196,2032,117372,3.0289984776629295e-06,8.071443603363014e-07
5250,2032,117372,3.0289984776629295e-06,8.071443603363014e-07
5312,2032,117372,3.0289984776629295e-06,8.071443603363014e-07
5327,2032,117372,3.0289984776629295e-06,8.071443603363014e-07
5337,2032,117372,3.0289984776629295e-06,8.071443603363014e-07
5412,2032,117372,3.0289984776629295e-06,8.071443603363014e-07
5547,2031,117324,3.027507828805812e-06,8.06814273694716e-07
5612,2031,117324,3.027507828805812e-06,8.06814273694716e-07
5746,2031,117324,3.027507828805812e-06,8.06814273694716e-07
5769,2031,117324,3.027507828805812e-06,8.06814273694716e-07
5781,2031,117324,3.027507828805812e-06,8.06814273694716e-07
5793,2031,117320,3.027507828805812e-06,8.06786766474584e-07
5798,2031,117324,3.027507828805812e-06,8.06814273694716e-07
5917,2031,117324,3.027507828805812e-06,8.06814273694716e-07
5943,2031,117324,3.027507828805812e-06,8.06814273694716e-07
5975,2031,117324,3.027507828805812e-06,8.06814273694716e-07
6095,2031,117324,3.027507828805812e-06,8.06814273694716e-07
6240,2031,117324,3.027507828805812e-06,8.06814273694716e-07
6371,2031,117324,3.027507828805812e-06,8.06814273694716e-07
6465,2031,117324,3.027507828805812e-06,8.06814273694716e-07
6476,2031,117324,3.027507828805812e-06,8.06814273694716e-07
6523,2031,117324,3.027507828805812e-06,8.06814273694716e-07
6661,2031,117324,3.027507828805812e-06,8.06814273694716e-07
6678,2031,117320,3.027507828805812e-06,8.06786766474584e-07
6685,2031,117324,3.027507828805812e-06,8.06814273694716e-07
6704,2031,117328,3.027507828805812e-06,8.068417809148482e-07
6723,2031,117320,3.027507828805812e-06,8.06786766474584e-07
6758,2031,117324,3.027507828805812e-06,8.06814273694716e-07
6767,2031,117320,3.027507828805812e-06,8.06786766474584e-07
6898,2031,117324,3.027507828805812e-06,8.06814273694716e-07
6909,2031,117324,3.027507828805812e-06,8.06814273694716e-07
6937,2031,117324,3.027507828805812e-06,8.06814273694716e-07
6938,2031,117324,3.027507828805812e-06,8.06814273694716e-07
6986,2031,117324,3.027507828805812e-06,8.06814273694716e-07
7057,2031,117320,3.027507828805812e-06,8.06786766474584e-07
7179,2031,117324,3.027507828805812e-06,8.06814273694716e-07
7338,2031,117324,3.027507828805812e-06,8.06814273694716e-07
7369,2031,117324,3.027507828805812e-06,8.06814273694716e-07
7396,2031,117320,3.027507828805812e-06,8.06786766474584e-07
7430,2031,117324,3.027507828805812e-06,8.06814273694716e-07
7431,2031,117324,3.027507828805812e-06,8.06814273694716e-07
7543,2031,117324,3.027507828805812e-06,8.06814273694716e-07
7590,2031,117324,3.027507828805812e-06,8.06814273694716e-07
7602,2031,117324,3.027507828805812e-06,8.06814273694716e-07
7654,2031,117324,3.027507828805812e-06,8.06814273694716e-07
7736,2031,117324,3.027507828805812e-06,8.06814273694716e-07
7760,2031,117320,3.027507828805812e-06,8.06786766474584e-07
2956,2031,117312,3.027507828805812e-06,8.067317520343198e-07
2996,2031,117312,3.027507828805812e-06,8.067317520343198e-07
3028,2031,117312,3.027507828805812e-06,8.067317520343198e-07
3139,2031,117312,3.027507828805812e-06,8.067317520343198e-07
3178,2031,117312,3.027507828805812e-06,8.067317520343198e-07
3281,2031,117288,3.027507828805812e-06,8.065667087135272e-07
3287,2031,117312,3.027507828805812e-06,8.067317520343198e-07
3293,2031,117312,3.027507828805812e-06,8.067317520343198e-07
3294,2031,117312,3.027507828805812e-06,8.067317520343198e-07
3304,2031,117312,3.027507828805812e-06,8.067317520343198e-07
3310,2031,117312,3.027507828805812e-06,8.067317520343198e-07
3312,2031,117312,3.027507828805812e-06,8.067317520343198e-07
3347,2031,117312,3.027507828805812e-06,8.067317520343198e-07
3394,2031,117312,3.027507828805812e-06,8.067317520343198e-07
3409,2031,117308,3.027507828805812e-06,8.067042448141876e-07
3425,2031,117312,3.027507828805812e-06,8.067317520343198e-07
3456,2031,117312,3.027507828805812e-06,8.067317520343198e-07
3458,2031,117312,3.027507828805812e-06,8.067317520343198e-07
3478,2031,117288,3.027507828805812e-06,8.065667087135272e-07
3497,2031,117312,3.027507828805812e-06,8.067317520343198e-07
3521,2031,117312,3.027507828805812e-06,8.067317520343198e-07
3570,2031,117312,3.027507828805812e-06,8.067317520343198e-07
3720,2031,117312,3.027507828805812e-06,8.067317520343198e-07
3741,2031,117312,3.027507828805812e-06,8.067317520343198e-07
3759,2031,117312,3.027507828805812e-06,8.067317520343198e-07
3795,2031,117312,3.027507828805812e-06,8.067317520343198e-07
3821,2031,117312,3.027507828805812e-06,8.067317520343198e-07
3833,2031,117312,3.027507828805812e-06,8.067317520343198e-07
3837,2031,117312,3.027507828805812e-06,8.067317520343198e-07
3964,2031,117312,3.027507828805812e-06,8.067317520343198e-07
4083,2031,117308,3.027507828805812e-06,8.067042448141876e-07
4107,2031,117312,3.027507828805812e-06,8.067317520343198e-07
4131,2031,117312,3.027507828805812e-06,8.067317520343198e-07
4142,2031,117312,3.027507828805812e-06,8.067317520343198e-07
4143,2031,117312,3.027507828805812e-06,8.067317520343198e-07
4189,2031,117312,3.027507828805812e-06,8.067317520343198e-07
4245,2031,117312,3.027507828805812e-06,8.067317520343198e-07
4297,2031,117308,3.027507828805812e-06,8.067042448141876e-07
4304,2031,117312,3.027507828805812e-06,8.067317520343198e-07
4310,2031,117308,3.027507828805812e-06,8.067042448141876e-07
4339,2031,117312,3.027507828805812e-06,8.067317520343198e-07
4381,2031,117312,3.027507828805812e-06,8.067317520343198e-07
4388,2031,117312,3.027507828805812e-06,8.067317520343198e-07
4422,2031,117312,3.027507828805812e-06,8.067317520343198e-07
4472,2031,117312,3.027507828805812e-06,8.067317520343198e-07
4516,2031,117312,3.027507828805812e-06,8.067317520343198e-07
4577,2031,117312,3.027507828805812e-06,8.067317520343198e-07
4596,2031,117312,3.027507828805812e-06,8.067317520343198e-07
4642,2031,117312,3.027507828805812e-06,8.067317520343198e-07
4646,2031,117312,3.027507828805812e-06,8.067317520343198e-07
4659,2031,117312,3.027507828805812e-06,8.067317520343198e-07
4682,2031,117312,3.027507828805812e-06,8.067317520343198e-07
4707,2031,117308,3.027507828805812e-06,8.067042448141876e-07
4783,2031,117312,3.027507828805812e-06,8.067317520343198e-07
4793,2031,117312,3.027507828805812e-06,8.067317520343198e-07
4798,2031,117312,3.027507828805812e-06,8.067317520343198e-07
4808,2031,117312,3.027507828805812e-06,8.067317520343198e-07
4813,2031,117312,3.027507828805812e-06,8.067317520343198e-07
4815,2031,117312,3.027507828805812e-06,8.067317520343198e-07
4830,2031,117312,3.027507828805812e-06,8.067317520343198e-07
4875,2031,117308,3.027507828805812e-06,8.067042448141876e-07
4884,2031,117312,3.027507828805812e-06,8.067317520343198e-07
4922,2031,117312,3.027507828805812e-06,8.067317520343198e-07
4956,2031,117312,3.027507828805812e-06,8.067317520343198e-07
5020,2031,117312,3.027507828805812e-06,8.067317520343198e-07
5246,2031,117304,3.027507828805812e-06,8.066767375940556e-07
5257,2031,117288,3.027507828805812e-06,8.065667087135272e-07
5259,2031,117312,3.027507828805812e-06,8.067317520343198e-07
5292,2031,117312,3.027507828805812e-06,8.067317520343198e-07
5318,2031,117312,3.027507828805812e-06,8.067317520343198e-07
5328,2031,117312,3.027507828805812e-06,8.067317520343198e-07
5338,2031,117312,3.027507828805812e-06,8.067317520343198e-07
5370,2031,117312,3.027507828805812e-06,8.067317520343198e-07
5417,2031,117312,3.027507828805812e-06,8.067317520343198e-07
5426,2031,117312,3.027507828805812e-06,8.067317520343198e-07
5490,2031,117308,3.027507828805812e-06,8.067042448141876e-07
7945,2030,117276,3.0260171799486943e-06,8.064841870531308e-07
8047,2030,117276,3.0260171799486943e-06,8.064841870531308e-07
5574,2030,117264,3.0260171799486943e-06,8.064016653927345e-07
5664,2030,117260,3.0260171799486943e-06,8.063741581726024e-07
5778,2030,117264,3.0260171799486943e-06,8.064016653927345e-07
5812,2030,117264,3.0260171799486943e-06,8.064016653927345e-07
5861,2030,117264,3.0260171799486943e-06,8.064016653927345e-07
5914,2030,117260,3.0260171799486943e-06,8.063741581726024e-07
5923,2030,117264,3.0260171799486943e-06,8.064016653927345e-07
6030,2030,117264,3.0260171799486943e-06,8.064016653927345e-07
6060,2030,117264,3.0260171799486943e-06,8.064016653927345e-07
6065,2030,117264,3.0260171799486943e-06,8.064016653927345e-07
6103,2030,117264,3.0260171799486943e-06,8.064016653927345e-07
6114,2030,117264,3.0260171799486943e-06,8.064016653927345e-07
6198,2030,117264,3.0260171799486943e-06,8.064016653927345e-07
6206,2030,117264,3.0260171799486943e-06,8.064016653927345e-07
6208,2030,117264,3.0260171799486943e-06,8.064016653927345e-07
6276,2030,117264,3.0260171799486943e-06,8.064016653927345e-07
6315,2030,117264,3.0260171799486943e-06,8.064016653927345e-07
6362,2030,117264,3.0260171799486943e-06,8.064016653927345e-07
6398,2030,117264,3.0260171799486943e-06,8.064016653927345e-07
6453,2030,117264,3.0260171799486943e-06,8.064016653927345e-07
6470,2030,117264,3.0260171799486943e-06,8.064016653927345e-07
6526,2030,117264,3.0260171799486943e-06,8.064016653927345e-07
6597,2030,117264,3.0260171799486943e-06,8.064016653927345e-07
6611,2030,117264,3.0260171799486943e-06,8.064016653927345e-07
6670,2030,117260,3.0260171799486943e-06,8.063741581726024e-07
6709,2030,117264,3.0260171799486943e-06,8.064016653927345e-07
6837,2030,117264,3.0260171799486943e-06,8.064016653927345e-07
6889,2030,117264,3.0260171799486943e-06,8.064016653927345e-07
6978,2030,117260,3.0260171799486943e-06,8.063741581726024e-07
6981,2030,117264,3.0260171799486943e-06,8.064016653927345e-07
7032,2030,117264,3.0260171799486943e-06,8.064016653927345e-07
7038,2030,117264,3.0260171799486943e-06,8.064016653927345e-07
7044,2030,117264,3.0260171799486943e-06,8.064016653927345e-07
7074,2030,117260,3.0260171799486943e-06,8.063741581726024e-07
7099,2030,117264,3.0260171799486943e-06,8.064016653927345e-07
7166,2030,117264,3.0260171799486943e-06,8.064016653927345e-07
7181,2030,117264,3.0260171799486943e-06,8.064016653927345e-07
7187,2030,117260,3.0260171799486943e-06,8.063741581726024e-07
7204,2030,117260,3.0260171799486943e-06,8.063741581726024e-07
7212,2030,117264,3.0260171799486943e-06,8.064016653927345e-07
7224,2030,117260,3.0260171799486943e-06,8.063741581726024e-07
7238,2030,117264,3.0260171799486943e-06,8.064016653927345e-07
7324,2030,117264,3.0260171799486943e-06,8.064016653927345e-07
7451,2030,117264,3.0260171799486943e-06,8.064016653927345e-07
7464,2030,117260,3.0260171799486943e-06,8.063741581726024e-07
7481,2030,117264,3.0260171799486943e-06,8.064016653927345e-07
7493,2030,117260,3.0260171799486943e-06,8.063741581726024e-07
7541,2030,117268,3.0260171799486943e-06,8.064291726128666e-07
7589,2030,117264,3.0260171799486943e-06,8.064016653927345e-07
7666,2030,117260,3.0260171799486943e-06,8.063741581726024e-07
7677,2030,117264,3.0260171799486943e-06,8.064016653927345e-07
7689,2030,117264,3.0260171799486943e-06,8.064016653927345e-07
7715,2030,117264,3.0260171799486943e-06,8.064016653927345e-07
7722,2030,117260,3.0260171799486943e-06,8.063741581726024e-07
7723,2030,117264,3.0260171799486943e-06,8.064016653927345e-07
7748,2030,117264,3.0260171799486943e-06,8.064016653927345e-07
7825,2030,117264,3.0260171799486943e-06,8.064016653927345e-07
7856,2030,117264,3.0260171799486943e-06,8.064016653927345e-07
7929,2030,117264,3.0260171799486943e-06,8.064016653927345e-07
2935,2030,117252,3.0260171799486943e-06,8.063191437323382e-07
2970,2030,117252,3.0260171799486943e-06,8.063191437323382e-07
3066,2030,117244,3.0260171799486943e-06,8.06264129292074e-07
3152,2030,117252,3.0260171799486943e-06,8.063191437323382e-07
3177,2030,117248,3.0260171799486943e-06,8.062916365122061e-07
3179,2030,117252,3.0260171799486943e-06,8.063191437323382e-07
3189,2030,117232,3.0260171799486943e-06,8.061816076316777e-07
3204,2030,117252,3.0260171799486943e-06,8.063191437323382e-07
3209,2030,117248,3.0260171799486943e-06,8.062916365122061e-07
3270,2030,117252,3.0260171799486943e-06,8.063191437323382e-07
3285,2030,117252,3.0260171799486943e-06,8.063191437323382e-07
3388,2030,117252,3.0260171799486943e-06,8.063191437323382e-07
3402,2030,117252,3.0260171799486943e-06,8.063191437323382e-07
3428,2030,117248,3.0260171799486943e-06,8.062916365122061e-07
3568,2030,117252,3.0260171799486943e-06,8.063191437323382e-07
3724,2030,117252,3.0260171799486943e-06,8.063191437323382e-07
3824,2030,117248,3.0260171799486943e-06,8.062916365122061e-07
3856,2030,117252,3.0260171799486943e-06,8.063191437323382e-07
4017,2030,117252,3.0260171799486943e-06,8.063191437323382e-07
4028,2030,117248,3.0260171799486943e-06,8.062916365122061e-07
4044,2030,117252,3.0260171799486943e-06,8.063191437323382e-07
4057,2030,117244,3.0260171799486943e-06,8.06264129292074e-07
4099,2030,117252,3.0260171799486943e-06,8.063191437323382e-07
4136,2030,117252,3.0260171799486943e-06,8.063191437323382e-07
4170,2030,117252,3.0260171799486943e-06,8.063191437323382e-07
4205,2030,117252,3.0260171799486943e-06,8.063191437323382e-07
4285,2030,117252,3.0260171799486943e-06,8.063191437323382e-07
4371,2030,117252,3.0260171799486943e-06,8.063191437323382e-07
4405,2030,117252,3.0260171799486943e-06,8.063191437323382e-07
4412,2030,117252,3.0260171799486943e-06,8.063191437323382e-07
4417,2030,117252,3.0260171799486943e-06,8.063191437323382e-07
4436,2030,117252,3.0260171799486943e-06,8.063191437323382e-07
4560,2030,117252,3.0260171799486943e-06,8.063191437323382e-07
4593,2030,117252,3.0260171799486943e-06,8.063191437323382e-07
4688,2030,117252,3.0260171799486943e-06,8.063191437323382e-07
4690,2030,117248,3.0260171799486943e-06,8.062916365122061e-07
4728,2030,117252,3.0260171799486943e-06,8.063191437323382e-07
4796,2030,117252,3.0260171799486943e-06,8.063191437323382e-07
4873,2030,117252,3.0260171799486943e-06,8.063191437323382e-07
4963,2030,117252,3.0260171799486943e-06,8.063191437323382e-07
4970,2030,117252,3.0260171799486943e-06,8.063191437323382e-07
4978,2030,117252,3.0260171799486943e-06,8.063191437323382e-07
5079,2030,117252,3.0260171799486943e-06,8.063191437323382e-07
5104,2030,117252,3.0260171799486943e-06,8.063191437323382e-07
5132,2030,117228,3.0260171799486943e-06,8.061541004115456e-07
5230,2030,117252,3.0260171799486943e-06,8.063191437323382e-07
5290,2030,117252,3.0260171799486943e-06,8.063191437323382e-07
5304,2030,117248,3.0260171799486943e-06,8.062916365122061e-07
5362,2030,117252,3.0260171799486943e-06,8.063191437323382e-07
5377,2030,117252,3.0260171799486943e-06,8.063191437323382e-07
5392,2030,117248,3.0260171799486943e-06,8.062916365122061e-07
5418,2030,117252,3.0260171799486943e-06,8.063191437323382e-07
5419,2030,117252,3.0260171799486943e-06,8.063191437323382e-07
5477,2030,117248,3.0260171799486943e-06,8.062916365122061e-07
5494,2030,117228,3.0260171799486943e-06,8.061541004115456e-07
5093,2030,117156,3.0260171799486943e-06,8.056589704491677e-07
7943,2029,117216,3.0245265310915768e-06,8.060715787511493e-07
7969,2029,117216,3.0245265310915768e-06,8.060715787511493e-07
7990,2029,117216,3.0245265310915768e-06,8.060715787511493e-07
8034,2029,117216,3.0245265310915768e-06,8.060715787511493e-07
8068,2029,117212,3.0245265310915768e-06,8.060440715310172e-07
5538,2029,117204,3.0245265310915768e-06,8.05989057090753e-07
5592,2029,117204,3.0245265310915768e-06,8.05989057090753e-07
5614,2029,117204,3.0245265310915768e-06,8.05989057090753e-07
5672,2029,117204,3.0245265310915768e-06,8.05989057090753e-07
5717,2029,117204,3.0245265310915768e-06,8.05989057090753e-07
5779,2029,117204,3.0245265310915768e-06,8.05989057090753e-07
5794,2029,117204,3.0245265310915768e-06,8.05989057090753e-07
5816,2029,117200,3.0245265310915768e-06,8.059615498706209e-07
5836,2029,117200,3.0245265310915768e-06,8.059615498706209e-07
5868,2029,117200,3.0245265310915768e-06,8.059615498706209e-07
5899,2029,117204,3.0245265310915768e-06,8.05989057090753e-07
5969,2029,117204,3.0245265310915768e-06,8.05989057090753e-07
6027,2029,117200,3.0245265310915768e-06,8.059615498706209e-07
6047,2029,117204,3.0245265310915768e-06,8.05989057090753e-07
6049,2029,117184,3.0245265310915768e-06,8.058515209900925e-07
6055,2029,117204,3.0245265310915768e-06,8.05989057090753e-07
6073,2029,117204,3.0245265310915768e-06,8.05989057090753e-07
6077,2029,117204,3.0245265310915768e-06,8.05989057090753e-07
6116,2029,117204,3.0245265310915768e-06,8.05989057090753e-07
6139,2029,117204,3.0245265310915768e-06,8.05989057090753e-07
6162,2029,117204,3.0245265310915768e-06,8.05989057090753e-07
6179,2029,117200,3.0245265310915768e-06,8.059615498706209e-07
6269,2029,117204,3.0245265310915768e-06,8.05989057090753e-07
6285,2029,117204,3.0245265310915768e-06,8.05989057090753e-07
6296,2029,117204,3.0245265310915768e-06,8.05989057090753e-07
6308,2029,117204,3.0245265310915768e-06,8.05989057090753e-07
6396,2029,117204,3.0245265310915768e-06,8.05989057090753e-07
6408,2029,117204,3.0245265310915768e-06,8.05989057090753e-07
6426,2029,117204,3.0245265310915768e-06,8.05989057090753e-07
6433,2029,117204,3.0245265310915768e-06,8.05989057090753e-07
6442,2029,117204,3.0245265310915768e-06,8.05989057090753e-07
6483,2029,117200,3.0245265310915768e-06,8.059615498706209e-07
6489,2029,117204,3.0245265310915768e-06,8.05989057090753e-07
6500,2029,117200,3.0245265310915768e-06,8.059615498706209e-07
6511,2029,117204,3.0245265310915768e-06,8.05989057090753e-07
6558,2029,117200,3.0245265310915768e-06,8.059615498706209e-07
6563,2029,117204,3.0245265310915768e-06,8.05989057090753e-07
6573,2029,117204,3.0245265310915768e-06,8.05989057090753e-07
6575,2029,117204,3.0245265310915768e-06,8.05989057090753e-07
6640,2029,117204,3.0245265310915768e-06,8.05989057090753e-07
6658,2029,117204,3.0245265310915768e-06,8.05989057090753e-07
6693,2029,117204,3.0245265310915768e-06,8.05989057090753e-07
6705,2029,117200,3.0245265310915768e-06,8.059615498706209e-07
6710,2029,117204,3.0245265310915768e-06,8.05989057090753e-07
6730,2029,117204,3.0245265310915768e-06,8.05989057090753e-07
6741,2029,117204,3.0245265310915768e-06,8.05989057090753e-07
6778,2029,117204,3.0245265310915768e-06,8.05989057090753e-07
6782,2029,117204,3.0245265310915768e-06,8.05989057090753e-07
6844,2029,117204,3.0245265310915768e-06,8.05989057090753e-07
6847,2029,117204,3.0245265310915768e-06,8.05989057090753e-07
6876,2029,117204,3.0245265310915768e-06,8.05989057090753e-07
6921,2029,117200,3.0245265310915768e-06,8.059615498706209e-07
6953,2029,117204,3.0245265310915768e-06,8.05989057090753e-07
6991,2029,117204,3.0245265310915768e-06,8.05989057090753e-07
7077,2029,117204,3.0245265310915768e-06,8.05989057090753e-07
7095,2029,117200,3.0245265310915768e-06,8.059615498706209e-07
7107,2029,117204,3.0245265310915768e-06,8.05989057090753e-07
7196,2029,117204,3.0245265310915768e-06,8.05989057090753e-07
7231,2029,117204,3.0245265310915768e-06,8.05989057090753e-07
7267,2029,117204,3.0245265310915768e-06,8.05989057090753e-07
7272,2029,117200,3.0245265310915768e-06,8.059615498706209e-07
7284,2029,117200,3.0245265310915768e-06,8.059615498706209e-07
7348,2029,117200,3.0245265310915768e-06,8.059615498706209e-07
7389,2029,117204,3.0245265310915768e-06,8.05989057090753e-07
7410,2029,117204,3.0245265310915768e-06,8.05989057090753e-07
7454,2029,117204,3.0245265310915768e-06,8.05989057090753e-07
7462,2029,117204,3.0245265310915768e-06,8.05989057090753e-07
7504,2029,117204,3.0245265310915768e-06,8.05989057090753e-07
7606,2029,117204,3.0245265310915768e-06,8.05989057090753e-07
7674,2029,117204,3.0245265310915768e-06,8.05989057090753e-07
7698,2029,117204,3.0245265310915768e-06,8.05989057090753e-07
7711,2029,117204,3.0245265310915768e-06,8.05989057090753e-07
7714,2029,117204,3.0245265310915768e-06,8.05989057090753e-07
7815,2029,117200,3.0245265310915768e-06,8.059615498706209e-07
7899,2029,117204,3.0245265310915768e-06,8.05989057090753e-07
7906,2029,117204,3.0245265310915768e-06,8.05989057090753e-07
2942,2029,117192,3.0245265310915768e-06,8.059065354303567e-07
2946,2029,117188,3.0245265310915768e-06,8.058790282102246e-07
3014,2029,117192,3.0245265310915768e-06,8.059065354303567e-07
3192,2029,117168,3.0245265310915768e-06,8.057414921095641e-07
3222,2029,117168,3.0245265310915768e-06,8.057414921095641e-07
3340,2029,117192,3.0245265310915768e-06,8.059065354303567e-07
3422,2029,117192,3.0245265310915768e-06,8.059065354303567e-07
3439,2029,117188,3.0245265310915768e-06,8.058790282102246e-07
3445,2029,117184,3.0245265310915768e-06,8.058515209900925e-07
3495,2029,117172,3.0245265310915768e-06,8.057689993296961e-07
3508,2029,117172,3.0245265310915768e-06,8.057689993296961e-07
3515,2029,117188,3.0245265310915768e-06,8.058790282102246e-07
3554,2029,117184,3.0245265310915768e-06,8.058515209900925e-07
3679,2029,117192,3.0245265310915768e-06,8.059065354303567e-07
3730,2029,117192,3.0245265310915768e-06,8.059065354303567e-07
3734,2029,117168,3.0245265310915768e-06,8.057414921095641e-07
3770,2029,117188,3.0245265310915768e-06,8.058790282102246e-07
3930,2029,117192,3.0245265310915768e-06,8.059065354303567e-07
3983,2029,117168,3.0245265310915768e-06,8.057414921095641e-07
3992,2029,117192,3.0245265310915768e-06,8.059065354303567e-07
4021,2029,117192,3.0245265310915768e-06,8.059065354303567e-07
4029,2029,117168,3.0245265310915768e-06,8.057414921095641e-07
4090,2029,117188,3.0245265310915768e-06,8.058790282102246e-07
4124,2029,117168,3.0245265310915768e-06,8.057414921095641e-07
4182,2029,117192,3.0245265310915768e-06,8.059065354303567e-07
4213,2029,117192,3.0245265310915768e-06,8.059065354303567e-07
4281,2029,117192,3.0245265310915768e-06,8.059065354303567e-07
4290,2029,117172,3.0245265310915768e-06,8.057689993296961e-07
4380,2029,117192,3.0245265310915768e-06,8.059065354303567e-07
4430,2029,117188,3.0245265310915768e-06,8.058790282102246e-07
4477,2029,117168,3.0245265310915768e-06,8.057414921095641e-07
4566,2029,117192,3.0245265310915768e-06,8.059065354303567e-07
4587,2029,117176,3.0245265310915768e-06,8.057965065498283e-07
4746,2029,117168,3.0245265310915768e-06,8.057414921095641e-07
4759,2029,117192,3.0245265310915768e-06,8.059065354303567e-07
4797,2029,117192,3.0245265310915768e-06,8.059065354303567e-07
4807,2029,117192,3.0245265310915768e-06,8.059065354303567e-07
4846,2029,117168,3.0245265310915768e-06,8.057414921095641e-07
4876,2029,117192,3.0245265310915768e-06,8.059065354303567e-07
4949,2029,117192,3.0245265310915768e-06,8.059065354303567e-07
4959,2029,117192,3.0245265310915768e-06,8.059065354303567e-07
4985,2029,117192,3.0245265310915768e-06,8.059065354303567e-07
5043,2029,117192,3.0245265310915768e-06,8.059065354303567e-07
5046,2029,117192,3.0245265310915768e-06,8.059065354303567e-07
5073,2029,117192,3.0245265310915768e-06,8.059065354303567e-07
5090,2029,117192,3.0245265310915768e-06,8.059065354303567e-07
5146,2029,117192,3.0245265310915768e-06,8.059065354303567e-07
5161,2029,117192,3.0245265310915768e-06,8.059065354303567e-07
5191,2029,117192,3.0245265310915768e-06,8.059065354303567e-07
5227,2029,117192,3.0245265310915768e-06,8.059065354303567e-07
5234,2029,117192,3.0245265310915768e-06,8.059065354303567e-07
5262,2029,117192,3.0245265310915768e-06,8.059065354303567e-07
5274,2029,117192,3.0245265310915768e-06,8.059065354303567e-07
5301,2029,117188,3.0245265310915768e-06,8.058790282102246e-07
5315,2029,117192,3.0245265310915768e-06,8.059065354303567e-07
5336,2029,117168,3.0245265310915768e-06,8.057414921095641e-07
5341,2029,117192,3.0245265310915768e-06,8.059065354303567e-07
5367,2029,117192,3.0245265310915768e-06,8.059065354303567e-07
5386,2029,117188,3.0245265310915768e-06,8.058790282102246e-07
5404,2029,117188,3.0245265310915768e-06,8.058790282102246e-07
7951,2028,117156,3.023035882234459e-06,8.056589704491677e-07
8013,2028,117156,3.023035882234459e-06,8.056589704491677e-07
8023,2028,117156,3.023035882234459e-06,8.056589704491677e-07
8046,2028,117156,3.023035882234459e-06,8.056589704491677e-07
5559,2028,117144,3.023035882234459e-06,8.055764487887715e-07
5573,2028,117144,3.023035882234459e-06,8.055764487887715e-07
5611,2028,117144,3.023035882234459e-06,8.055764487887715e-07
5613,2028,117144,3.023035882234459e-06,8.055764487887715e-07
5629,2028,117140,3.023035882234459e-06,8.055489415686393e-07
5647,2028,117144,3.023035882234459e-06,8.055764487887715e-07
5662,2028,117120,3.023035882234459e-06,8.054114054679788e-07
5668,2028,117140,3.023035882234459e-06,8.055489415686393e-07
5681,2028,117120,3.023035882234459e-06,8.054114054679788e-07
5763,2028,117144,3.023035882234459e-06,8.055764487887715e-07
5775,2028,117144,3.023035882234459e-06,8.055764487887715e-07
5792,2028,117144,3.023035882234459e-06,8.055764487887715e-07
5796,2028,117144,3.023035882234459e-06,8.055764487887715e-07
5870,2028,117144,3.023035882234459e-06,8.055764487887715e-07
5875,2028,117144,3.023035882234459e-06,8.055764487887715e-07
5891,2028,117144,3.023035882234459e-06,8.055764487887715e-07
5931,2028,117140,3.023035882234459e-06,8.055489415686393e-07
6078,2028,117140,3.023035882234459e-06,8.055489415686393e-07
6084,2028,117144,3.023035882234459e-06,8.055764487887715e-07
6149,2028,117140,3.023035882234459e-06,8.055489415686393e-07
6158,2028,117140,3.023035882234459e-06,8.055489415686393e-07
6159,2028,117144,3.023035882234459e-06,8.055764487887715e-07
6165,2028,117144,3.023035882234459e-06,8.055764487887715e-07
6170,2028,117144,3.023035882234459e-06,8.055764487887715e-07
6183,2028,117144,3.023035882234459e-06,8.055764487887715e-07
6234,2028,117144,3.023035882234459e-06,8.055764487887715e-07
6264,2028,117144,3.023035882234459e-06,8.055764487887715e-07
6284,2028,117144,3.023035882234459e-06,8.055764487887715e-07
6295,2028,117144,3.023035882234459e-06,8.055764487887715e-07
6303,2028,117140,3.023035882234459e-06,8.055489415686393e-07
6316,2028,117144,3.023035882234459e-06,8.055764487887715e-07
6416,2028,117144,3.023035882234459e-06,8.055764487887715e-07
6419,2028,117140,3.023035882234459e-06,8.055489415686393e-07
6435,2028,117120,3.023035882234459e-06,8.054114054679788e-07
6456,2028,117144,3.023035882234459e-06,8.055764487887715e-07
6464,2028,117144,3.023035882234459e-06,8.055764487887715e-07
6491,2028,117120,3.023035882234459e-06,8.054114054679788e-07
6527,2028,117144,3.023035882234459e-06,8.055764487887715e-07
6546,2028,117144,3.023035882234459e-06,8.055764487887715e-07
6585,2028,117144,3.023035882234459e-06,8.055764487887715e-07
6621,2028,117144,3.023035882234459e-06,8.055764487887715e-07
6716,2028,117136,3.023035882234459e-06,8.055214343485072e-07
6718,2028,117144,3.023035882234459e-06,8.055764487887715e-07
6722,2028,117144,3.023035882234459e-06,8.055764487887715e-07
6757,2028,117144,3.023035882234459e-06,8.055764487887715e-07
6784,2028,117144,3.023035882234459e-06,8.055764487887715e-07
6804,2028,117140,3.023035882234459e-06,8.055489415686393e-07
6813,2028,117144,3.023035882234459e-06,8.055764487887715e-07
6849,2028,117144,3.023035882234459e-06,8.055764487887715e-07
6853,2028,117140,3.023035882234459e-06,8.055489415686393e-07
6858,2028,117144,3.023035882234459e-06,8.055764487887715e-07
6873,2028,117144,3.023035882234459e-06,8.055764487887715e-07
6877,2028,117144,3.023035882234459e-06,8.055764487887715e-07
6929,2028,117144,3.023035882234459e-06,8.055764487887715e-07
6948,2028,117144,3.023035882234459e-06,8.055764487887715e-07
6997,2028,117120,3.023035882234459e-06,8.054114054679788e-07
7014,2028,117140,3.023035882234459e-06,8.055489415686393e-07
7098,2028,117144,3.023035882234459e-06,8.055764487887715e-07
7105,2028,117144,3.023035882234459e-06,8.055764487887715e-07
7120,2028,117144,3.023035882234459e-06,8.055764487887715e-07
7127,2028,117120,3.023035882234459e-06,8.054114054679788e-07
7225,2028,117140,3.023035882234459e-06,8.055489415686393e-07
7292,2028,117144,3.023035882234459e-06,8.055764487887715e-07
7294,2028,117120,3.023035882234459e-06,8.054114054679788e-07
7297,2028,117144,3.023035882234459e-06,8.055764487887715e-07
7304,2028,117140,3.023035882234459e-06,8.055489415686393e-07
7308,2028,117144,3.023035882234459e-06,8.055764487887715e-07
7316,2028,117144,3.023035882234459e-06,8.055764487887715e-07
7466,2028,117144,3.023035882234459e-06,8.055764487887715e-07
7475,2028,117144,3.023035882234459e-06,8.055764487887715e-07
7491,2028,117144,3.023035882234459e-06,8.055764487887715e-07
7534,2028,117140,3.023035882234459e-06,8.055489415686393e-07
7536,2028,117140,3.023035882234459e-06,8.055489415686393e-07
7562,2028,117144,3.023035882234459e-06,8.055764487887715e-07
7564,2028,117124,3.023035882234459e-06,8.054389126881109e-07
7599,2028,117144,3.023035882234459e-06,8.055764487887715e-07
7632,2028,117144,3.023035882234459e-06,8.055764487887715e-07
7636,2028,117144,3.023035882234459e-06,8.055764487887715e-07
7651,2028,117144,3.023035882234459e-06,8.055764487887715e-07
7653,2028,117144,3.023035882234459e-06,8.055764487887715e-07
7661,2028,117144,3.023035882234459e-06,8.055764487887715e-07
7690,2028,117144,3.023035882234459e-06,8.055764487887715e-07
7733,2028,117140,3.023035882234459e-06,8.055489415686393e-07
7764,2028,117144,3.023035882234459e-06,8.055764487887715e-07
7808,2028,117140,3.023035882234459e-06,8.055489415686393e-07
7827,2028,117144,3.023035882234459e-06,8.055764487887715e-07
7884,2028,117144,3.023035882234459e-06,8.055764487887715e-07
7888,2028,117140,3.023035882234459e-06,8.055489415686393e-07
7916,2028,117140,3.023035882234459e-06,8.055489415686393e-07
7928,2028,117144,3.023035882234459e-06,8.055764487887715e-07
2816,2028,117132,3.023035882234459e-06,8.054939271283751e-07
2941,2028,117132,3.023035882234459e-06,8.054939271283751e-07
2972,2028,117132,3.023035882234459e-06,8.054939271283751e-07
2997,2028,117132,3.023035882234459e-06,8.054939271283751e-07
3035,2028,117108,3.023035882234459e-06,8.053288838075825e-07
3045,2028,117108,3.023035882234459e-06,8.053288838075825e-07
3058,2028,117108,3.023035882234459e-06,8.053288838075825e-07
3072,2028,117108,3.023035882234459e-06,8.053288838075825e-07
3076,2028,117108,3.023035882234459e-06,8.053288838075825e-07
3190,2028,117128,3.023035882234459e-06,8.05466419908243e-07
3232,2028,117108,3.023035882234459e-06,8.053288838075825e-07
3290,2028,117108,3.023035882234459e-06,8.053288838075825e-07
3317,2028,117112,3.023035882234459e-06,8.053563910277146e-07
3321,2028,117108,3.023035882234459e-06,8.053288838075825e-07
3348,2028,117128,3.023035882234459e-06,8.05466419908243e-07
3419,2028,117108,3.023035882234459e-06,8.053288838075825e-07
3505,2028,117108,3.023035882234459e-06,8.053288838075825e-07
3544,2028,117108,3.023035882234459e-06,8.053288838075825e-07
3621,2028,117128,3.023035882234459e-06,8.05466419908243e-07
3636,2028,117108,3.023035882234459e-06,8.053288838075825e-07
3777,2028,117108,3.023035882234459e-06,8.053288838075825e-07
3836,2028,117108,3.023035882234459e-06,8.053288838075825e-07
3879,2028,117108,3.023035882234459e-06,8.053288838075825e-07
3892,2028,117108,3.023035882234459e-06,8.053288838075825e-07
3896,2028,117108,3.023035882234459e-06,8.053288838075825e-07
3946,2028,117108,3.023035882234459e-06,8.053288838075825e-07
3969,2028,117108,3.023035882234459e-06,8.053288838075825e-07
3970,2028,117124,3.023035882234459e-06,8.054389126881109e-07
4022,2028,117108,3.023035882234459e-06,8.053288838075825e-07
4036,2028,117112,3.023035882234459e-06,8.053563910277146e-07
4040,2028,117108,3.023035882234459e-06,8.053288838075825e-07
4041,2028,117108,3.023035882234459e-06,8.053288838075825e-07
4118,2028,117108,3.023035882234459e-06,8.053288838075825e-07
4160,2028,117108,3.023035882234459e-06,8.053288838075825e-07
4196,2028,117108,3.023035882234459e-06,8.053288838075825e-07
4204,2028,117108,3.023035882234459e-06,8.053288838075825e-07
4240,2028,117108,3.023035882234459e-06,8.053288838075825e-07
4295,2028,117108,3.023035882234459e-06,8.053288838075825e-07
4368,2028,117108,3.023035882234459e-06,8.053288838075825e-07
4389,2028,117128,3.023035882234459e-06,8.05466419908243e-07
4400,2028,117108,3.023035882234459e-06,8.053288838075825e-07
4403,2028,117108,3.023035882234459e-06,8.053288838075825e-07
4406,2028,117108,3.023035882234459e-06,8.053288838075825e-07
4421,2028,117108,3.023035882234459e-06,8.053288838075825e-07
4461,2028,117108,3.023035882234459e-06,8.053288838075825e-07
4467,2028,117108,3.023035882234459e-06,8.053288838075825e-07
4510,2028,117108,3.023035882234459e-06,8.053288838075825e-07
4519,2028,117108,3.023035882234459e-06,8.053288838075825e-07
4530,2028,117108,3.023035882234459e-06,8.053288838075825e-07
4604,2028,117108,3.023035882234459e-06,8.053288838075825e-07
4673,2028,117108,3.023035882234459e-06,8.053288838075825e-07
4703,2028,117108,3.023035882234459e-06,8.053288838075825e-07
4743,2028,117132,3.023035882234459e-06,8.054939271283751e-07
4758,2028,117108,3.023035882234459e-06,8.053288838075825e-07
4771,2028,117108,3.023035882234459e-06,8.053288838075825e-07
4786,2028,117132,3.023035882234459e-06,8.054939271283751e-07
4801,2028,117108,3.023035882234459e-06,8.053288838075825e-07
4918,2028,117132,3.023035882234459e-06,8.054939271283751e-07
4997,2028,117132,3.023035882234459e-06,8.054939271283751e-07
5031,2028,117132,3.023035882234459e-06,8.054939271283751e-07
5095,2028,117108,3.023035882234459e-06,8.053288838075825e-07
5112,2028,117132,3.023035882234459e-06,8.054939271283751e-07
5124,2028,117108,3.023035882234459e-06,8.053288838075825e-07
5204,2028,117128,3.023035882234459e-06,8.05466419908243e-07
5223,2028,117128,3.023035882234459e-06,8.05466419908243e-07
5247,2028,117128,3.023035882234459e-06,8.05466419908243e-07
5288,2028,117108,3.023035882234459e-06,8.053288838075825e-07
5320,2028,117108,3.023035882234459e-06,8.053288838075825e-07
5486,2028,117108,3.023035882234459e-06,8.053288838075825e-07
7952,2027,117096,3.0215452333773416e-06,8.052463621471862e-07
7963,2027,117096,3.0215452333773416e-06,8.052463621471862e-07
8017,2027,117096,3.0215452333773416e-06,8.052463621471862e-07
5720,2027,117060,3.0215452333773416e-06,8.049987971659973e-07
5742,2027,117060,3.0215452333773416e-06,8.049987971659973e-07
5748,2027,117060,3.0215452333773416e-06,8.049987971659973e-07
5774,2027,117060,3.0215452333773416e-06,8.049987971659973e-07
5858,2027,117084,3.0215452333773416e-06,8.051638404867899e-07
5871,2027,117084,3.0215452333773416e-06,8.051638404867899e-07
5881,2027,117060,3.0215452333773416e-06,8.049987971659973e-07
5924,2027,117084,3.0215452333773416e-06,8.051638404867899e-07
5955,2027,117080,3.0215452333773416e-06,8.051363332666577e-07
5976,2027,117080,3.0215452333773416e-06,8.051363332666577e-07
6082,2027,117064,3.0215452333773416e-06,8.050263043861293e-07
6133,2027,117084,3.0215452333773416e-06,8.051638404867899e-07
6145,2027,117060,3.0215452333773416e-06,8.049987971659973e-07
6242,2027,117080,3.0215452333773416e-06,8.051363332666577e-07
6243,2027,117080,3.0215452333773416e-06,8.051363332666577e-07
6290,2027,117060,3.0215452333773416e-06,8.049987971659973e-07
6324,2027,117084,3.0215452333773416e-06,8.051638404867899e-07
6331,2027,117080,3.0215452333773416e-06,8.051363332666577e-07
6343,2027,117080,3.0215452333773416e-06,8.051363332666577e-07
6363,2027,117060,3.0215452333773416e-06,8.049987971659973e-07
6490,2027,117084,3.0215452333773416e-06,8.051638404867899e-07
6569,2027,117076,3.0215452333773416e-06,8.051088260465257e-07
6581,2027,117084,3.0215452333773416e-06,8.051638404867899e-07
6588,2027,117080,3.0215452333773416e-06,8.051363332666577e-07
6614,2027,117084,3.0215452333773416e-06,8.051638404867899e-07
6679,2027,117060,3.0215452333773416e-06,8.049987971659973e-07
6695,2027,117084,3.0215452333773416e-06,8.051638404867899e-07
6703,2027,117084,3.0215452333773416e-06,8.051638404867899e-07
6725,2027,117060,3.0215452333773416e-06,8.049987971659973e-07
6834,2027,117080,3.0215452333773416e-06,8.051363332666577e-07
6840,2027,117060,3.0215452333773416e-06,8.049987971659973e-07
6934,2027,117064,3.0215452333773416e-06,8.050263043861293e-07
6940,2027,117080,3.0215452333773416e-06,8.051363332666577e-07
7024,2027,117060,3.0215452333773416e-06,8.049987971659973e-07
7075,2027,117060,3.0215452333773416e-06,8.049987971659973e-07
7141,2027,117080,3.0215452333773416e-06,8.051363332666577e-07
7202,2027,117084,3.0215452333773416e-06,8.051638404867899e-07
7340,2027,117060,3.0215452333773416e-06,8.049987971659973e-07
7356,2027,117080,3.0215452333773416e-06,8.051363332666577e-07
7387,2027,117084,3.0215452333773416e-06,8.051638404867899e-07
7394,2027,117080,3.0215452333773416e-06,8.051363332666577e-07
7474,2027,117064,3.0215452333773416e-06,8.050263043861293e-07
7505,2027,117084,3.0215452333773416e-06,8.051638404867899e-07
7515,2027,117076,3.0215452333773416e-06,8.051088260465257e-07
7583,2027,117084,3.0215452333773416e-06,8.051638404867899e-07
7587,2027,117080,3.0215452333773416e-06,8.051363332666577e-07
7696,2027,117080,3.0215452333773416e-06,8.051363332666577e-07
7730,2027,117060,3.0215452333773416e-06,8.049987971659973e-07
7804,2027,117084,3.0215452333773416e-06,8.051638404867899e-07
7836,2027,117064,3.0215452333773416e-06,8.050263043861293e-07
7838,2027,117080,3.0215452333773416e-06,8.051363332666577e-07
7892,2027,117060,3.0215452333773416e-06,8.049987971659973e-07
7917,2027,117060,3.0215452333773416e-06,8.049987971659973e-07
7930,2027,117060,3.0215452333773416e-06,8.049987971659973e-07
2843,2027,117072,3.0215452333773416e-06,8.050813188263935e-07
2850,2027,117072,3.0215452333773416e-06,8.050813188263935e-07
2931,2027,117072,3.0215452333773416e-06,8.050813188263935e-07
2963,2027,117048,3.0215452333773416e-06,8.049162755056009e-07
2976,2027,117048,3.0215452333773416e-06,8.049162755056009e-07
3036,2027,117048,3.0215452333773416e-06,8.049162755056009e-07
3055,2027,117048,3.0215452333773416e-06,8.049162755056009e-07
3060,2027,117048,3.0215452333773416e-06,8.049162755056009e-07
3084,2027,117048,3.0215452333773416e-06,8.049162755056009e-07
3092,2027,117048,3.0215452333773416e-06,8.049162755056009e-07
3097,2027,117048,3.0215452333773416e-06,8.049162755056009e-07
3137,2027,117048,3.0215452333773416e-06,8.049162755056009e-07
3154,2027,117048,3.0215452333773416e-06,8.049162755056009e-07
3158,2027,117048,3.0215452333773416e-06,8.049162755056009e-07
3229,2027,117048,3.0215452333773416e-06,8.049162755056009e-07
3286,2027,117048,3.0215452333773416e-06,8.049162755056009e-07
3288,2027,117048,3.0215452333773416e-06,8.049162755056009e-07
3305,2027,117048,3.0215452333773416e-06,8.049162755056009e-07
3307,2027,117048,3.0215452333773416e-06,8.049162755056009e-07
3328,2027,117048,3.0215452333773416e-06,8.049162755056009e-07
3329,2027,117048,3.0215452333773416e-06,8.049162755056009e-07
3374,2027,117048,3.0215452333773416e-06,8.049162755056009e-07
3383,2027,117048,3.0215452333773416e-06,8.049162755056009e-07
3407,2027,117048,3.0215452333773416e-06,8.049162755056009e-07
3414,2027,117048,3.0215452333773416e-06,8.049162755056009e-07
3506,2027,117048,3.0215452333773416e-06,8.049162755056009e-07
3507,2027,117048,3.0215452333773416e-06,8.049162755056009e-07
3524,2027,117048,3.0215452333773416e-06,8.049162755056009e-07
3540,2027,117048,3.0215452333773416e-06,8.049162755056009e-07
3561,2027,117048,3.0215452333773416e-06,8.049162755056009e-07
3576,2027,117048,3.0215452333773416e-06,8.049162755056009e-07
3643,2027,117048,3.0215452333773416e-06,8.049162755056009e-07
3681,2027,117048,3.0215452333773416e-06,8.049162755056009e-07
3694,2027,117048,3.0215452333773416e-06,8.049162755056009e-07
3704,2027,117048,3.0215452333773416e-06,8.049162755056009e-07
3712,2027,117048,3.0215452333773416e-06,8.049162755056009e-07
3713,2027,117048,3.0215452333773416e-06,8.049162755056009e-07
3718,2027,117048,3.0215452333773416e-06,8.049162755056009e-07
3723,2027,117048,3.0215452333773416e-06,8.049162755056009e-07
3783,2027,117048,3.0215452333773416e-06,8.049162755056009e-07
3804,2027,117048,3.0215452333773416e-06,8.049162755056009e-07
3823,2027,117048,3.0215452333773416e-06,8.049162755056009e-07
3845,2027,117048,3.0215452333773416e-06,8.049162755056009e-07
3883,2027,117048,3.0215452333773416e-06,8.049162755056009e-07
3895,2027,117048,3.0215452333773416e-06,8.049162755056009e-07
3901,2027,117048,3.0215452333773416e-06,8.049162755056009e-07
3959,2027,117048,3.0215452333773416e-06,8.049162755056009e-07
3974,2027,117052,3.0215452333773416e-06,8.049437827257331e-07
3977,2027,117048,3.0215452333773416e-06,8.049162755056009e-07
4037,2027,117048,3.0215452333773416e-06,8.049162755056009e-07
4073,2027,117048,3.0215452333773416e-06,8.049162755056009e-07
4078,2027,117048,3.0215452333773416e-06,8.049162755056009e-07
4102,2027,117048,3.0215452333773416e-06,8.049162755056009e-07
4104,2027,117048,3.0215452333773416e-06,8.049162755056009e-07
4116,2027,117048,3.0215452333773416e-06,8.049162755056009e-07
4139,2027,117048,3.0215452333773416e-06,8.049162755056009e-07
4149,2027,117048,3.0215452333773416e-06,8.049162755056009e-07
4155,2027,117048,3.0215452333773416e-06,8.049162755056009e-07
4165,2027,117064,3.0215452333773416e-06,8.050263043861293e-07
4200,2027,117048,3.0215452333773416e-06,8.049162755056009e-07
4231,2027,117048,3.0215452333773416e-06,8.049162755056009e-07
4244,2027,117048,3.0215452333773416e-06,8.049162755056009e-07
4274,2027,117048,3.0215452333773416e-06,8.049162755056009e-07
4301,2027,117048,3.0215452333773416e-06,8.049162755056009e-07
4306,2027,117048,3.0215452333773416e-06,8.049162755056009e-07
4307,2027,117048,3.0215452333773416e-06,8.049162755056009e-07
4330,2027,117048,3.0215452333773416e-06,8.049162755056009e-07
4332,2027,117048,3.0215452333773416e-06,8.049162755056009e-07
4344,2027,117048,3.0215452333773416e-06,8.049162755056009e-07
4345,2027,117048,3.0215452333773416e-06,8.049162755056009e-07
4355,2027,117048,3.0215452333773416e-06,8.049162755056009e-07
4375,2027,117048,3.0215452333773416e-06,8.049162755056009e-07
4379,2027,117048,3.0215452333773416e-06,8.049162755056009e-07
4382,2027,117048,3.0215452333773416e-06,8.049162755056009e-07
4398,2027,117048,3.0215452333773416e-06,8.049162755056009e-07
4401,2027,117048,3.0215452333773416e-06,8.049162755056009e-07
4426,2027,117048,3.0215452333773416e-06,8.049162755056009e-07
4460,2027,117048,3.0215452333773416e-06,8.049162755056009e-07
4528,2027,117048,3.0215452333773416e-06,8.049162755056009e-07
4529,2027,117048,3.0215452333773416e-06,8.049162755056009e-07
4532,2027,117048,3.0215452333773416e-06,8.049162755056009e-07
4551,2027,117048,3.0215452333773416e-06,8.049162755056009e-07
4565,2027,117048,3.0215452333773416e-06,8.049162755056009e-07
4569,2027,117048,3.0215452333773416e-06,8.049162755056009e-07
4570,2027,117048,3.0215452333773416e-06,8.049162755056009e-07
4574,2027,117048,3.0215452333773416e-06,8.049162755056009e-07
4590,2027,117048,3.0215452333773416e-06,8.049162755056009e-07
4603,2027,117048,3.0215452333773416e-06,8.049162755056009e-07
4624,2027,117048,3.0215452333773416e-06,8.049162755056009e-07
4633,2027,117048,3.0215452333773416e-06,8.049162755056009e-07
4650,2027,117048,3.0215452333773416e-06,8.049162755056009e-07
4651,2027,117048,3.0215452333773416e-06,8.049162755056009e-07
4655,2027,117048,3.0215452333773416e-06,8.049162755056009e-07
4656,2027,117048,3.0215452333773416e-06,8.049162755056009e-07
4687,2027,117048,3.0215452333773416e-06,8.049162755056009e-07
4854,2027,117064,3.0215452333773416e-06,8.050263043861293e-07
4888,2027,117048,3.0215452333773416e-06,8.049162755056009e-07
4903,2027,117048,3.0215452333773416e-06,8.049162755056009e-07
4904,2027,117048,3.0215452333773416e-06,8.049162755056009e-07
4926,2027,117048,3.0215452333773416e-06,8.049162755056009e-07
4954,2027,117048,3.0215452333773416e-06,8.049162755056009e-07
4958,2027,117048,3.0215452333773416e-06,8.049162755056009e-07
5024,2027,117048,3.0215452333773416e-06,8.049162755056009e-07
5026,2027,117048,3.0215452333773416e-06,8.049162755056009e-07
5114,2027,117048,3.0215452333773416e-06,8.049162755056009e-07
5141,2027,117048,3.0215452333773416e-06,8.049162755056009e-07
5193,2027,117048,3.0215452333773416e-06,8.049162755056009e-07
5433,2027,117048,3.0215452333773416e-06,8.049162755056009e-07
7961,2026,117012,3.020054584520224e-06,8.046687105244121e-07
8060,2026,117036,3.020054584520224e-06,8.048337538452047e-07
8070,2026,117036,3.020054584520224e-06,8.048337538452047e-07
8077,2026,117036,3.020054584520224e-06,8.048337538452047e-07
2736,2026,117024,3.020054584520224e-06,8.047512321848083e-07
5514,2026,117000,3.020054584520224e-06,8.045861888640157e-07
5620,2026,117000,3.020054584520224e-06,8.045861888640157e-07
5627,2026,117000,3.020054584520224e-06,8.045861888640157e-07
5707,2026,117000,3.020054584520224e-06,8.045861888640157e-07
5722,2026,117000,3.020054584520224e-06,8.045861888640157e-07
5752,2026,117000,3.020054584520224e-06,8.045861888640157e-07
5765,2026,117000,3.020054584520224e-06,8.045861888640157e-07
5845,2026,117000,3.020054584520224e-06,8.045861888640157e-07
5848,2026,117000,3.020054584520224e-06,8.045861888640157e-07
5860,2026,117000,3.020054584520224e-06,8.045861888640157e-07
5945,2026,117000,3.020054584520224e-06,8.045861888640157e-07
5991,2026,117000,3.020054584520224e-06,8.045861888640157e-07
6029,2026,117000,3.020054584520224e-06,8.045861888640157e-07
6035,2026,117000,3.020054584520224e-06,8.045861888640157e-07
6038,2026,117000,3.020054584520224e-06,8.045861888640157e-07
6210,2026,117004,3.020054584520224e-06,8.046136960841479e-07
6257,2026,117004,3.020054584520224e-06,8.046136960841479e-07
6280,2026,117000,3.020054584520224e-06,8.045861888640157e-07
6288,2026,117000,3.020054584520224e-06,8.045861888640157e-07
6293,2026,117000,3.020054584520224e-06,8.045861888640157e-07
6342,2026,117004,3.020054584520224e-06,8.046136960841479e-07
6345,2026,117000,3.020054584520224e-06,8.045861888640157e-07
6354,2026,117000,3.020054584520224e-06,8.045861888640157e-07
6406,2026,117000,3.020054584520224e-06,8.045861888640157e-07
6452,2026,117000,3.020054584520224e-06,8.045861888640157e-07
6457,2026,117000,3.020054584520224e-06,8.045861888640157e-07
6492,2026,117020,3.020054584520224e-06,8.047237249646763e-07
6516,2026,117000,3.020054584520224e-06,8.045861888640157e-07
6671,2026,117000,3.020054584520224e-06,8.045861888640157e-07
6846,2026,117004,3.020054584520224e-06,8.046136960841479e-07
6885,2026,117000,3.020054584520224e-06,8.045861888640157e-07
6960,2026,117000,3.020054584520224e-06,8.045861888640157e-07
6995,2026,117004,3.020054584520224e-06,8.046136960841479e-07
7028,2026,117020,3.020054584520224e-06,8.047237249646763e-07
7069,2026,117000,3.020054584520224e-06,8.045861888640157e-07
7080,2026,117000,3.020054584520224e-06,8.045861888640157e-07
7115,2026,117000,3.020054584520224e-06,8.045861888640157e-07
7164,2026,117000,3.020054584520224e-06,8.045861888640157e-07
7180,2026,117000,3.020054584520224e-06,8.045861888640157e-07
7242,2026,117000,3.020054584520224e-06,8.045861888640157e-07
7317,2026,117000,3.020054584520224e-06,8.045861888640157e-07
7325,2026,117000,3.020054584520224e-06,8.045861888640157e-07
7346,2026,117000,3.020054584520224e-06,8.045861888640157e-07
7362,2026,117020,3.020054584520224e-06,8.047237249646763e-07
7424,2026,117000,3.020054584520224e-06,8.045861888640157e-07
7425,2026,117000,3.020054584520224e-06,8.045861888640157e-07
7455,2026,117000,3.020054584520224e-06,8.045861888640157e-07
7461,2026,117020,3.020054584520224e-06,8.047237249646763e-07
7463,2026,117000,3.020054584520224e-06,8.045861888640157e-07
7480,2026,117000,3.020054584520224e-06,8.045861888640157e-07
7549,2026,117020,3.020054584520224e-06,8.047237249646763e-07
7555,2026,117000,3.020054584520224e-06,8.045861888640157e-07
7574,2026,117000,3.020054584520224e-06,8.045861888640157e-07
7626,2026,117000,3.020054584520224e-06,8.045861888640157e-07
7700,2026,117000,3.020054584520224e-06,8.045861888640157e-07
7735,2026,117000,3.020054584520224e-06,8.045861888640157e-07
7821,2026,117020,3.020054584520224e-06,8.047237249646763e-07
7866,2026,117000,3.020054584520224e-06,8.045861888640157e-07
7881,2026,117000,3.020054584520224e-06,8.045861888640157e-07
7887,2026,117000,3.020054584520224e-06,8.045861888640157e-07
7898,2026,117016,3.020054584520224e-06,8.046962177445441e-07
2787,2026,117012,3.020054584520224e-06,8.046687105244121e-07
2793,2026,117012,3.020054584520224e-06,8.046687105244121e-07
2804,2026,117012,3.020054584520224e-06,8.046687105244121e-07
2818,2026,117012,3.020054584520224e-06,8.046687105244121e-07
2825,2026,117012,3.020054584520224e-06,8.046687105244121e-07
2828,2026,117012,3.020054584520224e-06,8.046687105244121e-07
2911,2026,117008,3.020054584520224e-06,8.046412033042799e-07
2918,2026,117008,3.020054584520224e-06,8.046412033042799e-07
2971,2026,117012,3.020054584520224e-06,8.046687105244121e-07
3021,2026,116988,3.020054584520224e-06,8.045036672036194e-07
3026,2026,116988,3.020054584520224e-06,8.045036672036194e-07
3034,2026,116988,3.020054584520224e-06,8.045036672036194e-07
3038,2026,116988,3.020054584520224e-06,8.045036672036194e-07
3040,2026,116988,3.020054584520224e-06,8.045036672036194e-07
3056,2026,116988,3.020054584520224e-06,8.045036672036194e-07
3059,2026,116988,3.020054584520224e-06,8.045036672036194e-07
3064,2026,116988,3.020054584520224e-06,8.045036672036194e-07
3075,2026,116988,3.020054584520224e-06,8.045036672036194e-07
3091,2026,116988,3.020054584520224e-06,8.045036672036194e-07
3093,2026,116988,3.020054584520224e-06,8.045036672036194e-07
3103,2026,116988,3.020054584520224e-06,8.045036672036194e-07
3113,2026,116988,3.020054584520224e-06,8.045036672036194e-07
3119,2026,116988,3.020054584520224e-06,8.045036672036194e-07
3126,2026,116988,3.020054584520224e-06,8.045036672036194e-07
3136,2026,116988,3.020054584520224e-06,8.045036672036194e-07
3140,2026,116988,3.020054584520224e-06,8.045036672036194e-07
3148,2026,116988,3.020054584520224e-06,8.045036672036194e-07
3150,2026,116988,3.020054584520224e-06,8.045036672036194e-07
3165,2026,116988,3.020054584520224e-06,8.045036672036194e-07
3172,2026,116988,3.020054584520224e-06,8.045036672036194e-07
3201,2026,116988,3.020054584520224e-06,8.045036672036194e-07
3202,2026,116988,3.020054584520224e-06,8.045036672036194e-07
3210,2026,116988,3.020054584520224e-06,8.045036672036194e-07
3219,2026,116988,3.020054584520224e-06,8.045036672036194e-07
3237,2026,116988,3.020054584520224e-06,8.045036672036194e-07
3246,2026,116988,3.020054584520224e-06,8.045036672036194e-07
3248,2026,116988,3.020054584520224e-06,8.045036672036194e-07
3258,2026,116988,3.020054584520224e-06,8.045036672036194e-07
3276,2026,116988,3.020054584520224e-06,8.045036672036194e-07
3299,2026,116988,3.020054584520224e-06,8.045036672036194e-07
3313,2026,116988,3.020054584520224e-06,8.045036672036194e-07
3318,2026,116988,3.020054584520224e-06,8.045036672036194e-07
3327,2026,116988,3.020054584520224e-06,8.045036672036194e-07
3363,2026,116988,3.020054584520224e-06,8.045036672036194e-07
3368,2026,116988,3.020054584520224e-06,8.045036672036194e-07
3375,2026,116988,3.020054584520224e-06,8.045036672036194e-07
3381,2026,116988,3.020054584520224e-06,8.045036672036194e-07
3397,2026,116988,3.020054584520224e-06,8.045036672036194e-07
3398,2026,116988,3.020054584520224e-06,8.045036672036194e-07
3408,2026,116988,3.020054584520224e-06,8.045036672036194e-07
3417,2026,116992,3.020054584520224e-06,8.045311744237515e-07
3421,2026,116988,3.020054584520224e-06,8.045036672036194e-07
3433,2026,116988,3.020054584520224e-06,8.045036672036194e-07
3434,2026,116988,3.020054584520224e-06,8.045036672036194e-07
3452,2026,116988,3.020054584520224e-06,8.045036672036194e-07
3454,2026,116988,3.020054584520224e-06,8.045036672036194e-07
3466,2026,116988,3.020054584520224e-06,8.045036672036194e-07
3468,2026,116988,3.020054584520224e-06,8.045036672036194e-07
3469,2026,116988,3.020054584520224e-06,8.045036672036194e-07
3471,2026,116988,3.020054584520224e-06,8.045036672036194e-07
3473,2026,116988,3.020054584520224e-06,8.045036672036194e-07
3480,2026,116988,3.020054584520224e-06,8.045036672036194e-07
3492,2026,116988,3.020054584520224e-06,8.045036672036194e-07
3503,2026,116988,3.020054584520224e-06,8.045036672036194e-07
3530,2026,116988,3.020054584520224e-06,8.045036672036194e-07
3533,2026,116988,3.020054584520224e-06,8.045036672036194e-07
3536,2026,116988,3.020054584520224e-06,8.045036672036194e-07
3538,2026,116988,3.020054584520224e-06,8.045036672036194e-07
3559,2026,116988,3.020054584520224e-06,8.045036672036194e-07
3575,2026,116988,3.020054584520224e-06,8.045036672036194e-07
3589,2026,116988,3.020054584520224e-06,8.045036672036194e-07
3591,2026,116988,3.020054584520224e-06,8.045036672036194e-07
3596,2026,116988,3.020054584520224e-06,8.045036672036194e-07
3599,2026,116988,3.020054584520224e-06,8.045036672036194e-07
3604,2026,116988,3.020054584520224e-06,8.045036672036194e-07
3625,2026,116988,3.020054584520224e-06,8.045036672036194e-07
3641,2026,116988,3.020054584520224e-06,8.045036672036194e-07
3650,2026,116988,3.020054584520224e-06,8.045036672036194e-07
3653,2026,116988,3.020054584520224e-06,8.045036672036194e-07
3673,2026,116988,3.020054584520224e-06,8.045036672036194e-07
3678,2026,116988,3.020054584520224e-06,8.045036672036194e-07
3700,2026,116988,3.020054584520224e-06,8.045036672036194e-07
3706,2026,116988,3.020054584520224e-06,8.045036672036194e-07
3709,2026,116988,3.020054584520224e-06,8.045036672036194e-07
3710,2026,116988,3.020054584520224e-06,8.045036672036194e-07
3711,2026,116988,3.020054584520224e-06,8.045036672036194e-07
3721,2026,116988,3.020054584520224e-06,8.045036672036194e-07
3736,2026,116988,3.020054584520224e-06,8.045036672036194e-07
3755,2026,116988,3.020054584520224e-06,8.045036672036194e-07
3763,2026,116988,3.020054584520224e-06,8.045036672036194e-07
3773,2026,116988,3.020054584520224e-06,8.045036672036194e-07
3788,2026,116988,3.020054584520224e-06,8.045036672036194e-07
3805,2026,116988,3.020054584520224e-06,8.045036672036194e-07
3807,2026,116988,3.020054584520224e-06,8.045036672036194e-07
3825,2026,116988,3.020054584520224e-06,8.045036672036194e-07
3829,2026,116988,3.020054584520224e-06,8.045036672036194e-07
3842,2026,116988,3.020054584520224e-06,8.045036672036194e-07
3865,2026,116988,3.020054584520224e-06,8.045036672036194e-07
3866,2026,116988,3.020054584520224e-06,8.045036672036194e-07
3877,2026,116988,3.020054584520224e-06,8.045036672036194e-07
3886,2026,116988,3.020054584520224e-06,8.045036672036194e-07
3899,2026,116988,3.020054584520224e-06,8.045036672036194e-07
3911,2026,116988,3.020054584520224e-06,8.045036672036194e-07
3912,2026,116988,3.020054584520224e-06,8.045036672036194e-07
3925,2026,116988,3.020054584520224e-06,8.045036672036194e-07
3931,2026,116988,3.020054584520224e-06,8.045036672036194e-07
3940,2026,116988,3.020054584520224e-06,8.045036672036194e-07
3947,2026,116988,3.020054584520224e-06,8.045036672036194e-07
3950,2026,116988,3.020054584520224e-06,8.045036672036194e-07
3952,2026,116988,3.020054584520224e-06,8.045036672036194e-07
3960,2026,116988,3.020054584520224e-06,8.045036672036194e-07
3980,2026,116988,3.020054584520224e-06,8.045036672036194e-07
3994,2026,116988,3.020054584520224e-06,8.045036672036194e-07
3996,2026,116988,3.020054584520224e-06,8.045036672036194e-07
4007,2026,116988,3.020054584520224e-06,8.045036672036194e-07
4011,2026,116988,3.020054584520224e-06,8.045036672036194e-07
4024,2026,116988,3.020054584520224e-06,8.045036672036194e-07
4025,2026,116988,3.020054584520224e-06,8.045036672036194e-07
4033,2026,116988,3.020054584520224e-06,8.045036672036194e-07
4052,2026,116988,3.020054584520224e-06,8.045036672036194e-07
4064,2026,116988,3.020054584520224e-06,8.045036672036194e-07
4067,2026,116988,3.020054584520224e-06,8.045036672036194e-07
4070,2026,116988,3.020054584520224e-06,8.045036672036194e-07
4072,2026,116988,3.020054584520224e-06,8.045036672036194e-07
4089,2026,116988,3.020054584520224e-06,8.045036672036194e-07
4096,2026,116988,3.020054584520224e-06,8.045036672036194e-07
4097,2026,116988,3.020054584520224e-06,8.045036672036194e-07
4106,2026,116988,3.020054584520224e-06,8.045036672036194e-07
4110,2026,116988,3.020054584520224e-06,8.045036672036194e-07
4113,2026,116988,3.020054584520224e-06,8.045036672036194e-07
4117,2026,116988,3.020054584520224e-06,8.045036672036194e-07
4120,2026,116988,3.020054584520224e-06,8.045036672036194e-07
4140,2026,116988,3.020054584520224e-06,8.045036672036194e-07
4141,2026,116988,3.020054584520224e-06,8.045036672036194e-07
4145,2026,116988,3.020054584520224e-06,8.045036672036194e-07
4156,2026,116988,3.020054584520224e-06,8.045036672036194e-07
4158,2026,116988,3.020054584520224e-06,8.045036672036194e-07
4176,2026,116988,3.020054584520224e-06,8.045036672036194e-07
4187,2026,116988,3.020054584520224e-06,8.045036672036194e-07
4193,2026,116988,3.020054584520224e-06,8.045036672036194e-07
4194,2026,116988,3.020054584520224e-06,8.045036672036194e-07
4210,2026,116988,3.020054584520224e-06,8.045036672036194e-07
4214,2026,116988,3.020054584520224e-06,8.045036672036194e-07
4216,2026,116988,3.020054584520224e-06,8.045036672036194e-07
4219,2026,116988,3.020054584520224e-06,8.045036672036194e-07
4230,2026,116988,3.020054584520224e-06,8.045036672036194e-07
4253,2026,116988,3.020054584520224e-06,8.045036672036194e-07
4255,2026,116988,3.020054584520224e-06,8.045036672036194e-07
4257,2026,116988,3.020054584520224e-06,8.045036672036194e-07
4269,2026,116988,3.020054584520224e-06,8.045036672036194e-07
4272,2026,116988,3.020054584520224e-06,8.045036672036194e-07
4273,2026,116988,3.020054584520224e-06,8.045036672036194e-07
4276,2026,116988,3.020054584520224e-06,8.045036672036194e-07
4284,2026,116988,3.020054584520224e-06,8.045036672036194e-07
4314,2026,116988,3.020054584520224e-06,8.045036672036194e-07
4335,2026,116988,3.020054584520224e-06,8.045036672036194e-07
4340,2026,116988,3.020054584520224e-06,8.045036672036194e-07
4347,2026,116988,3.020054584520224e-06,8.045036672036194e-07
4348,2026,116988,3.020054584520224e-06,8.045036672036194e-07
4361,2026,116988,3.020054584520224e-06,8.045036672036194e-07
4366,2026,116988,3.020054584520224e-06,8.045036672036194e-07
4369,2026,116988,3.020054584520224e-06,8.045036672036194e-07
4391,2026,116988,3.020054584520224e-06,8.045036672036194e-07
4396,2026,116988,3.020054584520224e-06,8.045036672036194e-07
4411,2026,116988,3.020054584520224e-06,8.045036672036194e-07
4425,2026,116988,3.020054584520224e-06,8.045036672036194e-07
4428,2026,116988,3.020054584520224e-06,8.045036672036194e-07
4448,2026,116988,3.020054584520224e-06,8.045036672036194e-07
4451,2026,116988,3.020054584520224e-06,8.045036672036194e-07
4457,2026,116988,3.020054584520224e-06,8.045036672036194e-07
4459,2026,116988,3.020054584520224e-06,8.045036672036194e-07
4462,2026,116988,3.020054584520224e-06,8.045036672036194e-07
4465,2026,116988,3.020054584520224e-06,8.045036672036194e-07
4466,2026,116988,3.020054584520224e-06,8.045036672036194e-07
4490,2026,116988,3.020054584520224e-06,8.045036672036194e-07
4492,2026,116988,3.020054584520224e-06,8.045036672036194e-07
4494,2026,116988,3.020054584520224e-06,8.045036672036194e-07
4521,2026,116988,3.020054584520224e-06,8.045036672036194e-07
4522,2026,116988,3.020054584520224e-06,8.045036672036194e-07
4525,2026,116988,3.020054584520224e-06,8.045036672036194e-07
4535,2026,116988,3.020054584520224e-06,8.045036672036194e-07
4537,2026,116988,3.020054584520224e-06,8.045036672036194e-07
4541,2026,116988,3.020054584520224e-06,8.045036672036194e-07
4545,2026,116988,3.020054584520224e-06,8.045036672036194e-07
4547,2026,116988,3.020054584520224e-06,8.045036672036194e-07
4553,2026,116988,3.020054584520224e-06,8.045036672036194e-07
4576,2026,116992,3.020054584520224e-06,8.045311744237515e-07
4580,2026,116988,3.020054584520224e-06,8.045036672036194e-07
4586,2026,116988,3.020054584520224e-06,8.045036672036194e-07
4600,2026,116988,3.020054584520224e-06,8.045036672036194e-07
4608,2026,116988,3.020054584520224e-06,8.045036672036194e-07
4613,2026,116988,3.020054584520224e-06,8.045036672036194e-07
4619,2026,116988,3.020054584520224e-06,8.045036672036194e-07
4626,2026,116988,3.020054584520224e-06,8.045036672036194e-07
4634,2026,116988,3.020054584520224e-06,8.045036672036194e-07
4635,2026,116988,3.020054584520224e-06,8.045036672036194e-07
4645,2026,116988,3.020054584520224e-06,8.045036672036194e-07
4661,2026,116988,3.020054584520224e-06,8.045036672036194e-07
4665,2026,116988,3.020054584520224e-06,8.045036672036194e-07
4675,2026,116988,3.020054584520224e-06,8.045036672036194e-07
4676,2026,116988,3.020054584520224e-06,8.045036672036194e-07
4677,2026,116988,3.020054584520224e-06,8.045036672036194e-07
4678,2026,116988,3.020054584520224e-06,8.045036672036194e-07
4695,2026,116988,3.020054584520224e-06,8.045036672036194e-07
4723,2026,116988,3.020054584520224e-06,8.045036672036194e-07
4763,2026,116988,3.020054584520224e-06,8.045036672036194e-07
4777,2026,116988,3.020054584520224e-06,8.045036672036194e-07
4779,2026,116988,3.020054584520224e-06,8.045036672036194e-07
4780,2026,116988,3.020054584520224e-06,8.045036672036194e-07
4782,2026,116988,3.020054584520224e-06,8.045036672036194e-07
4792,2026,116988,3.020054584520224e-06,8.045036672036194e-07
4794,2026,116988,3.020054584520224e-06,8.045036672036194e-07
4819,2026,116992,3.020054584520224e-06,8.045311744237515e-07
4821,2026,116988,3.020054584520224e-06,8.045036672036194e-07
4825,2026,116988,3.020054584520224e-06,8.045036672036194e-07
4826,2026,116988,3.020054584520224e-06,8.045036672036194e-07
4869,2026,116988,3.020054584520224e-06,8.045036672036194e-07
4878,2026,116988,3.020054584520224e-06,8.045036672036194e-07
4881,2026,116988,3.020054584520224e-06,8.045036672036194e-07
4890,2026,116988,3.020054584520224e-06,8.045036672036194e-07
4893,2026,116988,3.020054584520224e-06,8.045036672036194e-07
4902,2026,116988,3.020054584520224e-06,8.045036672036194e-07
4929,2026,116988,3.020054584520224e-06,8.045036672036194e-07
4937,2026,116988,3.020054584520224e-06,8.045036672036194e-07
4967,2026,116988,3.020054584520224e-06,8.045036672036194e-07
4975,2026,116988,3.020054584520224e-06,8.045036672036194e-07
4982,2026,116988,3.020054584520224e-06,8.045036672036194e-07
5058,2026,116988,3.020054584520224e-06,8.045036672036194e-07
5068,2026,116988,3.020054584520224e-06,8.045036672036194e-07
5081,2026,116988,3.020054584520224e-06,8.045036672036194e-07
5086,2026,116988,3.020054584520224e-06,8.045036672036194e-07
5106,2026,116988,3.020054584520224e-06,8.045036672036194e-07
5118,2026,116988,3.020054584520224e-06,8.045036672036194e-07
5130,2026,116988,3.020054584520224e-06,8.045036672036194e-07
5135,2026,116988,3.020054584520224e-06,8.045036672036194e-07
5137,2026,116988,3.020054584520224e-06,8.045036672036194e-07
5151,2026,116988,3.020054584520224e-06,8.045036672036194e-07
5156,2026,116988,3.020054584520224e-06,8.045036672036194e-07
5194,2026,116988,3.020054584520224e-06,8.045036672036194e-07
5198,2026,116988,3.020054584520224e-06,8.045036672036194e-07
5203,2026,116988,3.020054584520224e-06,8.045036672036194e-07
5209,2026,116988,3.020054584520224e-06,8.045036672036194e-07
5238,2026,116988,3.020054584520224e-06,8.045036672036194e-07
5256,2026,116988,3.020054584520224e-06,8.045036672036194e-07
5293,2026,116988,3.020054584520224e-06,8.045036672036194e-07
5305,2026,116988,3.020054584520224e-06,8.045036672036194e-07
5323,2026,116988,3.020054584520224e-06,8.045036672036194e-07
5340,2026,116988,3.020054584520224e-06,8.045036672036194e-07
5345,2026,116988,3.020054584520224e-06,8.045036672036194e-07
5349,2026,116988,3.020054584520224e-06,8.045036672036194e-07
5385,2026,116988,3.020054584520224e-06,8.045036672036194e-07
5398,2026,116988,3.020054584520224e-06,8.045036672036194e-07
5421,2026,116988,3.020054584520224e-06,8.045036672036194e-07
5439,2026,116988,3.020054584520224e-06,8.045036672036194e-07
5449,2026,116992,3.020054584520224e-06,8.045311744237515e-07
5450,2026,116988,3.020054584520224e-06,8.045036672036194e-07
5473,2026,116988,3.020054584520224e-06,8.045036672036194e-07
5475,2026,116988,3.020054584520224e-06,8.045036672036194e-07
5489,2026,116988,3.020054584520224e-06,8.045036672036194e-07
5492,2026,116988,3.020054584520224e-06,8.045036672036194e-07
5502,2026,116988,3.020054584520224e-06,8.045036672036194e-07
2573,2025,117036,3.0185639356631064e-06,8.048337538452047e-07
7956,2025,116952,3.0185639356631064e-06,8.042561022224305e-07
8029,2025,116952,3.0185639356631064e-06,8.042561022224305e-07
8076,2025,116952,3.0185639356631064e-06,8.042561022224305e-07
5513,2025,116940,3.0185639356631064e-06,8.041735805620342e-07
5517,2025,116940,3.0185639356631064e-06,8.041735805620342e-07
5518,2025,116940,3.0185639356631064e-06,8.041735805620342e-07
5522,2025,116940,3.0185639356631064e-06,8.041735805620342e-07
5533,2025,116940,3.0185639356631064e-06,8.041735805620342e-07
5534,2025,116940,3.0185639356631064e-06,8.041735805620342e-07
5535,2025,116940,3.0185639356631064e-06,8.041735805620342e-07
5540,2025,116940,3.0185639356631064e-06,8.041735805620342e-07
5570,2025,116940,3.0185639356631064e-06,8.041735805620342e-07
5571,2025,116940,3.0185639356631064e-06,8.041735805620342e-07
5576,2025,116940,3.0185639356631064e-06,8.041735805620342e-07
5581,2025,116940,3.0185639356631064e-06,8.041735805620342e-07
5599,2025,116940,3.0185639356631064e-06,8.041735805620342e-07
5616,2025,116944,3.0185639356631064e-06,8.042010877821663e-07
5665,2025,116940,3.0185639356631064e-06,8.041735805620342e-07
5673,2025,116940,3.0185639356631064e-06,8.041735805620342e-07
5676,2025,116940,3.0185639356631064e-06,8.041735805620342e-07
5711,2025,116940,3.0185639356631064e-06,8.041735805620342e-07
5735,2025,116940,3.0185639356631064e-06,8.041735805620342e-07
5739,2025,116940,3.0185639356631064e-06,8.041735805620342e-07
5782,2025,116940,3.0185639356631064e-06,8.041735805620342e-07
5785,2025,116940,3.0185639356631064e-06,8.041735805620342e-07
5841,2025,116940,3.0185639356631064e-06,8.041735805620342e-07
5883,2025,116940,3.0185639356631064e-06,8.041735805620342e-07
5929,2025,116940,3.0185639356631064e-06,8.041735805620342e-07
5940,2025,116940,3.0185639356631064e-06,8.041735805620342e-07
5965,2025,116940,3.0185639356631064e-06,8.041735805620342e-07
6083,2025,116940,3.0185639356631064e-06,8.041735805620342e-07
6087,2025,116940,3.0185639356631064e-06,8.041735805620342e-07
6111,2025,116940,3.0185639356631064e-06,8.041735805620342e-07
6166,2025,116944,3.0185639356631064e-06,8.042010877821663e-07
6184,2025,116940,3.0185639356631064e-06,8.041735805620342e-07
6185,2025,116940,3.0185639356631064e-06,8.041735805620342e-07
6239,2025,116940,3.0185639356631064e-06,8.041735805620342e-07
6241,2025,116940,3.0185639356631064e-06,8.041735805620342e-07
6245,2025,116940,3.0185639356631064e-06,8.041735805620342e-07
6261,2025,116940,3.0185639356631064e-06,8.041735805620342e-07
6286,2025,116940,3.0185639356631064e-06,8.041735805620342e-07
6319,2025,116956,3.0185639356631064e-06,8.042836094425626e-07
6370,2025,116940,3.0185639356631064e-06,8.041735805620342e-07
6377,2025,116940,3.0185639356631064e-06,8.041735805620342e-07
6390,2025,116940,3.0185639356631064e-06,8.041735805620342e-07
6391,2025,116940,3.0185639356631064e-06,8.041735805620342e-07
6399,2025,116940,3.0185639356631064e-06,8.041735805620342e-07
6410,2025,116944,3.0185639356631064e-06,8.042010877821663e-07
6423,2025,116940,3.0185639356631064e-06,8.041735805620342e-07
6445,2025,116940,3.0185639356631064e-06,8.041735805620342e-07
6460,2025,116940,3.0185639356631064e-06,8.041735805620342e-07
6462,2025,116940,3.0185639356631064e-06,8.041735805620342e-07
6474,2025,116940,3.0185639356631064e-06,8.041735805620342e-07
6475,2025,116940,3.0185639356631064e-06,8.041735805620342e-07
6487,2025,116940,3.0185639356631064e-06,8.041735805620342e-07
6494,2025,116940,3.0185639356631064e-06,8.041735805620342e-07
6501,2025,116940,3.0185639356631064e-06,8.041735805620342e-07
6531,2025,116940,3.0185639356631064e-06,8.041735805620342e-07
6568,2025,116940,3.0185639356631064e-06,8.041735805620342e-07
6609,2025,116940,3.0185639356631064e-06,8.041735805620342e-07
6615,2025,116940,3.0185639356631064e-06,8.041735805620342e-07
6620,2025,116940,3.0185639356631064e-06,8.041735805620342e-07
6626,2025,116956,3.0185639356631064e-06,8.042836094425626e-07
6629,2025,116940,3.0185639356631064e-06,8.041735805620342e-07
6635,2025,116940,3.0185639356631064e-06,8.041735805620342e-07
6638,2025,116940,3.0185639356631064e-06,8.041735805620342e-07
6663,2025,116940,3.0185639356631064e-06,8.041735805620342e-07
6664,2025,116940,3.0185639356631064e-06,8.041735805620342e-07
6675,2025,116940,3.0185639356631064e-06,8.041735805620342e-07
6686,2025,116940,3.0185639356631064e-06,8.041735805620342e-07
6734,2025,116940,3.0185639356631064e-06,8.041735805620342e-07
6800,2025,116940,3.0185639356631064e-06,8.041735805620342e-07
6816,2025,116940,3.0185639356631064e-06,8.041735805620342e-07
6842,2025,116940,3.0185639356631064e-06,8.041735805620342e-07
6851,2025,116940,3.0185639356631064e-06,8.041735805620342e-07
6866,2025,116940,3.0185639356631064e-06,8.041735805620342e-07
6879,2025,116940,3.0185639356631064e-06,8.041735805620342e-07
6884,2025,116940,3.0185639356631064e-06,8.041735805620342e-07
6918,2025,116940,3.0185639356631064e-06,8.041735805620342e-07
6933,2025,116940,3.0185639356631064e-06,8.041735805620342e-07
6942,2025,116940,3.0185639356631064e-06,8.041735805620342e-07
6951,2025,116940,3.0185639356631064e-06,8.041735805620342e-07
6963,2025,116940,3.0185639356631064e-06,8.041735805620342e-07
6989,2025,116940,3.0185639356631064e-06,8.041735805620342e-07
6993,2025,116940,3.0185639356631064e-06,8.041735805620342e-07
6996,2025,116940,3.0185639356631064e-06,8.041735805620342e-07
7008,2025,116940,3.0185639356631064e-06,8.041735805620342e-07
7023,2025,116940,3.0185639356631064e-06,8.041735805620342e-07
7090,2025,116940,3.0185639356631064e-06,8.041735805620342e-07
7111,2025,116940,3.0185639356631064e-06,8.041735805620342e-07
7145,2025,116944,3.0185639356631064e-06,8.042010877821663e-07
7175,2025,116940,3.0185639356631064e-06,8.041735805620342e-07
7176,2025,116940,3.0185639356631064e-06,8.041735805620342e-07
7191,2025,116940,3.0185639356631064e-06,8.041735805620342e-07
7209,2025,116940,3.0185639356631064e-06,8.041735805620342e-07
7218,2025,116940,3.0185639356631064e-06,8.041735805620342e-07
7223,2025,116940,3.0185639356631064e-06,8.041735805620342e-07
7239,2025,116940,3.0185639356631064e-06,8.041735805620342e-07
7271,2025,116940,3.0185639356631064e-06,8.041735805620342e-07
7273,2025,116940,3.0185639356631064e-06,8.041735805620342e-07
7293,2025,116940,3.0185639356631064e-06,8.041735805620342e-07
7312,2025,116940,3.0185639356631064e-06,8.041735805620342e-07
7370,2025,116940,3.0185639356631064e-06,8.041735805620342e-07
7408,2025,116940,3.0185639356631064e-06,8.041735805620342e-07
7411,2025,116940,3.0185639356631064e-06,8.041735805620342e-07
7468,2025,116940,3.0185639356631064e-06,8.041735805620342e-07
7471,2025,116940,3.0185639356631064e-06,8.041735805620342e-07
7485,2025,116940,3.0185639356631064e-06,8.041735805620342e-07
7497,2025,116940,3.0185639356631064e-06,8.041735805620342e-07
7520,2025,116940,3.0185639356631064e-06,8.041735805620342e-07
7521,2025,116940,3.0185639356631064e-06,8.041735805620342e-07
7537,2025,116940,3.0185639356631064e-06,8.041735805620342e-07
7547,2025,116940,3.0185639356631064e-06,8.041735805620342e-07
7552,2025,116940,3.0185639356631064e-06,8.041735805620342e-07
7566,2025,116940,3.0185639356631064e-06,8.041735805620342e-07
7573,2025,116940,3.0185639356631064e-06,8.041735805620342e-07
7588,2025,116940,3.0185639356631064e-06,8.041735805620342e-07
7593,2025,116940,3.0185639356631064e-06,8.041735805620342e-07
7598,2025,116940,3.0185639356631064e-06,8.041735805620342e-07
7601,2025,116940,3.0185639356631064e-06,8.041735805620342e-07
7657,2025,116940,3.0185639356631064e-06,8.041735805620342e-07
7663,2025,116940,3.0185639356631064e-06,8.041735805620342e-07
7685,2025,116940,3.0185639356631064e-06,8.041735805620342e-07
7726,2025,116940,3.0185639356631064e-06,8.041735805620342e-07
7734,2025,116940,3.0185639356631064e-06,8.041735805620342e-07
7740,2025,116944,3.0185639356631064e-06,8.042010877821663e-07
7747,2025,116940,3.0185639356631064e-06,8.041735805620342e-07
7773,2025,116940,3.0185639356631064e-06,8.041735805620342e-07
7776,2025,116940,3.0185639356631064e-06,8.041735805620342e-07
7783,2025,116940,3.0185639356631064e-06,8.041735805620342e-07
7798,2025,116940,3.0185639356631064e-06,8.041735805620342e-07
7809,2025,116940,3.0185639356631064e-06,8.041735805620342e-07
7830,2025,116940,3.0185639356631064e-06,8.041735805620342e-07
7834,2025,116940,3.0185639356631064e-06,8.041735805620342e-07
7886,2025,116940,3.0185639356631064e-06,8.041735805620342e-07
7895,2025,116940,3.0185639356631064e-06,8.041735805620342e-07
2775,2025,116952,3.0185639356631064e-06,8.042561022224305e-07
2776,2025,116952,3.0185639356631064e-06,8.042561022224305e-07
2822,2025,116952,3.0185639356631064e-06,8.042561022224305e-07
2830,2025,116948,3.0185639356631064e-06,8.042285950022984e-07
2926,2025,116928,3.0185639356631064e-06,8.040910589016379e-07
3018,2025,116928,3.0185639356631064e-06,8.040910589016379e-07
3022,2025,116928,3.0185639356631064e-06,8.040910589016379e-07
3024,2025,116928,3.0185639356631064e-06,8.040910589016379e-07
3027,2025,116928,3.0185639356631064e-06,8.040910589016379e-07
3041,2025,116928,3.0185639356631064e-06,8.040910589016379e-07
3046,2025,116928,3.0185639356631064e-06,8.040910589016379e-07
3049,2025,116928,3.0185639356631064e-06,8.040910589016379e-07
3054,2025,116928,3.0185639356631064e-06,8.040910589016379e-07
3069,2025,116928,3.0185639356631064e-06,8.040910589016379e-07
3070,2025,116928,3.0185639356631064e-06,8.040910589016379e-07
3080,2025,116928,3.0185639356631064e-06,8.040910589016379e-07
3083,2025,116928,3.0185639356631064e-06,8.040910589016379e-07
3089,2025,116928,3.0185639356631064e-06,8.040910589016379e-07
3102,2025,116928,3.0185639356631064e-06,8.040910589016379e-07
3105,2025,116928,3.0185639356631064e-06,8.040910589016379e-07
3107,2025,116928,3.0185639356631064e-06,8.040910589016379e-07
3108,2025,116928,3.0185639356631064e-06,8.040910589016379e-07
3109,2025,116928,3.0185639356631064e-06,8.040910589016379e-07
3111,2025,116928,3.0185639356631064e-06,8.040910589016379e-07
3114,2025,116928,3.0185639356631064e-06,8.040910589016379e-07
3116,2025,116928,3.0185639356631064e-06,8.040910589016379e-07
3125,2025,116928,3.0185639356631064e-06,8.040910589016379e-07
3130,2025,116928,3.0185639356631064e-06,8.040910589016379e-07
3135,2025,116928,3.0185639356631064e-06,8.040910589016379e-07
3145,2025,116928,3.0185639356631064e-06,8.040910589016379e-07
3147,2025,116928,3.0185639356631064e-06,8.040910589016379e-07
3151,2025,116928,3.0185639356631064e-06,8.040910589016379e-07
3162,2025,116928,3.0185639356631064e-06,8.040910589016379e-07
3171,2025,116928,3.0185639356631064e-06,8.040910589016379e-07
3181,2025,116928,3.0185639356631064e-06,8.040910589016379e-07
3195,2025,116928,3.0185639356631064e-06,8.040910589016379e-07
3196,2025,116928,3.0185639356631064e-06,8.040910589016379e-07
3197,2025,116928,3.0185639356631064e-06,8.040910589016379e-07
3199,2025,116928,3.0185639356631064e-06,8.040910589016379e-07
3206,2025,116928,3.0185639356631064e-06,8.040910589016379e-07
3207,2025,116928,3.0185639356631064e-06,8.040910589016379e-07
3216,2025,116928,3.0185639356631064e-06,8.040910589016379e-07
3223,2025,116928,3.0185639356631064e-06,8.040910589016379e-07
3224,2025,116928,3.0185639356631064e-06,8.040910589016379e-07
3235,2025,116928,3.0185639356631064e-06,8.040910589016379e-07
3238,2025,116928,3.0185639356631064e-06,8.040910589016379e-07
3245,2025,116928,3.0185639356631064e-06,8.040910589016379e-07
3251,2025,116928,3.0185639356631064e-06,8.040910589016379e-07
3253,2025,116928,3.0185639356631064e-06,8.040910589016379e-07
3256,2025,116928,3.0185639356631064e-06,8.040910589016379e-07
3262,2025,116928,3.0185639356631064e-06,8.040910589016379e-07
3266,2025,116928,3.0185639356631064e-06,8.040910589016379e-07
3272,2025,116928,3.0185639356631064e-06,8.040910589016379e-07
3274,2025,116928,3.0185639356631064e-06,8.040910589016379e-07
3278,2025,116928,3.0185639356631064e-06,8.040910589016379e-07
3280,2025,116928,3.0185639356631064e-06,8.040910589016379e-07
3282,2025,116928,3.0185639356631064e-06,8.040910589016379e-07
3289,2025,116928,3.0185639356631064e-06,8.040910589016379e-07
3292,2025,116928,3.0185639356631064e-06,8.040910589016379e-07
3295,2025,116928,3.0185639356631064e-06,8.040910589016379e-07
3296,2025,116928,3.0185639356631064e-06,8.040910589016379e-07
3297,2025,116928,3.0185639356631064e-06,8.040910589016379e-07
3303,2025,116928,3.0185639356631064e-06,8.040910589016379e-07
3308,2025,116928,3.0185639356631064e-06,8.040910589016379e-07
3326,2025,116928,3.0185639356631064e-06,8.040910589016379e-07
3331,2025,116928,3.0185639356631064e-06,8.040910589016379e-07
3338,2025,116928,3.0185639356631064e-06,8.040910589016379e-07
3343,2025,116928,3.0185639356631064e-06,8.040910589016379e-07
3345,2025,116928,3.0185639356631064e-06,8.040910589016379e-07
3355,2025,116928,3.0185639356631064e-06,8.040910589016379e-07
3356,2025,116928,3.0185639356631064e-06,8.040910589016379e-07
3359,2025,116928,3.0185639356631064e-06,8.040910589016379e-07
3360,2025,116928,3.0185639356631064e-06,8.040910589016379e-07
3361,2025,116928,3.0185639356631064e-06,8.040910589016379e-07
3377,2025,116928,3.0185639356631064e-06,8.040910589016379e-07
3380,2025,116928,3.0185639356631064e-06,8.040910589016379e-07
3385,2025,116928,3.0185639356631064e-06,8.040910589016379e-07
3387,2025,116928,3.0185639356631064e-06,8.040910589016379e-07
3393,2025,116928,3.0185639356631064e-06,8.040910589016379e-07
3424,2025,116928,3.0185639356631064e-06,8.040910589016379e-07
3430,2025,116928,3.0185639356631064e-06,8.040910589016379e-07
3435,2025,116928,3.0185639356631064e-06,8.040910589016379e-07
3441,2025,116928,3.0185639356631064e-06,8.040910589016379e-07
3447,2025,116928,3.0185639356631064e-06,8.040910589016379e-07
3461,2025,116928,3.0185639356631064e-06,8.040910589016379e-07
3465,2025,116928,3.0185639356631064e-06,8.040910589016379e-07
3484,2025,116928,3.0185639356631064e-06,8.040910589016379e-07
3499,2025,116932,3.0185639356631064e-06,8.0411856612177e-07
3502,2025,116928,3.0185639356631064e-06,8.040910589016379e-07
3509,2025,116928,3.0185639356631064e-06,8.040910589016379e-07
3510,2025,116928,3.0185639356631064e-06,8.040910589016379e-07
3513,2025,116928,3.0185639356631064e-06,8.040910589016379e-07
3516,2025,116928,3.0185639356631064e-06,8.040910589016379e-07
3526,2025,116928,3.0185639356631064e-06,8.040910589016379e-07
3537,2025,116928,3.0185639356631064e-06,8.040910589016379e-07
3545,2025,116928,3.0185639356631064e-06,8.040910589016379e-07
3553,2025,116928,3.0185639356631064e-06,8.040910589016379e-07
3555,2025,116928,3.0185639356631064e-06,8.040910589016379e-07
3557,2025,116928,3.0185639356631064e-06,8.040910589016379e-07
3558,2025,116928,3.0185639356631064e-06,8.040910589016379e-07
3563,2025,116928,3.0185639356631064e-06,8.040910589016379e-07
3567,2025,116928,3.0185639356631064e-06,8.040910589016379e-07
3569,2025,116928,3.0185639356631064e-06,8.040910589016379e-07
3578,2025,116928,3.0185639356631064e-06,8.040910589016379e-07
3583,2025,116928,3.0185639356631064e-06,8.040910589016379e-07
3584,2025,116928,3.0185639356631064e-06,8.040910589016379e-07
3587,2025,116928,3.0185639356631064e-06,8.040910589016379e-07
3590,2025,116928,3.0185639356631064e-06,8.040910589016379e-07
3595,2025,116928,3.0185639356631064e-06,8.040910589016379e-07
3609,2025,116928,3.0185639356631064e-06,8.040910589016379e-07
3615,2025,116928,3.0185639356631064e-06,8.040910589016379e-07
3618,2025,116928,3.0185639356631064e-06,8.040910589016379e-07
3628,2025,116928,3.0185639356631064e-06,8.040910589016379e-07
3632,2025,116928,3.0185639356631064e-06,8.040910589016379e-07
3637,2025,116928,3.0185639356631064e-06,8.040910589016379e-07
3639,2025,116928,3.0185639356631064e-06,8.040910589016379e-07
3646,2025,116928,3.0185639356631064e-06,8.040910589016379e-07
3648,2025,116928,3.0185639356631064e-06,8.040910589016379e-07
3649,2025,116928,3.0185639356631064e-06,8.040910589016379e-07
3657,2025,116928,3.0185639356631064e-06,8.040910589016379e-07
3658,2025,116928,3.0185639356631064e-06,8.040910589016379e-07
3661,2025,116928,3.0185639356631064e-06,8.040910589016379e-07
3665,2025,116928,3.0185639356631064e-06,8.040910589016379e-07
3684,2025,116928,3.0185639356631064e-06,8.040910589016379e-07
3692,2025,116928,3.0185639356631064e-06,8.040910589016379e-07
3693,2025,116928,3.0185639356631064e-06,8.040910589016379e-07
3699,2025,116928,3.0185639356631064e-06,8.040910589016379e-07
3701,2025,116928,3.0185639356631064e-06,8.040910589016379e-07
3715,2025,116928,3.0185639356631064e-06,8.040910589016379e-07
3728,2025,116928,3.0185639356631064e-06,8.040910589016379e-07
3735,2025,116928,3.0185639356631064e-06,8.040910589016379e-07
3751,2025,116928,3.0185639356631064e-06,8.040910589016379e-07
3754,2025,116928,3.0185639356631064e-06,8.040910589016379e-07
3758,2025,116928,3.0185639356631064e-06,8.040910589016379e-07
3772,2025,116928,3.0185639356631064e-06,8.040910589016379e-07
3776,2025,116928,3.0185639356631064e-06,8.040910589016379e-07
3786,2025,116928,3.0185639356631064e-06,8.040910589016379e-07
3790,2025,116928,3.0185639356631064e-06,8.040910589016379e-07
3810,2025,116928,3.0185639356631064e-06,8.040910589016379e-07
3816,2025,116928,3.0185639356631064e-06,8.040910589016379e-07
3830,2025,116928,3.0185639356631064e-06,8.040910589016379e-07
3832,2025,116928,3.0185639356631064e-06,8.040910589016379e-07
3838,2025,116928,3.0185639356631064e-06,8.040910589016379e-07
3841,2025,116928,3.0185639356631064e-06,8.040910589016379e-07
3850,2025,116928,3.0185639356631064e-06,8.040910589016379e-07
3860,2025,116928,3.0185639356631064e-06,8.040910589016379e-07
3868,2025,116928,3.0185639356631064e-06,8.040910589016379e-07
3870,2025,116928,3.0185639356631064e-06,8.040910589016379e-07
3876,2025,116928,3.0185639356631064e-06,8.040910589016379e-07
3888,2025,116928,3.0185639356631064e-06,8.040910589016379e-07
3893,2025,116928,3.0185639356631064e-06,8.040910589016379e-07
3894,2025,116928,3.0185639356631064e-06,8.040910589016379e-07
3904,2025,116928,3.0185639356631064e-06,8.040910589016379e-07
3906,2025,116928,3.0185639356631064e-06,8.040910589016379e-07
3907,2025,116928,3.0185639356631064e-06,8.040910589016379e-07
3910,2025,116928,3.0185639356631064e-06,8.040910589016379e-07
3917,2025,116928,3.0185639356631064e-06,8.040910589016379e-07
3924,2025,116928,3.0185639356631064e-06,8.040910589016379e-07
3926,2025,116928,3.0185639356631064e-06,8.040910589016379e-07
3927,2025,116928,3.0185639356631064e-06,8.040910589016379e-07
3928,2025,116928,3.0185639356631064e-06,8.040910589016379e-07
3932,2025,116928,3.0185639356631064e-06,8.040910589016379e-07
3941,2025,116928,3.0185639356631064e-06,8.040910589016379e-07
3942,2025,116928,3.0185639356631064e-06,8.040910589016379e-07
3943,2025,116928,3.0185639356631064e-06,8.040910589016379e-07
3949,2025,116928,3.0185639356631064e-06,8.040910589016379e-07
3951,2025,116928,3.0185639356631064e-06,8.040910589016379e-07
3958,2025,116928,3.0185639356631064e-06,8.040910589016379e-07
3981,2025,116928,3.0185639356631064e-06,8.040910589016379e-07
3982,2025,116928,3.0185639356631064e-06,8.040910589016379e-07
3984,2025,116928,3.0185639356631064e-06,8.040910589016379e-07
3985,2025,116928,3.0185639356631064e-06,8.040910589016379e-07
3989,2025,116928,3.0185639356631064e-06,8.040910589016379e-07
3990,2025,116928,3.0185639356631064e-06,8.040910589016379e-07
4012,2025,116928,3.0185639356631064e-06,8.040910589016379e-07
4016,2025,116928,3.0185639356631064e-06,8.040910589016379e-07
4018,2025,116928,3.0185639356631064e-06,8.040910589016379e-07
4023,2025,116928,3.0185639356631064e-06,8.040910589016379e-07
4026,2025,116928,3.0185639356631064e-06,8.040910589016379e-07
4032,2025,116928,3.0185639356631064e-06,8.040910589016379e-07
4060,2025,116928,3.0185639356631064e-06,8.040910589016379e-07
4079,2025,116928,3.0185639356631064e-06,8.040910589016379e-07
4081,2025,116928,3.0185639356631064e-06,8.040910589016379e-07
4087,2025,116928,3.0185639356631064e-06,8.040910589016379e-07
4100,2025,116928,3.0185639356631064e-06,8.040910589016379e-07
4108,2025,116928,3.0185639356631064e-06,8.040910589016379e-07
4128,2025,116928,3.0185639356631064e-06,8.040910589016379e-07
4135,2025,116928,3.0185639356631064e-06,8.040910589016379e-07
4147,2025,116928,3.0185639356631064e-06,8.040910589016379e-07
4150,2025,116928,3.0185639356631064e-06,8.040910589016379e-07
4157,2025,116928,3.0185639356631064e-06,8.040910589016379e-07
4163,2025,116928,3.0185639356631064e-06,8.040910589016379e-07
4166,2025,116932,3.0185639356631064e-06,8.0411856612177e-07
4180,2025,116928,3.0185639356631064e-06,8.040910589016379e-07
4181,2025,116928,3.0185639356631064e-06,8.040910589016379e-07
4183,2025,116928,3.0185639356631064e-06,8.040910589016379e-07
4191,2025,116928,3.0185639356631064e-06,8.040910589016379e-07
4195,2025,116928,3.0185639356631064e-06,8.040910589016379e-07
4198,2025,116928,3.0185639356631064e-06,8.040910589016379e-07
4202,2025,116928,3.0185639356631064e-06,8.040910589016379e-07
4211,2025,116928,3.0185639356631064e-06,8.040910589016379e-07
4217,2025,116928,3.0185639356631064e-06,8.040910589016379e-07
4218,2025,116928,3.0185639356631064e-06,8.040910589016379e-07
4220,2025,116928,3.0185639356631064e-06,8.040910589016379e-07
4222,2025,116928,3.0185639356631064e-06,8.040910589016379e-07
4226,2025,116928,3.0185639356631064e-06,8.040910589016379e-07
4229,2025,116928,3.0185639356631064e-06,8.040910589016379e-07
4232,2025,116928,3.0185639356631064e-06,8.040910589016379e-07
4234,2025,116928,3.0185639356631064e-06,8.040910589016379e-07
4239,2025,116928,3.0185639356631064e-06,8.040910589016379e-07
4251,2025,116928,3.0185639356631064e-06,8.040910589016379e-07
4254,2025,116928,3.0185639356631064e-06,8.040910589016379e-07
4256,2025,116928,3.0185639356631064e-06,8.040910589016379e-07
4258,2025,116928,3.0185639356631064e-06,8.040910589016379e-07
4259,2025,116928,3.0185639356631064e-06,8.040910589016379e-07
4262,2025,116928,3.0185639356631064e-06,8.040910589016379e-07
4263,2025,116928,3.0185639356631064e-06,8.040910589016379e-07
4283,2025,116928,3.0185639356631064e-06,8.040910589016379e-07
4288,2025,116928,3.0185639356631064e-06,8.040910589016379e-07
4291,2025,116928,3.0185639356631064e-06,8.040910589016379e-07
4296,2025,116928,3.0185639356631064e-06,8.040910589016379e-07
4298,2025,116928,3.0185639356631064e-06,8.040910589016379e-07
4302,2025,116928,3.0185639356631064e-06,8.040910589016379e-07
4320,2025,116928,3.0185639356631064e-06,8.040910589016379e-07
4322,2025,116928,3.0185639356631064e-06,8.040910589016379e-07
4323,2025,116928,3.0185639356631064e-06,8.040910589016379e-07
4326,2025,116928,3.0185639356631064e-06,8.040910589016379e-07
4329,2025,116928,3.0185639356631064e-06,8.040910589016379e-07
4333,2025,116928,3.0185639356631064e-06,8.040910589016379e-07
4334,2025,116928,3.0185639356631064e-06,8.040910589016379e-07
4337,2025,116928,3.0185639356631064e-06,8.040910589016379e-07
4358,2025,116928,3.0185639356631064e-06,8.040910589016379e-07
4360,2025,116928,3.0185639356631064e-06,8.040910589016379e-07
4367,2025,116928,3.0185639356631064e-06,8.040910589016379e-07
4373,2025,116928,3.0185639356631064e-06,8.040910589016379e-07
4374,2025,116928,3.0185639356631064e-06,8.040910589016379e-07
4378,2025,116928,3.0185639356631064e-06,8.040910589016379e-07
4385,2025,116928,3.0185639356631064e-06,8.040910589016379e-07
4394,2025,116928,3.0185639356631064e-06,8.040910589016379e-07
4397,2025,116928,3.0185639356631064e-06,8.040910589016379e-07
4399,2025,116928,3.0185639356631064e-06,8.040910589016379e-07
4407,2025,116928,3.0185639356631064e-06,8.040910589016379e-07
4409,2025,116928,3.0185639356631064e-06,8.040910589016379e-07
4413,2025,116928,3.0185639356631064e-06,8.040910589016379e-07
4414,2025,116928,3.0185639356631064e-06,8.040910589016379e-07
4427,2025,116928,3.0185639356631064e-06,8.040910589016379e-07
4429,2025,116928,3.0185639356631064e-06,8.040910589016379e-07
4431,2025,116928,3.0185639356631064e-06,8.040910589016379e-07
4432,2025,116928,3.0185639356631064e-06,8.040910589016379e-07
4433,2025,116928,3.0185639356631064e-06,8.040910589016379e-07
4441,2025,116928,3.0185639356631064e-06,8.040910589016379e-07
4452,2025,116928,3.0185639356631064e-06,8.040910589016379e-07
4454,2025,116928,3.0185639356631064e-06,8.040910589016379e-07
4455,2025,116928,3.0185639356631064e-06,8.040910589016379e-07
4475,2025,116928,3.0185639356631064e-06,8.040910589016379e-07
4478,2025,116928,3.0185639356631064e-06,8.040910589016379e-07
4480,2025,116928,3.0185639356631064e-06,8.040910589016379e-07
4481,2025,116928,3.0185639356631064e-06,8.040910589016379e-07
4487,2025,116928,3.0185639356631064e-06,8.040910589016379e-07
4488,2025,116928,3.0185639356631064e-06,8.040910589016379e-07
4489,2025,116928,3.0185639356631064e-06,8.040910589016379e-07
4491,2025,116928,3.0185639356631064e-06,8.040910589016379e-07
4496,2025,116928,3.0185639356631064e-06,8.040910589016379e-07
4503,2025,116928,3.0185639356631064e-06,8.040910589016379e-07
4504,2025,116928,3.0185639356631064e-06,8.040910589016379e-07
4511,2025,116928,3.0185639356631064e-06,8.040910589016379e-07
4513,2025,116928,3.0185639356631064e-06,8.040910589016379e-07
4523,2025,116928,3.0185639356631064e-06,8.040910589016379e-07
4527,2025,116928,3.0185639356631064e-06,8.040910589016379e-07
4546,2025,116928,3.0185639356631064e-06,8.040910589016379e-07
4548,2025,116928,3.0185639356631064e-06,8.040910589016379e-07
4555,2025,116928,3.0185639356631064e-06,8.040910589016379e-07
4563,2025,116928,3.0185639356631064e-06,8.040910589016379e-07
4572,2025,116928,3.0185639356631064e-06,8.040910589016379e-07
4589,2025,116928,3.0185639356631064e-06,8.040910589016379e-07
4597,2025,116928,3.0185639356631064e-06,8.040910589016379e-07
4602,2025,116928,3.0185639356631064e-06,8.040910589016379e-07
4605,2025,116928,3.0185639356631064e-06,8.040910589016379e-07
4615,2025,116928,3.0185639356631064e-06,8.040910589016379e-07
4621,2025,116928,3.0185639356631064e-06,8.040910589016379e-07
4623,2025,116928,3.0185639356631064e-06,8.040910589016379e-07
4625,2025,116928,3.0185639356631064e-06,8.040910589016379e-07
4630,2025,116928,3.0185639356631064e-06,8.040910589016379e-07
4632,2025,116928,3.0185639356631064e-06,8.040910589016379e-07
4638,2025,116928,3.0185639356631064e-06,8.040910589016379e-07
4640,2025,116928,3.0185639356631064e-06,8.040910589016379e-07
4641,2025,116928,3.0185639356631064e-06,8.040910589016379e-07
4643,2025,116928,3.0185639356631064e-06,8.040910589016379e-07
4649,2025,116928,3.0185639356631064e-06,8.040910589016379e-07
4658,2025,116928,3.0185639356631064e-06,8.040910589016379e-07
4666,2025,116928,3.0185639356631064e-06,8.040910589016379e-07
4672,2025,116928,3.0185639356631064e-06,8.040910589016379e-07
4679,2025,116928,3.0185639356631064e-06,8.040910589016379e-07
4681,2025,116928,3.0185639356631064e-06,8.040910589016379e-07
4691,2025,116928,3.0185639356631064e-06,8.040910589016379e-07
4696,2025,116928,3.0185639356631064e-06,8.040910589016379e-07
4698,2025,116928,3.0185639356631064e-06,8.040910589016379e-07
4711,2025,116928,3.0185639356631064e-06,8.040910589016379e-07
4713,2025,116928,3.0185639356631064e-06,8.040910589016379e-07
4724,2025,116928,3.0185639356631064e-06,8.040910589016379e-07
4727,2025,116928,3.0185639356631064e-06,8.040910589016379e-07
4731,2025,116928,3.0185639356631064e-06,8.040910589016379e-07
4733,2025,116928,3.0185639356631064e-06,8.040910589016379e-07
4735,2025,116928,3.0185639356631064e-06,8.040910589016379e-07
4736,2025,116928,3.0185639356631064e-06,8.040910589016379e-07
4754,2025,116928,3.0185639356631064e-06,8.040910589016379e-07
4756,2025,116928,3.0185639356631064e-06,8.040910589016379e-07
4773,2025,116928,3.0185639356631064e-06,8.040910589016379e-07
4799,2025,116928,3.0185639356631064e-06,8.040910589016379e-07
4809,2025,116928,3.0185639356631064e-06,8.040910589016379e-07
4820,2025,116928,3.0185639356631064e-06,8.040910589016379e-07
4849,2025,116928,3.0185639356631064e-06,8.040910589016379e-07
4852,2025,116928,3.0185639356631064e-06,8.040910589016379e-07
4858,2025,116928,3.0185639356631064e-06,8.040910589016379e-07
4859,2025,116928,3.0185639356631064e-06,8.040910589016379e-07
4860,2025,116928,3.0185639356631064e-06,8.040910589016379e-07
4880,2025,116928,3.0185639356631064e-06,8.040910589016379e-07
4882,2025,116928,3.0185639356631064e-06,8.040910589016379e-07
4887,2025,116928,3.0185639356631064e-06,8.040910589016379e-07
4905,2025,116932,3.0185639356631064e-06,8.0411856612177e-07
4906,2025,116928,3.0185639356631064e-06,8.040910589016379e-07
4910,2025,116928,3.0185639356631064e-06,8.040910589016379e-07
4915,2025,116928,3.0185639356631064e-06,8.040910589016379e-07
4923,2025,116928,3.0185639356631064e-06,8.040910589016379e-07
4928,2025,116928,3.0185639356631064e-06,8.040910589016379e-07
4944,2025,116928,3.0185639356631064e-06,8.040910589016379e-07
4947,2025,116928,3.0185639356631064e-06,8.040910589016379e-07
4965,2025,116928,3.0185639356631064e-06,8.040910589016379e-07
4976,2025,116928,3.0185639356631064e-06,8.040910589016379e-07
4987,2025,116928,3.0185639356631064e-06,8.040910589016379e-07
4991,2025,116928,3.0185639356631064e-06,8.040910589016379e-07
4992,2025,116928,3.0185639356631064e-06,8.040910589016379e-07
4994,2025,116928,3.0185639356631064e-06,8.040910589016379e-07
5040,2025,116928,3.0185639356631064e-06,8.040910589016379e-07
5042,2025,116928,3.0185639356631064e-06,8.040910589016379e-07
5048,2025,116928,3.0185639356631064e-06,8.040910589016379e-07
5052,2025,116928,3.0185639356631064e-06,8.040910589016379e-07
5064,2025,116928,3.0185639356631064e-06,8.040910589016379e-07
5065,2025,116928,3.0185639356631064e-06,8.040910589016379e-07
5082,2025,116928,3.0185639356631064e-06,8.040910589016379e-07
5097,2025,116928,3.0185639356631064e-06,8.040910589016379e-07
5105,2025,116928,3.0185639356631064e-06,8.040910589016379e-07
5111,2025,116928,3.0185639356631064e-06,8.040910589016379e-07
5140,2025,116928,3.0185639356631064e-06,8.040910589016379e-07
5149,2025,116928,3.0185639356631064e-06,8.040910589016379e-07
5154,2025,116928,3.0185639356631064e-06,8.040910589016379e-07
5157,2025,116928,3.0185639356631064e-06,8.040910589016379e-07
5167,2025,116928,3.0185639356631064e-06,8.040910589016379e-07
5187,2025,116928,3.0185639356631064e-06,8.040910589016379e-07
5189,2025,116928,3.0185639356631064e-06,8.040910589016379e-07
5201,2025,116928,3.0185639356631064e-06,8.040910589016379e-07
5205,2025,116928,3.0185639356631064e-06,8.040910589016379e-07
5208,2025,116928,3.0185639356631064e-06,8.040910589016379e-07
5211,2025,116928,3.0185639356631064e-06,8.040910589016379e-07
5212,2025,116928,3.0185639356631064e-06,8.040910589016379e-07
5216,2025,116928,3.0185639356631064e-06,8.040910589016379e-07
5248,2025,116928,3.0185639356631064e-06,8.040910589016379e-07
5251,2025,116928,3.0185639356631064e-06,8.040910589016379e-07
5253,2025,116928,3.0185639356631064e-06,8.040910589016379e-07
5267,2025,116928,3.0185639356631064e-06,8.040910589016379e-07
5277,2025,116928,3.0185639356631064e-06,8.040910589016379e-07
5282,2025,116928,3.0185639356631064e-06,8.040910589016379e-07
5291,2025,116928,3.0185639356631064e-06,8.040910589016379e-07
5311,2025,116928,3.0185639356631064e-06,8.040910589016379e-07
5324,2025,116928,3.0185639356631064e-06,8.040910589016379e-07
5329,2025,116928,3.0185639356631064e-06,8.040910589016379e-07
5332,2025,116928,3.0185639356631064e-06,8.040910589016379e-07
5348,2025,116928,3.0185639356631064e-06,8.040910589016379e-07
5352,2025,116928,3.0185639356631064e-06,8.040910589016379e-07
5371,2025,116928,3.0185639356631064e-06,8.040910589016379e-07
5372,2025,116928,3.0185639356631064e-06,8.040910589016379e-07
5389,2025,116928,3.0185639356631064e-06,8.040910589016379e-07
5397,2025,116928,3.0185639356631064e-06,8.040910589016379e-07
5409,2025,116928,3.0185639356631064e-06,8.040910589016379e-07
5443,2025,116928,3.0185639356631064e-06,8.040910589016379e-07
5456,2025,116928,3.0185639356631064e-06,8.040910589016379e-07
5459,2025,116928,3.0185639356631064e-06,8.040910589016379e-07
5465,2025,116928,3.0185639356631064e-06,8.040910589016379e-07
5479,2025,116928,3.0185639356631064e-06,8.040910589016379e-07
5496,2025,116928,3.0185639356631064e-06,8.040910589016379e-07
2343,2025,116804,3.0185639356631064e-06,8.032383350775426e-07
7970,2024,116892,3.017073286805989e-06,8.038434939204489e-07
7987,2024,116892,3.017073286805989e-06,8.038434939204489e-07
8014,2024,116892,3.017073286805989e-06,8.038434939204489e-07
8019,2024,116892,3.017073286805989e-06,8.038434939204489e-07
8052,2024,116892,3.017073286805989e-06,8.038434939204489e-07
8075,2024,116892,3.017073286805989e-06,8.038434939204489e-07
5511,2024,116880,3.017073286805989e-06,8.037609722600526e-07
5512,2024,116880,3.017073286805989e-06,8.037609722600526e-07
5516,2024,116880,3.017073286805989e-06,8.037609722600526e-07
5521,2024,116880,3.017073286805989e-06,8.037609722600526e-07
5524,2024,116880,3.017073286805989e-06,8.037609722600526e-07
5528,2024,116880,3.017073286805989e-06,8.037609722600526e-07
5554,2024,116880,3.017073286805989e-06,8.037609722600526e-07
5561,2024,116880,3.017073286805989e-06,8.037609722600526e-07
5579,2024,116880,3.017073286805989e-06,8.037609722600526e-07
5586,2024,116880,3.017073286805989e-06,8.037609722600526e-07
5587,2024,116880,3.017073286805989e-06,8.037609722600526e-07
5595,2024,116880,3.017073286805989e-06,8.037609722600526e-07
5609,2024,116880,3.017073286805989e-06,8.037609722600526e-07
5610,2024,116880,3.017073286805989e-06,8.037609722600526e-07
5637,2024,116880,3.017073286805989e-06,8.037609722600526e-07
5642,2024,116880,3.017073286805989e-06,8.037609722600526e-07
5649,2024,116880,3.017073286805989e-06,8.037609722600526e-07
5654,2024,116880,3.017073286805989e-06,8.037609722600526e-07
5658,2024,116880,3.017073286805989e-06,8.037609722600526e-07
5660,2024,116880,3.017073286805989e-06,8.037609722600526e-07
5674,2024,116880,3.017073286805989e-06,8.037609722600526e-07
5682,2024,116880,3.017073286805989e-06,8.037609722600526e-07
5686,2024,116880,3.017073286805989e-06,8.037609722600526e-07
5700,2024,116880,3.017073286805989e-06,8.037609722600526e-07
5710,2024,116880,3.017073286805989e-06,8.037609722600526e-07
5712,2024,116880,3.017073286805989e-06,8.037609722600526e-07
5715,2024,116880,3.017073286805989e-06,8.037609722600526e-07
5721,2024,116880,3.017073286805989e-06,8.037609722600526e-07
5724,2024,116880,3.017073286805989e-06,8.037609722600526e-07
5727,2024,116880,3.017073286805989e-06,8.037609722600526e-07
5729,2024,116880,3.017073286805989e-06,8.037609722600526e-07
5733,2024,116880,3.017073286805989e-06,8.037609722600526e-07
5768,2024,116880,3.017073286805989e-06,8.037609722600526e-07
5770,2024,116880,3.017073286805989e-06,8.037609722600526e-07
5783,2024,116880,3.017073286805989e-06,8.037609722600526e-07
5790,2024,116880,3.017073286805989e-06,8.037609722600526e-07
5804,2024,116880,3.017073286805989e-06,8.037609722600526e-07
5823,2024,116880,3.017073286805989e-06,8.037609722600526e-07
5830,2024,116880,3.017073286805989e-06,8.037609722600526e-07
5833,2024,116880,3.017073286805989e-06,8.037609722600526e-07
5835,2024,116880,3.017073286805989e-06,8.037609722600526e-07
5843,2024,116880,3.017073286805989e-06,8.037609722600526e-07
5847,2024,116880,3.017073286805989e-06,8.037609722600526e-07
5864,2024,116880,3.017073286805989e-06,8.037609722600526e-07
5880,2024,116880,3.017073286805989e-06,8.037609722600526e-07
5892,2024,116880,3.017073286805989e-06,8.037609722600526e-07
5897,2024,116880,3.017073286805989e-06,8.037609722600526e-07
5909,2024,116880,3.017073286805989e-06,8.037609722600526e-07
5918,2024,116880,3.017073286805989e-06,8.037609722600526e-07
5939,2024,116880,3.017073286805989e-06,8.037609722600526e-07
5946,2024,116880,3.017073286805989e-06,8.037609722600526e-07
5967,2024,116880,3.017073286805989e-06,8.037609722600526e-07
5993,2024,116880,3.017073286805989e-06,8.037609722600526e-07
6014,2024,116880,3.017073286805989e-06,8.037609722600526e-07
6019,2024,116880,3.017073286805989e-06,8.037609722600526e-07
6020,2024,116880,3.017073286805989e-06,8.037609722600526e-07
6021,2024,116880,3.017073286805989e-06,8.037609722600526e-07
6031,2024,116880,3.017073286805989e-06,8.037609722600526e-07
6046,2024,116880,3.017073286805989e-06,8.037609722600526e-07
6050,2024,116880,3.017073286805989e-06,8.037609722600526e-07
6051,2024,116880,3.017073286805989e-06,8.037609722600526e-07
6072,2024,116880,3.017073286805989e-06,8.037609722600526e-07
6075,2024,116880,3.017073286805989e-06,8.037609722600526e-07
6076,2024,116880,3.017073286805989e-06,8.037609722600526e-07
6088,2024,116880,3.017073286805989e-06,8.037609722600526e-07
6113,2024,116880,3.017073286805989e-06,8.037609722600526e-07
6134,2024,116880,3.017073286805989e-06,8.037609722600526e-07
6142,2024,116880,3.017073286805989e-06,8.037609722600526e-07
6144,2024,116880,3.017073286805989e-06,8.037609722600526e-07
6151,2024,116880,3.017073286805989e-06,8.037609722600526e-07
6155,2024,116880,3.017073286805989e-06,8.037609722600526e-07
6160,2024,116880,3.017073286805989e-06,8.037609722600526e-07
6169,2024,116880,3.017073286805989e-06,8.037609722600526e-07
6173,2024,116880,3.017073286805989e-06,8.037609722600526e-07
6181,2024,116880,3.017073286805989e-06,8.037609722600526e-07
6194,2024,116880,3.017073286805989e-06,8.037609722600526e-07
6203,2024,116880,3.017073286805989e-06,8.037609722600526e-07
6220,2024,116884,3.017073286805989e-06,8.037884794801847e-07
6235,2024,116880,3.017073286805989e-06,8.037609722600526e-07
6247,2024,116880,3.017073286805989e-06,8.037609722600526e-07
6255,2024,116880,3.017073286805989e-06,8.037609722600526e-07
6265,2024,116880,3.017073286805989e-06,8.037609722600526e-07
6268,2024,116880,3.017073286805989e-06,8.037609722600526e-07
6273,2024,116880,3.017073286805989e-06,8.037609722600526e-07
6281,2024,116880,3.017073286805989e-06,8.037609722600526e-07
6283,2024,116880,3.017073286805989e-06,8.037609722600526e-07
6289,2024,116880,3.017073286805989e-06,8.037609722600526e-07
6298,2024,116880,3.017073286805989e-06,8.037609722600526e-07
6300,2024,116880,3.017073286805989e-06,8.037609722600526e-07
6307,2024,116880,3.017073286805989e-06,8.037609722600526e-07
6328,2024,116880,3.017073286805989e-06,8.037609722600526e-07
6330,2024,116880,3.017073286805989e-06,8.037609722600526e-07
6332,2024,116880,3.017073286805989e-06,8.037609722600526e-07
6364,2024,116880,3.017073286805989e-06,8.037609722600526e-07
6366,2024,116880,3.017073286805989e-06,8.037609722600526e-07
6369,2024,116880,3.017073286805989e-06,8.037609722600526e-07
6402,2024,116880,3.017073286805989e-06,8.037609722600526e-07
6407,2024,116880,3.017073286805989e-06,8.037609722600526e-07
6409,2024,116880,3.017073286805989e-06,8.037609722600526e-07
6421,2024,116880,3.017073286805989e-06,8.037609722600526e-07
6429,2024,116880,3.017073286805989e-06,8.037609722600526e-07
6438,2024,116880,3.017073286805989e-06,8.037609722600526e-07
6451,2024,116880,3.017073286805989e-06,8.037609722600526e-07
6479,2024,116880,3.017073286805989e-06,8.037609722600526e-07
6493,2024,116880,3.017073286805989e-06,8.037609722600526e-07
6513,2024,116880,3.017073286805989e-06,8.037609722600526e-07
6522,2024,116880,3.017073286805989e-06,8.037609722600526e-07
6529,2024,116880,3.017073286805989e-06,8.037609722600526e-07
6549,2024,116880,3.017073286805989e-06,8.037609722600526e-07
6551,2024,116880,3.017073286805989e-06,8.037609722600526e-07
6555,2024,116880,3.017073286805989e-06,8.037609722600526e-07
6557,2024,116880,3.017073286805989e-06,8.037609722600526e-07
6574,2024,116880,3.017073286805989e-06,8.037609722600526e-07
6587,2024,116880,3.017073286805989e-06,8.037609722600526e-07
6589,2024,116880,3.017073286805989e-06,8.037609722600526e-07
6610,2024,116880,3.017073286805989e-06,8.037609722600526e-07
6616,2024,116880,3.017073286805989e-06,8.037609722600526e-07
6618,2024,116880,3.017073286805989e-06,8.037609722600526e-07
6630,2024,116880,3.017073286805989e-06,8.037609722600526e-07
6643,2024,116880,3.017073286805989e-06,8.037609722600526e-07
6674,2024,116880,3.017073286805989e-06,8.037609722600526e-07
6712,2024,116880,3.017073286805989e-06,8.037609722600526e-07
6713,2024,116880,3.017073286805989e-06,8.037609722600526e-07
6715,2024,116880,3.017073286805989e-06,8.037609722600526e-07
6717,2024,116880,3.017073286805989e-06,8.037609722600526e-07
6724,2024,116880,3.017073286805989e-06,8.037609722600526e-07
6728,2024,116880,3.017073286805989e-06,8.037609722600526e-07
6744,2024,116880,3.017073286805989e-06,8.037609722600526e-07
6745,2024,116880,3.017073286805989e-06,8.037609722600526e-07
6746,2024,116880,3.017073286805989e-06,8.037609722600526e-07
6752,2024,116880,3.017073286805989e-06,8.037609722600526e-07
6768,2024,116880,3.017073286805989e-06,8.037609722600526e-07
6771,2024,116880,3.017073286805989e-06,8.037609722600526e-07
6775,2024,116880,3.017073286805989e-06,8.037609722600526e-07
6780,2024,116880,3.017073286805989e-06,8.037609722600526e-07
6790,2024,116880,3.017073286805989e-06,8.037609722600526e-07
6797,2024,116880,3.017073286805989e-06,8.037609722600526e-07
6805,2024,116880,3.017073286805989e-06,8.037609722600526e-07
6815,2024,116880,3.017073286805989e-06,8.037609722600526e-07
6826,2024,116880,3.017073286805989e-06,8.037609722600526e-07
6859,2024,116880,3.017073286805989e-06,8.037609722600526e-07
6861,2024,116880,3.017073286805989e-06,8.037609722600526e-07
6862,2024,116880,3.017073286805989e-06,8.037609722600526e-07
6870,2024,116880,3.017073286805989e-06,8.037609722600526e-07
6886,2024,116880,3.017073286805989e-06,8.037609722600526e-07
6892,2024,116884,3.017073286805989e-06,8.037884794801847e-07
6895,2024,116880,3.017073286805989e-06,8.037609722600526e-07
6897,2024,116880,3.017073286805989e-06,8.037609722600526e-07
6905,2024,116880,3.017073286805989e-06,8.037609722600526e-07
6913,2024,116880,3.017073286805989e-06,8.037609722600526e-07
6915,2024,116880,3.017073286805989e-06,8.037609722600526e-07
6924,2024,116880,3.017073286805989e-06,8.037609722600526e-07
6930,2024,116880,3.017073286805989e-06,8.037609722600526e-07
6946,2024,116880,3.017073286805989e-06,8.037609722600526e-07
6956,2024,116880,3.017073286805989e-06,8.037609722600526e-07
6962,2024,116880,3.017073286805989e-06,8.037609722600526e-07
6964,2024,116880,3.017073286805989e-06,8.037609722600526e-07
6966,2024,116880,3.017073286805989e-06,8.037609722600526e-07
6967,2024,116880,3.017073286805989e-06,8.037609722600526e-07
6979,2024,116880,3.017073286805989e-06,8.037609722600526e-07
6984,2024,116880,3.017073286805989e-06,8.037609722600526e-07
6988,2024,116880,3.017073286805989e-06,8.037609722600526e-07
7018,2024,116880,3.017073286805989e-06,8.037609722600526e-07
7022,2024,116880,3.017073286805989e-06,8.037609722600526e-07
7030,2024,116880,3.017073286805989e-06,8.037609722600526e-07
7036,2024,116880,3.017073286805989e-06,8.037609722600526e-07
7046,2024,116880,3.017073286805989e-06,8.037609722600526e-07
7058,2024,116880,3.017073286805989e-06,8.037609722600526e-07
7063,2024,116880,3.017073286805989e-06,8.037609722600526e-07
7064,2024,116880,3.017073286805989e-06,8.037609722600526e-07
7083,2024,116880,3.017073286805989e-06,8.037609722600526e-07
7109,2024,116884,3.017073286805989e-06,8.037884794801847e-07
7110,2024,116880,3.017073286805989e-06,8.037609722600526e-07
7116,2024,116880,3.017073286805989e-06,8.037609722600526e-07
7133,2024,116884,3.017073286805989e-06,8.037884794801847e-07
7143,2024,116880,3.017073286805989e-06,8.037609722600526e-07
7144,2024,116880,3.017073286805989e-06,8.037609722600526e-07
7155,2024,116880,3.017073286805989e-06,8.037609722600526e-07
7192,2024,116880,3.017073286805989e-06,8.037609722600526e-07
7197,2024,116880,3.017073286805989e-06,8.037609722600526e-07
7205,2024,116880,3.017073286805989e-06,8.037609722600526e-07
7226,2024,116880,3.017073286805989e-06,8.037609722600526e-07
7232,2024,116880,3.017073286805989e-06,8.037609722600526e-07
7243,2024,116880,3.017073286805989e-06,8.037609722600526e-07
7260,2024,116880,3.017073286805989e-06,8.037609722600526e-07
7265,2024,116880,3.017073286805989e-06,8.037609722600526e-07
7276,2024,116880,3.017073286805989e-06,8.037609722600526e-07
7278,2024,116880,3.017073286805989e-06,8.037609722600526e-07
7283,2024,116880,3.017073286805989e-06,8.037609722600526e-07
7286,2024,116880,3.017073286805989e-06,8.037609722600526e-07
7326,2024,116880,3.017073286805989e-06,8.037609722600526e-07
7330,2024,116880,3.017073286805989e-06,8.037609722600526e-07
7336,2024,116880,3.017073286805989e-06,8.037609722600526e-07
7341,2024,116880,3.017073286805989e-06,8.037609722600526e-07
7366,2024,116880,3.017073286805989e-06,8.037609722600526e-07
7379,2024,116880,3.017073286805989e-06,8.037609722600526e-07
7381,2024,116880,3.017073286805989e-06,8.037609722600526e-07
7404,2024,116880,3.017073286805989e-06,8.037609722600526e-07
7415,2024,116880,3.017073286805989e-06,8.037609722600526e-07
7420,2024,116880,3.017073286805989e-06,8.037609722600526e-07
7426,2024,116880,3.017073286805989e-06,8.037609722600526e-07
7427,2024,116880,3.017073286805989e-06,8.037609722600526e-07
7437,2024,116880,3.017073286805989e-06,8.037609722600526e-07
7439,2024,116880,3.017073286805989e-06,8.037609722600526e-07
7459,2024,116880,3.017073286805989e-06,8.037609722600526e-07
7465,2024,116880,3.017073286805989e-06,8.037609722600526e-07
7472,2024,116880,3.017073286805989e-06,8.037609722600526e-07
7490,2024,116880,3.017073286805989e-06,8.037609722600526e-07
7498,2024,116880,3.017073286805989e-06,8.037609722600526e-07
7501,2024,116880,3.017073286805989e-06,8.037609722600526e-07
7506,2024,116880,3.017073286805989e-06,8.037609722600526e-07
7507,2024,116880,3.017073286805989e-06,8.037609722600526e-07
7509,2024,116880,3.017073286805989e-06,8.037609722600526e-07
7510,2024,116880,3.017073286805989e-06,8.037609722600526e-07
7513,2024,116880,3.017073286805989e-06,8.037609722600526e-07
7514,2024,116880,3.017073286805989e-06,8.037609722600526e-07
7527,2024,116880,3.017073286805989e-06,8.037609722600526e-07
7530,2024,116880,3.017073286805989e-06,8.037609722600526e-07
7532,2024,116880,3.017073286805989e-06,8.037609722600526e-07
7551,2024,116880,3.017073286805989e-06,8.037609722600526e-07
7582,2024,116880,3.017073286805989e-06,8.037609722600526e-07
7640,2024,116880,3.017073286805989e-06,8.037609722600526e-07
7644,2024,116880,3.017073286805989e-06,8.037609722600526e-07
7658,2024,116880,3.017073286805989e-06,8.037609722600526e-07
7659,2024,116880,3.017073286805989e-06,8.037609722600526e-07
7671,2024,116880,3.017073286805989e-06,8.037609722600526e-07
7691,2024,116880,3.017073286805989e-06,8.037609722600526e-07
7702,2024,116880,3.017073286805989e-06,8.037609722600526e-07
7703,2024,116880,3.017073286805989e-06,8.037609722600526e-07
7706,2024,116884,3.017073286805989e-06,8.037884794801847e-07
7707,2024,116880,3.017073286805989e-06,8.037609722600526e-07
7709,2024,116880,3.017073286805989e-06,8.037609722600526e-07
7718,2024,116880,3.017073286805989e-06,8.037609722600526e-07
7732,2024,116880,3.017073286805989e-06,8.037609722600526e-07
7737,2024,116880,3.017073286805989e-06,8.037609722600526e-07
7743,2024,116880,3.017073286805989e-06,8.037609722600526e-07
7750,2024,116880,3.017073286805989e-06,8.037609722600526e-07
7769,2024,116880,3.017073286805989e-06,8.037609722600526e-07
7775,2024,116880,3.017073286805989e-06,8.037609722600526e-07
7780,2024,116880,3.017073286805989e-06,8.037609722600526e-07
7781,2024,116880,3.017073286805989e-06,8.037609722600526e-07
7796,2024,116880,3.017073286805989e-06,8.037609722600526e-07
7823,2024,116880,3.017073286805989e-06,8.037609722600526e-07
7828,2024,116880,3.017073286805989e-06,8.037609722600526e-07
7843,2024,116880,3.017073286805989e-06,8.037609722600526e-07
7847,2024,116880,3.017073286805989e-06,8.037609722600526e-07
7849,2024,116880,3.017073286805989e-06,8.037609722600526e-07
7857,2024,116880,3.017073286805989e-06,8.037609722600526e-07
7862,2024,116880,3.017073286805989e-06,8.037609722600526e-07
7869,2024,116880,3.017073286805989e-06,8.037609722600526e-07
7872,2024,116880,3.017073286805989e-06,8.037609722600526e-07
7883,2024,116880,3.017073286805989e-06,8.037609722600526e-07
7897,2024,116880,3.017073286805989e-06,8.037609722600526e-07
7908,2024,116880,3.017073286805989e-06,8.037609722600526e-07
7913,2024,116880,3.017073286805989e-06,8.037609722600526e-07
7926,2024,116880,3.017073286805989e-06,8.037609722600526e-07
2948,2024,116868,3.017073286805989e-06,8.036784505996563e-07
2977,2024,116868,3.017073286805989e-06,8.036784505996563e-07
3020,2024,116868,3.017073286805989e-06,8.036784505996563e-07
3025,2024,116868,3.017073286805989e-06,8.036784505996563e-07
3032,2024,116868,3.017073286805989e-06,8.036784505996563e-07
3042,2024,116868,3.017073286805989e-06,8.036784505996563e-07
3043,2024,116868,3.017073286805989e-06,8.036784505996563e-07
3044,2024,116868,3.017073286805989e-06,8.036784505996563e-07
3047,2024,116868,3.017073286805989e-06,8.036784505996563e-07
3061,2024,116868,3.017073286805989e-06,8.036784505996563e-07
3065,2024,116868,3.017073286805989e-06,8.036784505996563e-07
3067,2024,116868,3.017073286805989e-06,8.036784505996563e-07
3068,2024,116868,3.017073286805989e-06,8.036784505996563e-07
3073,2024,116868,3.017073286805989e-06,8.036784505996563e-07
3078,2024,116868,3.017073286805989e-06,8.036784505996563e-07
3079,2024,116868,3.017073286805989e-06,8.036784505996563e-07
3081,2024,116868,3.017073286805989e-06,8.036784505996563e-07
3082,2024,116868,3.017073286805989e-06,8.036784505996563e-07
3085,2024,116868,3.017073286805989e-06,8.036784505996563e-07
3086,2024,116868,3.017073286805989e-06,8.036784505996563e-07
3087,2024,116868,3.017073286805989e-06,8.036784505996563e-07
3088,2024,116868,3.017073286805989e-06,8.036784505996563e-07
3094,2024,116868,3.017073286805989e-06,8.036784505996563e-07
3098,2024,116868,3.017073286805989e-06,8.036784505996563e-07
3110,2024,116868,3.017073286805989e-06,8.036784505996563e-07
3112,2024,116868,3.017073286805989e-06,8.036784505996563e-07
3115,2024,116868,3.017073286805989e-06,8.036784505996563e-07
3118,2024,116868,3.017073286805989e-06,8.036784505996563e-07
3127,2024,116868,3.017073286805989e-06,8.036784505996563e-07
3133,2024,116868,3.017073286805989e-06,8.036784505996563e-07
3134,2024,116868,3.017073286805989e-06,8.036784505996563e-07
3146,2024,116868,3.017073286805989e-06,8.036784505996563e-07
3153,2024,116868,3.017073286805989e-06,8.036784505996563e-07
3163,2024,116868,3.017073286805989e-06,8.036784505996563e-07
3164,2024,116868,3.017073286805989e-06,8.036784505996563e-07
3174,2024,116868,3.017073286805989e-06,8.036784505996563e-07
3175,2024,116868,3.017073286805989e-06,8.036784505996563e-07
3176,2024,116868,3.017073286805989e-06,8.036784505996563e-07
3185,2024,116868,3.017073286805989e-06,8.036784505996563e-07
3187,2024,116868,3.017073286805989e-06,8.036784505996563e-07
3194,2024,116868,3.017073286805989e-06,8.036784505996563e-07
3198,2024,116868,3.017073286805989e-06,8.036784505996563e-07
3200,2024,116868,3.017073286805989e-06,8.036784505996563e-07
3205,2024,116868,3.017073286805989e-06,8.036784505996563e-07
3208,2024,116868,3.017073286805989e-06,8.036784505996563e-07
3214,2024,116868,3.017073286805989e-06,8.036784505996563e-07
3217,2024,116868,3.017073286805989e-06,8.036784505996563e-07
3218,2024,116868,3.017073286805989e-06,8.036784505996563e-07
3225,2024,116868,3.017073286805989e-06,8.036784505996563e-07
3230,2024,116868,3.017073286805989e-06,8.036784505996563e-07
3239,2024,116868,3.017073286805989e-06,8.036784505996563e-07
3240,2024,116868,3.017073286805989e-06,8.036784505996563e-07
3242,2024,116868,3.017073286805989e-06,8.036784505996563e-07
3252,2024,116868,3.017073286805989e-06,8.036784505996563e-07
3254,2024,116868,3.017073286805989e-06,8.036784505996563e-07
3259,2024,116868,3.017073286805989e-06,8.036784505996563e-07
3267,2024,116868,3.017073286805989e-06,8.036784505996563e-07
3271,2024,116868,3.017073286805989e-06,8.036784505996563e-07
3273,2024,116868,3.017073286805989e-06,8.036784505996563e-07
3277,2024,116868,3.017073286805989e-06,8.036784505996563e-07
3279,2024,116868,3.017073286805989e-06,8.036784505996563e-07
3298,2024,116868,3.017073286805989e-06,8.036784505996563e-07
3302,2024,116868,3.017073286805989e-06,8.036784505996563e-07
3309,2024,116868,3.017073286805989e-06,8.036784505996563e-07
3332,2024,116868,3.017073286805989e-06,8.036784505996563e-07
3334,2024,116868,3.017073286805989e-06,8.036784505996563e-07
3335,2024,116868,3.017073286805989e-06,8.036784505996563e-07
3337,2024,116868,3.017073286805989e-06,8.036784505996563e-07
3344,2024,116868,3.017073286805989e-06,8.036784505996563e-07
3346,2024,116868,3.017073286805989e-06,8.036784505996563e-07
3350,2024,116868,3.017073286805989e-06,8.036784505996563e-07
3352,2024,116868,3.017073286805989e-06,8.036784505996563e-07
3354,2024,116868,3.017073286805989e-06,8.036784505996563e-07
3364,2024,116868,3.017073286805989e-06,8.036784505996563e-07
3376,2024,116868,3.017073286805989e-06,8.036784505996563e-07
3379,2024,116868,3.017073286805989e-06,8.036784505996563e-07
3382,2024,116868,3.017073286805989e-06,8.036784505996563e-07
3384,2024,116868,3.017073286805989e-06,8.036784505996563e-07
3392,2024,116868,3.017073286805989e-06,8.036784505996563e-07
3396,2024,116868,3.017073286805989e-06,8.036784505996563e-07
3399,2024,116868,3.017073286805989e-06,8.036784505996563e-07
3403,2024,116868,3.017073286805989e-06,8.036784505996563e-07
3405,2024,116868,3.017073286805989e-06,8.036784505996563e-07
3413,2024,116868,3.017073286805989e-06,8.036784505996563e-07
3418,2024,116868,3.017073286805989e-06,8.036784505996563e-07
3426,2024,116868,3.017073286805989e-06,8.036784505996563e-07
3427,2024,116868,3.017073286805989e-06,8.036784505996563e-07
3432,2024,116868,3.017073286805989e-06,8.036784505996563e-07
3436,2024,116868,3.017073286805989e-06,8.036784505996563e-07
3437,2024,116868,3.017073286805989e-06,8.036784505996563e-07
3438,2024,116868,3.017073286805989e-06,8.036784505996563e-07
3440,2024,116868,3.017073286805989e-06,8.036784505996563e-07
3442,2024,116868,3.017073286805989e-06,8.036784505996563e-07
3448,2024,116868,3.017073286805989e-06,8.036784505996563e-07
3449,2024,116868,3.017073286805989e-06,8.036784505996563e-07
3462,2024,116868,3.017073286805989e-06,8.036784505996563e-07
3467,2024,116868,3.017073286805989e-06,8.036784505996563e-07
3472,2024,116868,3.017073286805989e-06,8.036784505996563e-07
3477,2024,116868,3.017073286805989e-06,8.036784505996563e-07
3483,2024,116868,3.017073286805989e-06,8.036784505996563e-07
3485,2024,116868,3.017073286805989e-06,8.036784505996563e-07
3486,2024,116868,3.017073286805989e-06,8.036784505996563e-07
3490,2024,116868,3.017073286805989e-06,8.036784505996563e-07
3491,2024,116868,3.017073286805989e-06,8.036784505996563e-07
3501,2024,116868,3.017073286805989e-06,8.036784505996563e-07
3504,2024,116868,3.017073286805989e-06,8.036784505996563e-07
3512,2024,116868,3.017073286805989e-06,8.036784505996563e-07
3518,2024,116868,3.017073286805989e-06,8.036784505996563e-07
3519,2024,116868,3.017073286805989e-06,8.036784505996563e-07
3522,2024,116868,3.017073286805989e-06,8.036784505996563e-07
3523,2024,116868,3.017073286805989e-06,8.036784505996563e-07
3529,2024,116868,3.017073286805989e-06,8.036784505996563e-07
3531,2024,116868,3.017073286805989e-06,8.036784505996563e-07
3532,2024,116868,3.017073286805989e-06,8.036784505996563e-07
3541,2024,116868,3.017073286805989e-06,8.036784505996563e-07
3542,2024,116868,3.017073286805989e-06,8.036784505996563e-07
3548,2024,116868,3.017073286805989e-06,8.036784505996563e-07
3550,2024,116868,3.017073286805989e-06,8.036784505996563e-07
3552,2024,116868,3.017073286805989e-06,8.036784505996563e-07
3556,2024,116868,3.017073286805989e-06,8.036784505996563e-07
3566,2024,116868,3.017073286805989e-06,8.036784505996563e-07
3571,2024,116868,3.017073286805989e-06,8.036784505996563e-07
3573,2024,116868,3.017073286805989e-06,8.036784505996563e-07
3577,2024,116868,3.017073286805989e-06,8.036784505996563e-07
3579,2024,116868,3.017073286805989e-06,8.036784505996563e-07
3582,2024,116868,3.017073286805989e-06,8.036784505996563e-07
3586,2024,116868,3.017073286805989e-06,8.036784505996563e-07
3588,2024,116868,3.017073286805989e-06,8.036784505996563e-07
3592,2024,116868,3.017073286805989e-06,8.036784505996563e-07
3593,2024,116868,3.017073286805989e-06,8.036784505996563e-07
3602,2024,116868,3.017073286805989e-06,8.036784505996563e-07
3605,2024,116868,3.017073286805989e-06,8.036784505996563e-07
3606,2024,116868,3.017073286805989e-06,8.036784505996563e-07
3613,2024,116868,3.017073286805989e-06,8.036784505996563e-07
3614,2024,116868,3.017073286805989e-06,8.036784505996563e-07
3617,2024,116868,3.017073286805989e-06,8.036784505996563e-07
3619,2024,116868,3.017073286805989e-06,8.036784505996563e-07
3622,2024,116868,3.017073286805989e-06,8.036784505996563e-07
3623,2024,116868,3.017073286805989e-06,8.036784505996563e-07
3624,2024,116868,3.017073286805989e-06,8.036784505996563e-07
3626,2024,116868,3.017073286805989e-06,8.036784505996563e-07
3633,2024,116868,3.017073286805989e-06,8.036784505996563e-07
3634,2024,116868,3.017073286805989e-06,8.036784505996563e-07
3635,2024,116868,3.017073286805989e-06,8.036784505996563e-07
3640,2024,116868,3.017073286805989e-06,8.036784505996563e-07
3644,2024,116868,3.017073286805989e-06,8.036784505996563e-07
3645,2024,116868,3.017073286805989e-06,8.036784505996563e-07
3662,2024,116868,3.017073286805989e-06,8.036784505996563e-07
3663,2024,116868,3.017073286805989e-06,8.036784505996563e-07
3667,2024,116868,3.017073286805989e-06,8.036784505996563e-07
3668,2024,116868,3.017073286805989e-06,8.036784505996563e-07
3669,2024,116868,3.017073286805989e-06,8.036784505996563e-07
3674,2024,116868,3.017073286805989e-06,8.036784505996563e-07
3675,2024,116868,3.017073286805989e-06,8.036784505996563e-07
3683,2024,116868,3.017073286805989e-06,8.036784505996563e-07
3686,2024,116868,3.017073286805989e-06,8.036784505996563e-07
3688,2024,116868,3.017073286805989e-06,8.036784505996563e-07
3691,2024,116868,3.017073286805989e-06,8.036784505996563e-07
3695,2024,116868,3.017073286805989e-06,8.036784505996563e-07
3696,2024,116868,3.017073286805989e-06,8.036784505996563e-07
3697,2024,116868,3.017073286805989e-06,8.036784505996563e-07
3708,2024,116868,3.017073286805989e-06,8.036784505996563e-07
3717,2024,116868,3.017073286805989e-06,8.036784505996563e-07
3725,2024,116868,3.017073286805989e-06,8.036784505996563e-07
3726,2024,116868,3.017073286805989e-06,8.036784505996563e-07
3733,2024,116868,3.017073286805989e-06,8.036784505996563e-07
3738,2024,116868,3.017073286805989e-06,8.036784505996563e-07
3742,2024,116868,3.017073286805989e-06,8.036784505996563e-07
3743,2024,116868,3.017073286805989e-06,8.036784505996563e-07
3744,2024,116868,3.017073286805989e-06,8.036784505996563e-07
3745,2024,116868,3.017073286805989e-06,8.036784505996563e-07
3746,2024,116868,3.017073286805989e-06,8.036784505996563e-07
3748,2024,116868,3.017073286805989e-06,8.036784505996563e-07
3749,2024,116868,3.017073286805989e-06,8.036784505996563e-07
3760,2024,116868,3.017073286805989e-06,8.036784505996563e-07
3762,2024,116868,3.017073286805989e-06,8.036784505996563e-07
3769,2024,116868,3.017073286805989e-06,8.036784505996563e-07
3775,2024,116868,3.017073286805989e-06,8.036784505996563e-07
3779,2024,116868,3.017073286805989e-06,8.036784505996563e-07
3780,2024,116868,3.017073286805989e-06,8.036784505996563e-07
3781,2024,116868,3.017073286805989e-06,8.036784505996563e-07
3789,2024,116868,3.017073286805989e-06,8.036784505996563e-07
3791,2024,116868,3.017073286805989e-06,8.036784505996563e-07
3794,2024,116868,3.017073286805989e-06,8.036784505996563e-07
3798,2024,116868,3.017073286805989e-06,8.036784505996563e-07
3808,2024,116868,3.017073286805989e-06,8.036784505996563e-07
3811,2024,116868,3.017073286805989e-06,8.036784505996563e-07
3812,2024,116868,3.017073286805989e-06,8.036784505996563e-07
3819,2024,116868,3.017073286805989e-06,8.036784505996563e-07
3822,2024,116868,3.017073286805989e-06,8.036784505996563e-07
3831,2024,116868,3.017073286805989e-06,8.036784505996563e-07
3834,2024,116868,3.017073286805989e-06,8.036784505996563e-07
3835,2024,116868,3.017073286805989e-06,8.036784505996563e-07
3846,2024,116868,3.017073286805989e-06,8.036784505996563e-07
3847,2024,116868,3.017073286805989e-06,8.036784505996563e-07
3848,2024,116868,3.017073286805989e-06,8.036784505996563e-07
3858,2024,116868,3.017073286805989e-06,8.036784505996563e-07
3862,2024,116868,3.017073286805989e-06,8.036784505996563e-07
3863,2024,116868,3.017073286805989e-06,8.036784505996563e-07
3867,2024,116868,3.017073286805989e-06,8.036784505996563e-07
3875,2024,116868,3.017073286805989e-06,8.036784505996563e-07
3884,2024,116868,3.017073286805989e-06,8.036784505996563e-07
3900,2024,116868,3.017073286805989e-06,8.036784505996563e-07
3902,2024,116868,3.017073286805989e-06,8.036784505996563e-07
3908,2024,116868,3.017073286805989e-06,8.036784505996563e-07
3913,2024,116868,3.017073286805989e-06,8.036784505996563e-07
3916,2024,116868,3.017073286805989e-06,8.036784505996563e-07
3921,2024,116868,3.017073286805989e-06,8.036784505996563e-07
3922,2024,116868,3.017073286805989e-06,8.036784505996563e-07
3938,2024,116868,3.017073286805989e-06,8.036784505996563e-07
3939,2024,116868,3.017073286805989e-06,8.036784505996563e-07
3944,2024,116868,3.017073286805989e-06,8.036784505996563e-07
3955,2024,116868,3.017073286805989e-06,8.036784505996563e-07
3956,2024,116868,3.017073286805989e-06,8.036784505996563e-07
3962,2024,116868,3.017073286805989e-06,8.036784505996563e-07
3965,2024,116868,3.017073286805989e-06,8.036784505996563e-07
3966,2024,116868,3.017073286805989e-06,8.036784505996563e-07
3972,2024,116868,3.017073286805989e-06,8.036784505996563e-07
3978,2024,116868,3.017073286805989e-06,8.036784505996563e-07
3987,2024,116868,3.017073286805989e-06,8.036784505996563e-07
3988,2024,116868,3.017073286805989e-06,8.036784505996563e-07
3991,2024,116868,3.017073286805989e-06,8.036784505996563e-07
3993,2024,116868,3.017073286805989e-06,8.036784505996563e-07
3997,2024,116868,3.017073286805989e-06,8.036784505996563e-07
4009,2024,116868,3.017073286805989e-06,8.036784505996563e-07
4014,2024,116868,3.017073286805989e-06,8.036784505996563e-07
4019,2024,116868,3.017073286805989e-06,8.036784505996563e-07
4020,2024,116868,3.017073286805989e-06,8.036784505996563e-07
4027,2024,116868,3.017073286805989e-06,8.036784505996563e-07
4030,2024,116868,3.017073286805989e-06,8.036784505996563e-07
4034,2024,116868,3.017073286805989e-06,8.036784505996563e-07
4035,2024,116868,3.017073286805989e-06,8.036784505996563e-07
4039,2024,116868,3.017073286805989e-06,8.036784505996563e-07
4046,2024,116868,3.017073286805989e-06,8.036784505996563e-07
4049,2024,116868,3.017073286805989e-06,8.036784505996563e-07
4053,2024,116868,3.017073286805989e-06,8.036784505996563e-07
4059,2024,116868,3.017073286805989e-06,8.036784505996563e-07
4062,2024,116868,3.017073286805989e-06,8.036784505996563e-07
4085,2024,116868,3.017073286805989e-06,8.036784505996563e-07
4086,2024,116868,3.017073286805989e-06,8.036784505996563e-07
4088,2024,116868,3.017073286805989e-06,8.036784505996563e-07
4092,2024,116868,3.017073286805989e-06,8.036784505996563e-07
4093,2024,116868,3.017073286805989e-06,8.036784505996563e-07
4094,2024,116868,3.017073286805989e-06,8.036784505996563e-07
4101,2024,116868,3.017073286805989e-06,8.036784505996563e-07
4123,2024,116868,3.017073286805989e-06,8.036784505996563e-07
4132,2024,116868,3.017073286805989e-06,8.036784505996563e-07
4137,2024,116868,3.017073286805989e-06,8.036784505996563e-07
4138,2024,116868,3.017073286805989e-06,8.036784505996563e-07
4146,2024,116868,3.017073286805989e-06,8.036784505996563e-07
4168,2024,116868,3.017073286805989e-06,8.036784505996563e-07
4174,2024,116868,3.017073286805989e-06,8.036784505996563e-07
4177,2024,116868,3.017073286805989e-06,8.036784505996563e-07
4178,2024,116868,3.017073286805989e-06,8.036784505996563e-07
4188,2024,116868,3.017073286805989e-06,8.036784505996563e-07
4190,2024,116868,3.017073286805989e-06,8.036784505996563e-07
4199,2024,116868,3.017073286805989e-06,8.036784505996563e-07
4203,2024,116868,3.017073286805989e-06,8.036784505996563e-07
4215,2024,116868,3.017073286805989e-06,8.036784505996563e-07
4223,2024,116868,3.017073286805989e-06,8.036784505996563e-07
4233,2024,116868,3.017073286805989e-06,8.036784505996563e-07
4246,2024,116868,3.017073286805989e-06,8.036784505996563e-07
4250,2024,116868,3.017073286805989e-06,8.036784505996563e-07
4261,2024,116868,3.017073286805989e-06,8.036784505996563e-07
4264,2024,116868,3.017073286805989e-06,8.036784505996563e-07
4266,2024,116868,3.017073286805989e-06,8.036784505996563e-07
4267,2024,116868,3.017073286805989e-06,8.036784505996563e-07
4271,2024,116868,3.017073286805989e-06,8.036784505996563e-07
4275,2024,116868,3.017073286805989e-06,8.036784505996563e-07
4280,2024,116868,3.017073286805989e-06,8.036784505996563e-07
4282,2024,116868,3.017073286805989e-06,8.036784505996563e-07
4286,2024,116868,3.017073286805989e-06,8.036784505996563e-07
4292,2024,116868,3.017073286805989e-06,8.036784505996563e-07
4293,2024,116868,3.017073286805989e-06,8.036784505996563e-07
4294,2024,116868,3.017073286805989e-06,8.036784505996563e-07
4312,2024,116868,3.017073286805989e-06,8.036784505996563e-07
4315,2024,116868,3.017073286805989e-06,8.036784505996563e-07
4316,2024,116868,3.017073286805989e-06,8.036784505996563e-07
4317,2024,116868,3.017073286805989e-06,8.036784505996563e-07
4318,2024,116868,3.017073286805989e-06,8.036784505996563e-07
4319,2024,116868,3.017073286805989e-06,8.036784505996563e-07
4324,2024,116868,3.017073286805989e-06,8.036784505996563e-07
4328,2024,116868,3.017073286805989e-06,8.036784505996563e-07
4342,2024,116868,3.017073286805989e-06,8.036784505996563e-07
4349,2024,116868,3.017073286805989e-06,8.036784505996563e-07
4359,2024,116868,3.017073286805989e-06,8.036784505996563e-07
4364,2024,116868,3.017073286805989e-06,8.036784505996563e-07
4383,2024,116868,3.017073286805989e-06,8.036784505996563e-07
4390,2024,116868,3.017073286805989e-06,8.036784505996563e-07
4395,2024,116868,3.017073286805989e-06,8.036784505996563e-07
4402,2024,116868,3.017073286805989e-06,8.036784505996563e-07
4404,2024,116868,3.017073286805989e-06,8.036784505996563e-07
4408,2024,116868,3.017073286805989e-06,8.036784505996563e-07
4416,2024,116868,3.017073286805989e-06,8.036784505996563e-07
4418,2024,116868,3.017073286805989e-06,8.036784505996563e-07
4420,2024,116868,3.017073286805989e-06,8.036784505996563e-07
4423,2024,116868,3.017073286805989e-06,8.036784505996563e-07
4435,2024,116868,3.017073286805989e-06,8.036784505996563e-07
4442,2024,116868,3.017073286805989e-06,8.036784505996563e-07
4450,2024,116868,3.017073286805989e-06,8.036784505996563e-07
4458,2024,116868,3.017073286805989e-06,8.036784505996563e-07
4469,2024,116868,3.017073286805989e-06,8.036784505996563e-07
4470,2024,116868,3.017073286805989e-06,8.036784505996563e-07
4471,2024,116868,3.017073286805989e-06,8.036784505996563e-07
4473,2024,116868,3.017073286805989e-06,8.036784505996563e-07
4474,2024,116868,3.017073286805989e-06,8.036784505996563e-07
4476,2024,116868,3.017073286805989e-06,8.036784505996563e-07
4482,2024,116868,3.017073286805989e-06,8.036784505996563e-07
4483,2024,116868,3.017073286805989e-06,8.036784505996563e-07
4485,2024,116868,3.017073286805989e-06,8.036784505996563e-07
4486,2024,116868,3.017073286805989e-06,8.036784505996563e-07
4493,2024,116868,3.017073286805989e-06,8.036784505996563e-07
4495,2024,116868,3.017073286805989e-06,8.036784505996563e-07
4498,2024,116868,3.017073286805989e-06,8.036784505996563e-07
4499,2024,116868,3.017073286805989e-06,8.036784505996563e-07
4501,2024,116868,3.017073286805989e-06,8.036784505996563e-07
4508,2024,116868,3.017073286805989e-06,8.036784505996563e-07
4509,2024,116868,3.017073286805989e-06,8.036784505996563e-07
4518,2024,116868,3.017073286805989e-06,8.036784505996563e-07
4531,2024,116868,3.017073286805989e-06,8.036784505996563e-07
4536,2024,116868,3.017073286805989e-06,8.036784505996563e-07
4542,2024,116868,3.017073286805989e-06,8.036784505996563e-07
4552,2024,116868,3.017073286805989e-06,8.036784505996563e-07
4559,2024,116868,3.017073286805989e-06,8.036784505996563e-07
4562,2024,116868,3.017073286805989e-06,8.036784505996563e-07
4564,2024,116868,3.017073286805989e-06,8.036784505996563e-07
4568,2024,116868,3.017073286805989e-06,8.036784505996563e-07
4571,2024,116868,3.017073286805989e-06,8.036784505996563e-07
4579,2024,116868,3.017073286805989e-06,8.036784505996563e-07
4583,2024,116868,3.017073286805989e-06,8.036784505996563e-07
4585,2024,116868,3.017073286805989e-06,8.036784505996563e-07
4599,2024,116868,3.017073286805989e-06,8.036784505996563e-07
4601,2024,116868,3.017073286805989e-06,8.036784505996563e-07
4609,2024,116868,3.017073286805989e-06,8.036784505996563e-07
4611,2024,116868,3.017073286805989e-06,8.036784505996563e-07
4617,2024,116868,3.017073286805989e-06,8.036784505996563e-07
4618,2024,116868,3.017073286805989e-06,8.036784505996563e-07
4620,2024,116868,3.017073286805989e-06,8.036784505996563e-07
4622,2024,116868,3.017073286805989e-06,8.036784505996563e-07
4627,2024,116868,3.017073286805989e-06,8.036784505996563e-07
4637,2024,116868,3.017073286805989e-06,8.036784505996563e-07
4644,2024,116868,3.017073286805989e-06,8.036784505996563e-07
4647,2024,116868,3.017073286805989e-06,8.036784505996563e-07
4652,2024,116868,3.017073286805989e-06,8.036784505996563e-07
4664,2024,116868,3.017073286805989e-06,8.036784505996563e-07
4668,2024,116868,3.017073286805989e-06,8.036784505996563e-07
4674,2024,116868,3.017073286805989e-06,8.036784505996563e-07
4680,2024,116868,3.017073286805989e-06,8.036784505996563e-07
4683,2024,116868,3.017073286805989e-06,8.036784505996563e-07
4684,2024,116868,3.017073286805989e-06,8.036784505996563e-07
4686,2024,116868,3.017073286805989e-06,8.036784505996563e-07
4692,2024,116868,3.017073286805989e-06,8.036784505996563e-07
4694,2024,116868,3.017073286805989e-06,8.036784505996563e-07
4697,2024,116868,3.017073286805989e-06,8.036784505996563e-07
4699,2024,116868,3.017073286805989e-06,8.036784505996563e-07
4701,2024,116868,3.017073286805989e-06,8.036784505996563e-07
4702,2024,116868,3.017073286805989e-06,8.036784505996563e-07
4705,2024,116868,3.017073286805989e-06,8.036784505996563e-07
4709,2024,116868,3.017073286805989e-06,8.036784505996563e-07
4714,2024,116868,3.017073286805989e-06,8.036784505996563e-07
4715,2024,116868,3.017073286805989e-06,8.036784505996563e-07
4716,2024,116868,3.017073286805989e-06,8.036784505996563e-07
4717,2024,116868,3.017073286805989e-06,8.036784505996563e-07
4719,2024,116868,3.017073286805989e-06,8.036784505996563e-07
4720,2024,116868,3.017073286805989e-06,8.036784505996563e-07
4721,2024,116868,3.017073286805989e-06,8.036784505996563e-07
4725,2024,116868,3.017073286805989e-06,8.036784505996563e-07
4729,2024,116868,3.017073286805989e-06,8.036784505996563e-07
4732,2024,116868,3.017073286805989e-06,8.036784505996563e-07
4734,2024,116868,3.017073286805989e-06,8.036784505996563e-07
4739,2024,116868,3.017073286805989e-06,8.036784505996563e-07
4742,2024,116868,3.017073286805989e-06,8.036784505996563e-07
4745,2024,116868,3.017073286805989e-06,8.036784505996563e-07
4747,2024,116868,3.017073286805989e-06,8.036784505996563e-07
4750,2024,116868,3.017073286805989e-06,8.036784505996563e-07
4753,2024,116868,3.017073286805989e-06,8.036784505996563e-07
4757,2024,116868,3.017073286805989e-06,8.036784505996563e-07
4760,2024,116868,3.017073286805989e-06,8.036784505996563e-07
4761,2024,116868,3.017073286805989e-06,8.036784505996563e-07
4762,2024,116868,3.017073286805989e-06,8.036784505996563e-07
4764,2024,116868,3.017073286805989e-06,8.036784505996563e-07
4770,2024,116868,3.017073286805989e-06,8.036784505996563e-07
4772,2024,116868,3.017073286805989e-06,8.036784505996563e-07
4775,2024,116868,3.017073286805989e-06,8.036784505996563e-07
4776,2024,116868,3.017073286805989e-06,8.036784505996563e-07
4785,2024,116868,3.017073286805989e-06,8.036784505996563e-07
4795,2024,116868,3.017073286805989e-06,8.036784505996563e-07
4800,2024,116868,3.017073286805989e-06,8.036784505996563e-07
4816,2024,116868,3.017073286805989e-06,8.036784505996563e-07
4844,2024,116868,3.017073286805989e-06,8.036784505996563e-07
4851,2024,116868,3.017073286805989e-06,8.036784505996563e-07
4855,2024,116868,3.017073286805989e-06,8.036784505996563e-07
4857,2024,116868,3.017073286805989e-06,8.036784505996563e-07
4877,2024,116868,3.017073286805989e-06,8.036784505996563e-07
4919,2024,116868,3.017073286805989e-06,8.036784505996563e-07
4921,2024,116868,3.017073286805989e-06,8.036784505996563e-07
4925,2024,116868,3.017073286805989e-06,8.036784505996563e-07
4930,2024,116868,3.017073286805989e-06,8.036784505996563e-07
4932,2024,116868,3.017073286805989e-06,8.036784505996563e-07
4933,2024,116868,3.017073286805989e-06,8.036784505996563e-07
4968,2024,116868,3.017073286805989e-06,8.036784505996563e-07
4969,2024,116868,3.017073286805989e-06,8.036784505996563e-07
4971,2024,116868,3.017073286805989e-06,8.036784505996563e-07
4972,2024,116868,3.017073286805989e-06,8.036784505996563e-07
4983,2024,116868,3.017073286805989e-06,8.036784505996563e-07
4986,2024,116868,3.017073286805989e-06,8.036784505996563e-07
4990,2024,116868,3.017073286805989e-06,8.036784505996563e-07
5011,2024,116868,3.017073286805989e-06,8.036784505996563e-07
5018,2024,116868,3.017073286805989e-06,8.036784505996563e-07
5021,2024,116868,3.017073286805989e-06,8.036784505996563e-07
5022,2024,116868,3.017073286805989e-06,8.036784505996563e-07
5029,2024,116868,3.017073286805989e-06,8.036784505996563e-07
5039,2024,116868,3.017073286805989e-06,8.036784505996563e-07
5044,2024,116868,3.017073286805989e-06,8.036784505996563e-07
5056,2024,116868,3.017073286805989e-06,8.036784505996563e-07
5057,2024,116868,3.017073286805989e-06,8.036784505996563e-07
5067,2024,116868,3.017073286805989e-06,8.036784505996563e-07
5070,2024,116868,3.017073286805989e-06,8.036784505996563e-07
5084,2024,116868,3.017073286805989e-06,8.036784505996563e-07
5088,2024,116868,3.017073286805989e-06,8.036784505996563e-07
5091,2024,116868,3.017073286805989e-06,8.036784505996563e-07
5094,2024,116868,3.017073286805989e-06,8.036784505996563e-07
5119,2024,116868,3.017073286805989e-06,8.036784505996563e-07
5121,2024,116868,3.017073286805989e-06,8.036784505996563e-07
5122,2024,116868,3.017073286805989e-06,8.036784505996563e-07
5144,2024,116868,3.017073286805989e-06,8.036784505996563e-07
5147,2024,116868,3.017073286805989e-06,8.036784505996563e-07
5148,2024,116868,3.017073286805989e-06,8.036784505996563e-07
5150,2024,116868,3.017073286805989e-06,8.036784505996563e-07
5152,2024,116868,3.017073286805989e-06,8.036784505996563e-07
5158,2024,116868,3.017073286805989e-06,8.036784505996563e-07
5160,2024,116868,3.017073286805989e-06,8.036784505996563e-07
5163,2024,116868,3.017073286805989e-06,8.036784505996563e-07
5166,2024,116868,3.017073286805989e-06,8.036784505996563e-07
5169,2024,116868,3.017073286805989e-06,8.036784505996563e-07
5175,2024,116868,3.017073286805989e-06,8.036784505996563e-07
5176,2024,116868,3.017073286805989e-06,8.036784505996563e-07
5178,2024,116868,3.017073286805989e-06,8.036784505996563e-07
5180,2024,116868,3.017073286805989e-06,8.036784505996563e-07
5184,2024,116868,3.017073286805989e-06,8.036784505996563e-07
5197,2024,116868,3.017073286805989e-06,8.036784505996563e-07
5199,2024,116868,3.017073286805989e-06,8.036784505996563e-07
5224,2024,116868,3.017073286805989e-06,8.036784505996563e-07
5228,2024,116868,3.017073286805989e-06,8.036784505996563e-07
5229,2024,116868,3.017073286805989e-06,8.036784505996563e-07
5231,2024,116868,3.017073286805989e-06,8.036784505996563e-07
5232,2024,116868,3.017073286805989e-06,8.036784505996563e-07
5235,2024,116868,3.017073286805989e-06,8.036784505996563e-07
5239,2024,116868,3.017073286805989e-06,8.036784505996563e-07
5240,2024,116868,3.017073286805989e-06,8.036784505996563e-07
5241,2024,116868,3.017073286805989e-06,8.036784505996563e-07
5242,2024,116868,3.017073286805989e-06,8.036784505996563e-07
5249,2024,116868,3.017073286805989e-06,8.036784505996563e-07
5258,2024,116868,3.017073286805989e-06,8.036784505996563e-07
5266,2024,116868,3.017073286805989e-06,8.036784505996563e-07
5268,2024,116868,3.017073286805989e-06,8.036784505996563e-07
5270,2024,116868,3.017073286805989e-06,8.036784505996563e-07
5286,2024,116868,3.017073286805989e-06,8.036784505996563e-07
5294,2024,116868,3.017073286805989e-06,8.036784505996563e-07
5297,2024,116868,3.017073286805989e-06,8.036784505996563e-07
5316,2024,116868,3.017073286805989e-06,8.036784505996563e-07
5326,2024,116868,3.017073286805989e-06,8.036784505996563e-07
5335,2024,116868,3.017073286805989e-06,8.036784505996563e-07
5339,2024,116868,3.017073286805989e-06,8.036784505996563e-07
5342,2024,116868,3.017073286805989e-06,8.036784505996563e-07
5344,2024,116868,3.017073286805989e-06,8.036784505996563e-07
5356,2024,116868,3.017073286805989e-06,8.036784505996563e-07
5358,2024,116868,3.017073286805989e-06,8.036784505996563e-07
5360,2024,116868,3.017073286805989e-06,8.036784505996563e-07
5363,2024,116868,3.017073286805989e-06,8.036784505996563e-07
5368,2024,116868,3.017073286805989e-06,8.036784505996563e-07
5373,2024,116868,3.017073286805989e-06,8.036784505996563e-07
5374,2024,116868,3.017073286805989e-06,8.036784505996563e-07
5381,2024,116868,3.017073286805989e-06,8.036784505996563e-07
5382,2024,116868,3.017073286805989e-06,8.036784505996563e-07
5390,2024,116868,3.017073286805989e-06,8.036784505996563e-07
5391,2024,116868,3.017073286805989e-06,8.036784505996563e-07
5396,2024,116868,3.017073286805989e-06,8.036784505996563e-07
5410,2024,116868,3.017073286805989e-06,8.036784505996563e-07
5411,2024,116868,3.017073286805989e-06,8.036784505996563e-07
5416,2024,116868,3.017073286805989e-06,8.036784505996563e-07
5424,2024,116868,3.017073286805989e-06,8.036784505996563e-07
5429,2024,116868,3.017073286805989e-06,8.036784505996563e-07
5430,2024,116868,3.017073286805989e-06,8.036784505996563e-07
5434,2024,116868,3.017073286805989e-06,8.036784505996563e-07
5436,2024,116868,3.017073286805989e-06,8.036784505996563e-07
5447,2024,116868,3.017073286805989e-06,8.036784505996563e-07
5448,2024,116868,3.017073286805989e-06,8.036784505996563e-07
5458,2024,116868,3.017073286805989e-06,8.036784505996563e-07
5462,2024,116868,3.017073286805989e-06,8.036784505996563e-07
5470,2024,116868,3.017073286805989e-06,8.036784505996563e-07
5472,2024,116868,3.017073286805989e-06,8.036784505996563e-07
5480,2024,116868,3.017073286805989e-06,8.036784505996563e-07
5484,2024,116868,3.017073286805989e-06,8.036784505996563e-07
5497,2024,116868,3.017073286805989e-06,8.036784505996563e-07
2728,2023,116856,3.0155826379488713e-06,8.0359592893926e-07
7954,2023,116832,3.0155826379488713e-06,8.034308856184674e-07
7965,2023,116832,3.0155826379488713e-06,8.034308856184674e-07
7982,2023,116832,3.0155826379488713e-06,8.034308856184674e-07
7983,2023,116832,3.0155826379488713e-06,8.034308856184674e-07
7988,2023,116832,3.0155826379488713e-06,8.034308856184674e-07
7995,2023,116832,3.0155826379488713e-06,8.034308856184674e-07
8003,2023,116832,3.0155826379488713e-06,8.034308856184674e-07
8015,2023,116832,3.0155826379488713e-06,8.034308856184674e-07
8018,2023,116832,3.0155826379488713e-06,8.034308856184674e-07
8024,2023,116832,3.0155826379488713e-06,8.034308856184674e-07
8053,2023,116832,3.0155826379488713e-06,8.034308856184674e-07
8064,2023,116832,3.0155826379488713e-06,8.034308856184674e-07
2747,2023,116844,3.0155826379488713e-06,8.035134072788637e-07
2755,2023,116840,3.0155826379488713e-06,8.034859000587316e-07
5504,2023,116820,3.0155826379488713e-06,8.033483639580711e-07
5507,2023,116820,3.0155826379488713e-06,8.033483639580711e-07
5519,2023,116820,3.0155826379488713e-06,8.033483639580711e-07
5520,2023,116820,3.0155826379488713e-06,8.033483639580711e-07
5525,2023,116820,3.0155826379488713e-06,8.033483639580711e-07
5526,2023,116820,3.0155826379488713e-06,8.033483639580711e-07
5536,2023,116820,3.0155826379488713e-06,8.033483639580711e-07
5542,2023,116820,3.0155826379488713e-06,8.033483639580711e-07
5548,2023,116820,3.0155826379488713e-06,8.033483639580711e-07
5564,2023,116820,3.0155826379488713e-06,8.033483639580711e-07
5569,2023,116820,3.0155826379488713e-06,8.033483639580711e-07
5575,2023,116820,3.0155826379488713e-06,8.033483639580711e-07
5585,2023,116820,3.0155826379488713e-06,8.033483639580711e-07
5591,2023,116820,3.0155826379488713e-06,8.033483639580711e-07
5593,2023,116820,3.0155826379488713e-06,8.033483639580711e-07
5600,2023,116820,3.0155826379488713e-06,8.033483639580711e-07
5602,2023,116820,3.0155826379488713e-06,8.033483639580711e-07
5603,2023,116820,3.0155826379488713e-06,8.033483639580711e-07
5605,2023,116820,3.0155826379488713e-06,8.033483639580711e-07
5607,2023,116820,3.0155826379488713e-06,8.033483639580711e-07
5626,2023,116820,3.0155826379488713e-06,8.033483639580711e-07
5628,2023,116820,3.0155826379488713e-06,8.033483639580711e-07
5632,2023,116820,3.0155826379488713e-06,8.033483639580711e-07
5648,2023,116820,3.0155826379488713e-06,8.033483639580711e-07
5659,2023,116820,3.0155826379488713e-06,8.033483639580711e-07
5670,2023,116820,3.0155826379488713e-06,8.033483639580711e-07
5671,2023,116820,3.0155826379488713e-06,8.033483639580711e-07
5687,2023,116820,3.0155826379488713e-06,8.033483639580711e-07
5688,2023,116820,3.0155826379488713e-06,8.033483639580711e-07
5694,2023,116820,3.0155826379488713e-06,8.033483639580711e-07
5699,2023,116820,3.0155826379488713e-06,8.033483639580711e-07
5704,2023,116820,3.0155826379488713e-06,8.033483639580711e-07
5736,2023,116820,3.0155826379488713e-06,8.033483639580711e-07
5740,2023,116820,3.0155826379488713e-06,8.033483639580711e-07
5741,2023,116820,3.0155826379488713e-06,8.033483639580711e-07
5753,2023,116820,3.0155826379488713e-06,8.033483639580711e-07
5757,2023,116820,3.0155826379488713e-06,8.033483639580711e-07
5758,2023,116820,3.0155826379488713e-06,8.033483639580711e-07
5759,2023,116820,3.0155826379488713e-06,8.033483639580711e-07
5766,2023,116820,3.0155826379488713e-06,8.033483639580711e-07
5772,2023,116820,3.0155826379488713e-06,8.033483639580711e-07
5789,2023,116820,3.0155826379488713e-06,8.033483639580711e-07
5799,2023,116820,3.0155826379488713e-06,8.033483639580711e-07
5803,2023,116820,3.0155826379488713e-06,8.033483639580711e-07
5807,2023,116820,3.0155826379488713e-06,8.033483639580711e-07
5813,2023,116820,3.0155826379488713e-06,8.033483639580711e-07
5834,2023,116820,3.0155826379488713e-06,8.033483639580711e-07
5846,2023,116820,3.0155826379488713e-06,8.033483639580711e-07
5851,2023,116820,3.0155826379488713e-06,8.033483639580711e-07
5867,2023,116820,3.0155826379488713e-06,8.033483639580711e-07
5869,2023,116820,3.0155826379488713e-06,8.033483639580711e-07
5874,2023,116820,3.0155826379488713e-06,8.033483639580711e-07
5876,2023,116820,3.0155826379488713e-06,8.033483639580711e-07
5882,2023,116820,3.0155826379488713e-06,8.033483639580711e-07
5885,2023,116820,3.0155826379488713e-06,8.033483639580711e-07
5888,2023,116820,3.0155826379488713e-06,8.033483639580711e-07
5895,2023,116820,3.0155826379488713e-06,8.033483639580711e-07
5896,2023,116820,3.0155826379488713e-06,8.033483639580711e-07
5898,2023,116820,3.0155826379488713e-06,8.033483639580711e-07
5905,2023,116820,3.0155826379488713e-06,8.033483639580711e-07
5908,2023,116820,3.0155826379488713e-06,8.033483639580711e-07
5912,2023,116820,3.0155826379488713e-06,8.033483639580711e-07
5926,2023,116820,3.0155826379488713e-06,8.033483639580711e-07
5930,2023,116820,3.0155826379488713e-06,8.033483639580711e-07
5932,2023,116820,3.0155826379488713e-06,8.033483639580711e-07
5934,2023,116820,3.0155826379488713e-06,8.033483639580711e-07
5938,2023,116820,3.0155826379488713e-06,8.033483639580711e-07
5964,2023,116820,3.0155826379488713e-06,8.033483639580711e-07
5966,2023,116820,3.0155826379488713e-06,8.033483639580711e-07
5982,2023,116820,3.0155826379488713e-06,8.033483639580711e-07
5984,2023,116820,3.0155826379488713e-06,8.033483639580711e-07
5994,2023,116820,3.0155826379488713e-06,8.033483639580711e-07
6010,2023,116820,3.0155826379488713e-06,8.033483639580711e-07
6016,2023,116820,3.0155826379488713e-06,8.033483639580711e-07
6018,2023,116820,3.0155826379488713e-06,8.033483639580711e-07
6033,2023,116820,3.0155826379488713e-06,8.033483639580711e-07
6037,2023,116820,3.0155826379488713e-06,8.033483639580711e-07
6039,2023,116820,3.0155826379488713e-06,8.033483639580711e-07
6044,2023,116820,3.0155826379488713e-06,8.033483639580711e-07
6057,2023,116820,3.0155826379488713e-06,8.033483639580711e-07
6058,2023,116820,3.0155826379488713e-06,8.033483639580711e-07
6062,2023,116820,3.0155826379488713e-06,8.033483639580711e-07
6063,2023,116820,3.0155826379488713e-06,8.033483639580711e-07
6066,2023,116820,3.0155826379488713e-06,8.033483639580711e-07
6068,2023,116820,3.0155826379488713e-06,8.033483639580711e-07
6069,2023,116820,3.0155826379488713e-06,8.033483639580711e-07
6085,2023,116820,3.0155826379488713e-06,8.033483639580711e-07
6092,2023,116820,3.0155826379488713e-06,8.033483639580711e-07
6093,2023,116820,3.0155826379488713e-06,8.033483639580711e-07
6096,2023,116820,3.0155826379488713e-06,8.033483639580711e-07
6099,2023,116820,3.0155826379488713e-06,8.033483639580711e-07
6118,2023,116820,3.0155826379488713e-06,8.033483639580711e-07
6119,2023,116820,3.0155826379488713e-06,8.033483639580711e-07
6120,2023,116820,3.0155826379488713e-06,8.033483639580711e-07
6124,2023,116820,3.0155826379488713e-06,8.033483639580711e-07
6127,2023,116820,3.0155826379488713e-06,8.033483639580711e-07
6136,2023,116820,3.0155826379488713e-06,8.033483639580711e-07
6141,2023,116820,3.0155826379488713e-06,8.033483639580711e-07
6152,2023,116820,3.0155826379488713e-06,8.033483639580711e-07
6161,2023,116820,3.0155826379488713e-06,8.033483639580711e-07
6167,2023,116820,3.0155826379488713e-06,8.033483639580711e-07
6168,2023,116820,3.0155826379488713e-06,8.033483639580711e-07
6187,2023,116820,3.0155826379488713e-06,8.033483639580711e-07
6189,2023,116820,3.0155826379488713e-06,8.033483639580711e-07
6190,2023,116820,3.0155826379488713e-06,8.033483639580711e-07
6191,2023,116820,3.0155826379488713e-06,8.033483639580711e-07
6197,2023,116820,3.0155826379488713e-06,8.033483639580711e-07
6201,2023,116820,3.0155826379488713e-06,8.033483639580711e-07
6202,2023,116820,3.0155826379488713e-06,8.033483639580711e-07
6218,2023,116820,3.0155826379488713e-06,8.033483639580711e-07
6221,2023,116820,3.0155826379488713e-06,8.033483639580711e-07
6224,2023,116820,3.0155826379488713e-06,8.033483639580711e-07
6229,2023,116820,3.0155826379488713e-06,8.033483639580711e-07
6230,2023,116820,3.0155826379488713e-06,8.033483639580711e-07
6236,2023,116820,3.0155826379488713e-06,8.033483639580711e-07
6244,2023,116820,3.0155826379488713e-06,8.033483639580711e-07
6249,2023,116820,3.0155826379488713e-06,8.033483639580711e-07
6253,2023,116820,3.0155826379488713e-06,8.033483639580711e-07
6258,2023,116820,3.0155826379488713e-06,8.033483639580711e-07
6260,2023,116820,3.0155826379488713e-06,8.033483639580711e-07
6263,2023,116820,3.0155826379488713e-06,8.033483639580711e-07
6267,2023,116820,3.0155826379488713e-06,8.033483639580711e-07
6271,2023,116820,3.0155826379488713e-06,8.033483639580711e-07
6277,2023,116820,3.0155826379488713e-06,8.033483639580711e-07
6282,2023,116820,3.0155826379488713e-06,8.033483639580711e-07
6287,2023,116820,3.0155826379488713e-06,8.033483639580711e-07
6292,2023,116820,3.0155826379488713e-06,8.033483639580711e-07
6294,2023,116820,3.0155826379488713e-06,8.033483639580711e-07
6301,2023,116820,3.0155826379488713e-06,8.033483639580711e-07
6302,2023,116820,3.0155826379488713e-06,8.033483639580711e-07
6320,2023,116820,3.0155826379488713e-06,8.033483639580711e-07
6321,2023,116820,3.0155826379488713e-06,8.033483639580711e-07
6327,2023,116820,3.0155826379488713e-06,8.033483639580711e-07
6334,2023,116820,3.0155826379488713e-06,8.033483639580711e-07
6337,2023,116820,3.0155826379488713e-06,8.033483639580711e-07
6340,2023,116820,3.0155826379488713e-06,8.033483639580711e-07
6350,2023,116820,3.0155826379488713e-06,8.033483639580711e-07
6351,2023,116820,3.0155826379488713e-06,8.033483639580711e-07
6359,2023,116820,3.0155826379488713e-06,8.033483639580711e-07
6383,2023,116820,3.0155826379488713e-06,8.033483639580711e-07
6393,2023,116820,3.0155826379488713e-06,8.033483639580711e-07
6424,2023,116820,3.0155826379488713e-06,8.033483639580711e-07
6437,2023,116820,3.0155826379488713e-06,8.033483639580711e-07
6440,2023,116820,3.0155826379488713e-06,8.033483639580711e-07
6450,2023,116820,3.0155826379488713e-06,8.033483639580711e-07
6458,2023,116820,3.0155826379488713e-06,8.033483639580711e-07
6466,2023,116820,3.0155826379488713e-06,8.033483639580711e-07
6471,2023,116820,3.0155826379488713e-06,8.033483639580711e-07
6472,2023,116820,3.0155826379488713e-06,8.033483639580711e-07
6473,2023,116820,3.0155826379488713e-06,8.033483639580711e-07
6480,2023,116820,3.0155826379488713e-06,8.033483639580711e-07
6496,2023,116820,3.0155826379488713e-06,8.033483639580711e-07
6499,2023,116820,3.0155826379488713e-06,8.033483639580711e-07
6506,2023,116820,3.0155826379488713e-06,8.033483639580711e-07
6508,2023,116820,3.0155826379488713e-06,8.033483639580711e-07
6512,2023,116820,3.0155826379488713e-06,8.033483639580711e-07
6515,2023,116820,3.0155826379488713e-06,8.033483639580711e-07
6517,2023,116820,3.0155826379488713e-06,8.033483639580711e-07
6525,2023,116820,3.0155826379488713e-06,8.033483639580711e-07
6528,2023,116820,3.0155826379488713e-06,8.033483639580711e-07
6530,2023,116820,3.0155826379488713e-06,8.033483639580711e-07
6532,2023,116820,3.0155826379488713e-06,8.033483639580711e-07
6537,2023,116820,3.0155826379488713e-06,8.033483639580711e-07
6538,2023,116820,3.0155826379488713e-06,8.033483639580711e-07
6539,2023,116820,3.0155826379488713e-06,8.033483639580711e-07
6542,2023,116820,3.0155826379488713e-06,8.033483639580711e-07
6544,2023,116820,3.0155826379488713e-06,8.033483639580711e-07
6550,2023,116820,3.0155826379488713e-06,8.033483639580711e-07
6561,2023,116820,3.0155826379488713e-06,8.033483639580711e-07
6582,2023,116820,3.0155826379488713e-06,8.033483639580711e-07
6590,2023,116820,3.0155826379488713e-06,8.033483639580711e-07
6593,2023,116820,3.0155826379488713e-06,8.033483639580711e-07
6595,2023,116820,3.0155826379488713e-06,8.033483639580711e-07
6596,2023,116820,3.0155826379488713e-06,8.033483639580711e-07
6599,2023,116820,3.0155826379488713e-06,8.033483639580711e-07
6600,2023,116820,3.0155826379488713e-06,8.033483639580711e-07
6602,2023,116820,3.0155826379488713e-06,8.033483639580711e-07
6603,2023,116820,3.0155826379488713e-06,8.033483639580711e-07
6604,2023,116820,3.0155826379488713e-06,8.033483639580711e-07
6605,2023,116820,3.0155826379488713e-06,8.033483639580711e-07
6612,2023,116820,3.0155826379488713e-06,8.033483639580711e-07
6623,2023,116820,3.0155826379488713e-06,8.033483639580711e-07
6624,2023,116820,3.0155826379488713e-06,8.033483639580711e-07
6625,2023,116820,3.0155826379488713e-06,8.033483639580711e-07
6632,2023,116820,3.0155826379488713e-06,8.033483639580711e-07
6636,2023,116820,3.0155826379488713e-06,8.033483639580711e-07
6637,2023,116820,3.0155826379488713e-06,8.033483639580711e-07
6648,2023,116820,3.0155826379488713e-06,8.033483639580711e-07
6653,2023,116820,3.0155826379488713e-06,8.033483639580711e-07
6659,2023,116820,3.0155826379488713e-06,8.033483639580711e-07
6676,2023,116820,3.0155826379488713e-06,8.033483639580711e-07
6677,2023,116820,3.0155826379488713e-06,8.033483639580711e-07
6682,2023,116820,3.0155826379488713e-06,8.033483639580711e-07
6694,2023,116820,3.0155826379488713e-06,8.033483639580711e-07
6696,2023,116820,3.0155826379488713e-06,8.033483639580711e-07
6697,2023,116820,3.0155826379488713e-06,8.033483639580711e-07
6701,2023,116820,3.0155826379488713e-06,8.033483639580711e-07
6708,2023,116820,3.0155826379488713e-06,8.033483639580711e-07
6711,2023,116820,3.0155826379488713e-06,8.033483639580711e-07
6719,2023,116820,3.0155826379488713e-06,8.033483639580711e-07
6720,2023,116820,3.0155826379488713e-06,8.033483639580711e-07
6726,2023,116820,3.0155826379488713e-06,8.033483639580711e-07
6736,2023,116820,3.0155826379488713e-06,8.033483639580711e-07
6737,2023,116820,3.0155826379488713e-06,8.033483639580711e-07
6738,2023,116820,3.0155826379488713e-06,8.033483639580711e-07
6747,2023,116820,3.0155826379488713e-06,8.033483639580711e-07
6754,2023,116820,3.0155826379488713e-06,8.033483639580711e-07
6756,2023,116820,3.0155826379488713e-06,8.033483639580711e-07
6760,2023,116820,3.0155826379488713e-06,8.033483639580711e-07
6765,2023,116820,3.0155826379488713e-06,8.033483639580711e-07
6796,2023,116820,3.0155826379488713e-06,8.033483639580711e-07
6798,2023,116820,3.0155826379488713e-06,8.033483639580711e-07
6812,2023,116820,3.0155826379488713e-06,8.033483639580711e-07
6821,2023,116820,3.0155826379488713e-06,8.033483639580711e-07
6822,2023,116820,3.0155826379488713e-06,8.033483639580711e-07
6825,2023,116820,3.0155826379488713e-06,8.033483639580711e-07
6829,2023,116820,3.0155826379488713e-06,8.033483639580711e-07
6830,2023,116820,3.0155826379488713e-06,8.033483639580711e-07
6833,2023,116820,3.0155826379488713e-06,8.033483639580711e-07
6848,2023,116820,3.0155826379488713e-06,8.033483639580711e-07
6850,2023,116820,3.0155826379488713e-06,8.033483639580711e-07
6852,2023,116820,3.0155826379488713e-06,8.033483639580711e-07
6864,2023,116820,3.0155826379488713e-06,8.033483639580711e-07
6867,2023,116820,3.0155826379488713e-06,8.033483639580711e-07
6868,2023,116820,3.0155826379488713e-06,8.033483639580711e-07
6871,2023,116820,3.0155826379488713e-06,8.033483639580711e-07
6875,2023,116820,3.0155826379488713e-06,8.033483639580711e-07
6880,2023,116820,3.0155826379488713e-06,8.033483639580711e-07
6888,2023,116820,3.0155826379488713e-06,8.033483639580711e-07
6893,2023,116820,3.0155826379488713e-06,8.033483639580711e-07
6899,2023,116820,3.0155826379488713e-06,8.033483639580711e-07
6903,2023,116820,3.0155826379488713e-06,8.033483639580711e-07
6925,2023,116820,3.0155826379488713e-06,8.033483639580711e-07
6927,2023,116820,3.0155826379488713e-06,8.033483639580711e-07
6931,2023,116820,3.0155826379488713e-06,8.033483639580711e-07
6943,2023,116820,3.0155826379488713e-06,8.033483639580711e-07
6950,2023,116820,3.0155826379488713e-06,8.033483639580711e-07
6957,2023,116820,3.0155826379488713e-06,8.033483639580711e-07
6959,2023,116820,3.0155826379488713e-06,8.033483639580711e-07
6971,2023,116820,3.0155826379488713e-06,8.033483639580711e-07
6973,2023,116820,3.0155826379488713e-06,8.033483639580711e-07
6974,2023,116820,3.0155826379488713e-06,8.033483639580711e-07
6975,2023,116820,3.0155826379488713e-06,8.033483639580711e-07
6976,2023,116820,3.0155826379488713e-06,8.033483639580711e-07
6982,2023,116824,3.0155826379488713e-06,8.033758711782032e-07
6998,2023,116820,3.0155826379488713e-06,8.033483639580711e-07
7005,2023,116820,3.0155826379488713e-06,8.033483639580711e-07
7012,2023,116820,3.0155826379488713e-06,8.033483639580711e-07
7020,2023,116820,3.0155826379488713e-06,8.033483639580711e-07
7034,2023,116820,3.0155826379488713e-06,8.033483639580711e-07
7035,2023,116820,3.0155826379488713e-06,8.033483639580711e-07
7040,2023,116820,3.0155826379488713e-06,8.033483639580711e-07
7041,2023,116820,3.0155826379488713e-06,8.033483639580711e-07
7054,2023,116820,3.0155826379488713e-06,8.033483639580711e-07
7055,2023,116820,3.0155826379488713e-06,8.033483639580711e-07
7060,2023,116820,3.0155826379488713e-06,8.033483639580711e-07
7066,2023,116820,3.0155826379488713e-06,8.033483639580711e-07
7078,2023,116820,3.0155826379488713e-06,8.033483639580711e-07
7089,2023,116820,3.0155826379488713e-06,8.033483639580711e-07
7091,2023,116820,3.0155826379488713e-06,8.033483639580711e-07
7097,2023,116820,3.0155826379488713e-06,8.033483639580711e-07
7112,2023,116820,3.0155826379488713e-06,8.033483639580711e-07
7119,2023,116820,3.0155826379488713e-06,8.033483639580711e-07
7123,2023,116820,3.0155826379488713e-06,8.033483639580711e-07
7130,2023,116820,3.0155826379488713e-06,8.033483639580711e-07
7135,2023,116820,3.0155826379488713e-06,8.033483639580711e-07
7136,2023,116820,3.0155826379488713e-06,8.033483639580711e-07
7137,2023,116820,3.0155826379488713e-06,8.033483639580711e-07
7146,2023,116820,3.0155826379488713e-06,8.033483639580711e-07
7150,2023,116820,3.0155826379488713e-06,8.033483639580711e-07
7156,2023,116820,3.0155826379488713e-06,8.033483639580711e-07
7157,2023,116820,3.0155826379488713e-06,8.033483639580711e-07
7160,2023,116820,3.0155826379488713e-06,8.033483639580711e-07
7162,2023,116820,3.0155826379488713e-06,8.033483639580711e-07
7174,2023,116820,3.0155826379488713e-06,8.033483639580711e-07
7207,2023,116820,3.0155826379488713e-06,8.033483639580711e-07
7217,2023,116820,3.0155826379488713e-06,8.033483639580711e-07
7221,2023,116820,3.0155826379488713e-06,8.033483639580711e-07
7227,2023,116820,3.0155826379488713e-06,8.033483639580711e-07
7228,2023,116820,3.0155826379488713e-06,8.033483639580711e-07
7241,2023,116820,3.0155826379488713e-06,8.033483639580711e-07
7251,2023,116820,3.0155826379488713e-06,8.033483639580711e-07
7254,2023,116820,3.0155826379488713e-06,8.033483639580711e-07
7262,2023,116820,3.0155826379488713e-06,8.033483639580711e-07
7264,2023,116820,3.0155826379488713e-06,8.033483639580711e-07
7270,2023,116820,3.0155826379488713e-06,8.033483639580711e-07
7275,2023,116820,3.0155826379488713e-06,8.033483639580711e-07
7282,2023,116820,3.0155826379488713e-06,8.033483639580711e-07
7291,2023,116820,3.0155826379488713e-06,8.033483639580711e-07
7298,2023,116820,3.0155826379488713e-06,8.033483639580711e-07
7299,2023,116820,3.0155826379488713e-06,8.033483639580711e-07
7307,2023,116820,3.0155826379488713e-06,8.033483639580711e-07
7310,2023,116820,3.0155826379488713e-06,8.033483639580711e-07
7313,2023,116820,3.0155826379488713e-06,8.033483639580711e-07
7321,2023,116820,3.0155826379488713e-06,8.033483639580711e-07
7331,2023,116820,3.0155826379488713e-06,8.033483639580711e-07
7337,2023,116820,3.0155826379488713e-06,8.033483639580711e-07
7345,2023,116820,3.0155826379488713e-06,8.033483639580711e-07
7350,2023,116820,3.0155826379488713e-06,8.033483639580711e-07
7353,2023,116820,3.0155826379488713e-06,8.033483639580711e-07
7354,2023,116820,3.0155826379488713e-06,8.033483639580711e-07
7357,2023,116820,3.0155826379488713e-06,8.033483639580711e-07
7359,2023,116820,3.0155826379488713e-06,8.033483639580711e-07
7367,2023,116820,3.0155826379488713e-06,8.033483639580711e-07
7372,2023,116820,3.0155826379488713e-06,8.033483639580711e-07
7374,2023,116820,3.0155826379488713e-06,8.033483639580711e-07
7380,2023,116820,3.0155826379488713e-06,8.033483639580711e-07
7386,2023,116820,3.0155826379488713e-06,8.033483639580711e-07
7390,2023,116820,3.0155826379488713e-06,8.033483639580711e-07
7395,2023,116820,3.0155826379488713e-06,8.033483639580711e-07
7413,2023,116820,3.0155826379488713e-06,8.033483639580711e-07
7417,2023,116820,3.0155826379488713e-06,8.033483639580711e-07
7419,2023,116820,3.0155826379488713e-06,8.033483639580711e-07
7423,2023,116820,3.0155826379488713e-06,8.033483639580711e-07
7432,2023,116820,3.0155826379488713e-06,8.033483639580711e-07
7434,2023,116820,3.0155826379488713e-06,8.033483639580711e-07
7444,2023,116820,3.0155826379488713e-06,8.033483639580711e-07
7446,2023,116820,3.0155826379488713e-06,8.033483639580711e-07
7448,2023,116820,3.0155826379488713e-06,8.033483639580711e-07
7450,2023,116820,3.0155826379488713e-06,8.033483639580711e-07
7453,2023,116820,3.0155826379488713e-06,8.033483639580711e-07
7470,2023,116820,3.0155826379488713e-06,8.033483639580711e-07
7473,2023,116820,3.0155826379488713e-06,8.033483639580711e-07
7478,2023,116820,3.0155826379488713e-06,8.033483639580711e-07
7484,2023,116820,3.0155826379488713e-06,8.033483639580711e-07
7495,2023,116820,3.0155826379488713e-06,8.033483639580711e-07
7503,2023,116820,3.0155826379488713e-06,8.033483639580711e-07
7511,2023,116820,3.0155826379488713e-06,8.033483639580711e-07
7522,2023,116820,3.0155826379488713e-06,8.033483639580711e-07
7523,2023,116820,3.0155826379488713e-06,8.033483639580711e-07
7528,2023,116820,3.0155826379488713e-06,8.033483639580711e-07
7529,2023,116820,3.0155826379488713e-06,8.033483639580711e-07
7533,2023,116820,3.0155826379488713e-06,8.033483639580711e-07
7540,2023,116820,3.0155826379488713e-06,8.033483639580711e-07
7546,2023,116820,3.0155826379488713e-06,8.033483639580711e-07
7554,2023,116820,3.0155826379488713e-06,8.033483639580711e-07
7558,2023,116820,3.0155826379488713e-06,8.033483639580711e-07
7572,2023,116820,3.0155826379488713e-06,8.033483639580711e-07
7576,2023,116820,3.0155826379488713e-06,8.033483639580711e-07
7586,2023,116820,3.0155826379488713e-06,8.033483639580711e-07
7591,2023,116820,3.0155826379488713e-06,8.033483639580711e-07
7594,2023,116820,3.0155826379488713e-06,8.033483639580711e-07
7608,2023,116820,3.0155826379488713e-06,8.033483639580711e-07
7609,2023,116820,3.0155826379488713e-06,8.033483639580711e-07
7613,2023,116820,3.0155826379488713e-06,8.033483639580711e-07
7624,2023,116820,3.0155826379488713e-06,8.033483639580711e-07
7628,2023,116820,3.0155826379488713e-06,8.033483639580711e-07
7633,2023,116820,3.0155826379488713e-06,8.033483639580711e-07
7635,2023,116820,3.0155826379488713e-06,8.033483639580711e-07
7637,2023,116820,3.0155826379488713e-06,8.033483639580711e-07
7638,2023,116820,3.0155826379488713e-06,8.033483639580711e-07
7649,2023,116820,3.0155826379488713e-06,8.033483639580711e-07
7652,2023,116820,3.0155826379488713e-06,8.033483639580711e-07
7655,2023,116820,3.0155826379488713e-06,8.033483639580711e-07
7664,2023,116820,3.0155826379488713e-06,8.033483639580711e-07
7669,2023,116820,3.0155826379488713e-06,8.033483639580711e-07
7692,2023,116820,3.0155826379488713e-06,8.033483639580711e-07
7694,2023,116820,3.0155826379488713e-06,8.033483639580711e-07
7699,2023,116820,3.0155826379488713e-06,8.033483639580711e-07
7701,2023,116820,3.0155826379488713e-06,8.033483639580711e-07
7708,2023,116820,3.0155826379488713e-06,8.033483639580711e-07
7710,2023,116820,3.0155826379488713e-06,8.033483639580711e-07
7719,2023,116820,3.0155826379488713e-06,8.033483639580711e-07
7724,2023,116820,3.0155826379488713e-06,8.033483639580711e-07
7727,2023,116820,3.0155826379488713e-06,8.033483639580711e-07
7728,2023,116820,3.0155826379488713e-06,8.033483639580711e-07
7729,2023,116820,3.0155826379488713e-06,8.033483639580711e-07
7738,2023,116820,3.0155826379488713e-06,8.033483639580711e-07
7739,2023,116820,3.0155826379488713e-06,8.033483639580711e-07
7744,2023,116820,3.0155826379488713e-06,8.033483639580711e-07
7746,2023,116820,3.0155826379488713e-06,8.033483639580711e-07
7756,2023,116820,3.0155826379488713e-06,8.033483639580711e-07
7766,2023,116820,3.0155826379488713e-06,8.033483639580711e-07
7770,2023,116820,3.0155826379488713e-06,8.033483639580711e-07
7774,2023,116820,3.0155826379488713e-06,8.033483639580711e-07
7786,2023,116820,3.0155826379488713e-06,8.033483639580711e-07
7790,2023,116820,3.0155826379488713e-06,8.033483639580711e-07
7792,2023,116820,3.0155826379488713e-06,8.033483639580711e-07
7797,2023,116820,3.0155826379488713e-06,8.033483639580711e-07
7811,2023,116820,3.0155826379488713e-06,8.033483639580711e-07
7812,2023,116820,3.0155826379488713e-06,8.033483639580711e-07
7814,2023,116820,3.0155826379488713e-06,8.033483639580711e-07
7818,2023,116820,3.0155826379488713e-06,8.033483639580711e-07
7835,2023,116820,3.0155826379488713e-06,8.033483639580711e-07
7837,2023,116820,3.0155826379488713e-06,8.033483639580711e-07
7848,2023,116820,3.0155826379488713e-06,8.033483639580711e-07
7850,2023,116820,3.0155826379488713e-06,8.033483639580711e-07
7851,2023,116820,3.0155826379488713e-06,8.033483639580711e-07
7859,2023,116820,3.0155826379488713e-06,8.033483639580711e-07
7864,2023,116820,3.0155826379488713e-06,8.033483639580711e-07
7874,2023,116820,3.0155826379488713e-06,8.033483639580711e-07
7878,2023,116820,3.0155826379488713e-06,8.033483639580711e-07
7880,2023,116820,3.0155826379488713e-06,8.033483639580711e-07
7882,2023,116820,3.0155826379488713e-06,8.033483639580711e-07
7885,2023,116820,3.0155826379488713e-06,8.033483639580711e-07
7889,2023,116820,3.0155826379488713e-06,8.033483639580711e-07
7890,2023,116820,3.0155826379488713e-06,8.033483639580711e-07
7894,2023,116820,3.0155826379488713e-06,8.033483639580711e-07
7914,2023,116820,3.0155826379488713e-06,8.033483639580711e-07
7922,2023,116820,3.0155826379488713e-06,8.033483639580711e-07
7936,2023,116820,3.0155826379488713e-06,8.033483639580711e-07
2763,2023,116832,3.0155826379488713e-06,8.034308856184674e-07
2797,2023,116808,3.0155826379488713e-06,8.032658422976748e-07
2802,2023,116832,3.0155826379488713e-06,8.034308856184674e-07
2803,2023,116828,3.0155826379488713e-06,8.034033783983353e-07
2826,2023,116808,3.0155826379488713e-06,8.032658422976748e-07
2878,2023,116828,3.0155826379488713e-06,8.034033783983353e-07
2921,2023,116808,3.0155826379488713e-06,8.032658422976748e-07
2927,2023,116808,3.0155826379488713e-06,8.032658422976748e-07
2929,2023,116808,3.0155826379488713e-06,8.032658422976748e-07
2932,2023,116808,3.0155826379488713e-06,8.032658422976748e-07
2933,2023,116808,3.0155826379488713e-06,8.032658422976748e-07
2947,2023,116812,3.0155826379488713e-06,8.032933495178069e-07
2953,2023,116808,3.0155826379488713e-06,8.032658422976748e-07
2966,2023,116808,3.0155826379488713e-06,8.032658422976748e-07
2975,2023,116808,3.0155826379488713e-06,8.032658422976748e-07
2984,2023,116808,3.0155826379488713e-06,8.032658422976748e-07
2985,2023,116808,3.0155826379488713e-06,8.032658422976748e-07
2987,2023,116808,3.0155826379488713e-06,8.032658422976748e-07
2989,2023,116808,3.0155826379488713e-06,8.032658422976748e-07
2994,2023,116808,3.0155826379488713e-06,8.032658422976748e-07
3004,2023,116808,3.0155826379488713e-06,8.032658422976748e-07
3009,2023,116808,3.0155826379488713e-06,8.032658422976748e-07
3023,2023,116808,3.0155826379488713e-06,8.032658422976748e-07
3033,2023,116808,3.0155826379488713e-06,8.032658422976748e-07
3037,2023,116808,3.0155826379488713e-06,8.032658422976748e-07
3039,2023,116808,3.0155826379488713e-06,8.032658422976748e-07
3051,2023,116808,3.0155826379488713e-06,8.032658422976748e-07
3074,2023,116808,3.0155826379488713e-06,8.032658422976748e-07
3090,2023,116808,3.0155826379488713e-06,8.032658422976748e-07
3096,2023,116808,3.0155826379488713e-06,8.032658422976748e-07
3101,2023,116808,3.0155826379488713e-06,8.032658422976748e-07
3117,2023,116808,3.0155826379488713e-06,8.032658422976748e-07
3121,2023,116808,3.0155826379488713e-06,8.032658422976748e-07
3122,2023,116808,3.0155826379488713e-06,8.032658422976748e-07
3123,2023,116808,3.0155826379488713e-06,8.032658422976748e-07
3129,2023,116808,3.0155826379488713e-06,8.032658422976748e-07
3131,2023,116808,3.0155826379488713e-06,8.032658422976748e-07
3141,2023,116808,3.0155826379488713e-06,8.032658422976748e-07
3142,2023,116808,3.0155826379488713e-06,8.032658422976748e-07
3143,2023,116808,3.0155826379488713e-06,8.032658422976748e-07
3144,2023,116808,3.0155826379488713e-06,8.032658422976748e-07
3155,2023,116808,3.0155826379488713e-06,8.032658422976748e-07
3156,2023,116808,3.0155826379488713e-06,8.032658422976748e-07
3159,2023,116808,3.0155826379488713e-06,8.032658422976748e-07
3160,2023,116808,3.0155826379488713e-06,8.032658422976748e-07
3161,2023,116808,3.0155826379488713e-06,8.032658422976748e-07
3167,2023,116808,3.0155826379488713e-06,8.032658422976748e-07
3169,2023,116808,3.0155826379488713e-06,8.032658422976748e-07
3173,2023,116808,3.0155826379488713e-06,8.032658422976748e-07
3180,2023,116808,3.0155826379488713e-06,8.032658422976748e-07
3182,2023,116808,3.0155826379488713e-06,8.032658422976748e-07
3183,2023,116808,3.0155826379488713e-06,8.032658422976748e-07
3184,2023,116808,3.0155826379488713e-06,8.032658422976748e-07
3188,2023,116808,3.0155826379488713e-06,8.032658422976748e-07
3191,2023,116808,3.0155826379488713e-06,8.032658422976748e-07
3203,2023,116808,3.0155826379488713e-06,8.032658422976748e-07
3212,2023,116808,3.0155826379488713e-06,8.032658422976748e-07
3220,2023,116808,3.0155826379488713e-06,8.032658422976748e-07
3233,2023,116808,3.0155826379488713e-06,8.032658422976748e-07
3236,2023,116808,3.0155826379488713e-06,8.032658422976748e-07
3243,2023,116808,3.0155826379488713e-06,8.032658422976748e-07
3244,2023,116808,3.0155826379488713e-06,8.032658422976748e-07
3247,2023,116808,3.0155826379488713e-06,8.032658422976748e-07
3250,2023,116808,3.0155826379488713e-06,8.032658422976748e-07
3255,2023,116808,3.0155826379488713e-06,8.032658422976748e-07
3291,2023,116808,3.0155826379488713e-06,8.032658422976748e-07
3311,2023,116808,3.0155826379488713e-06,8.032658422976748e-07
3314,2023,116808,3.0155826379488713e-06,8.032658422976748e-07
3330,2023,116808,3.0155826379488713e-06,8.032658422976748e-07
3341,2023,116808,3.0155826379488713e-06,8.032658422976748e-07
3342,2023,116808,3.0155826379488713e-06,8.032658422976748e-07
3349,2023,116808,3.0155826379488713e-06,8.032658422976748e-07
3353,2023,116808,3.0155826379488713e-06,8.032658422976748e-07
3357,2023,116808,3.0155826379488713e-06,8.032658422976748e-07
3358,2023,116808,3.0155826379488713e-06,8.032658422976748e-07
3365,2023,116808,3.0155826379488713e-06,8.032658422976748e-07
3373,2023,116808,3.0155826379488713e-06,8.032658422976748e-07
3386,2023,116808,3.0155826379488713e-06,8.032658422976748e-07
3391,2023,116808,3.0155826379488713e-06,8.032658422976748e-07
3395,2023,116808,3.0155826379488713e-06,8.032658422976748e-07
3400,2023,116808,3.0155826379488713e-06,8.032658422976748e-07
3401,2023,116808,3.0155826379488713e-06,8.032658422976748e-07
3410,2023,116808,3.0155826379488713e-06,8.032658422976748e-07
3411,2023,116808,3.0155826379488713e-06,8.032658422976748e-07
3412,2023,116808,3.0155826379488713e-06,8.032658422976748e-07
3416,2023,116808,3.0155826379488713e-06,8.032658422976748e-07
3423,2023,116808,3.0155826379488713e-06,8.032658422976748e-07
3443,2023,116808,3.0155826379488713e-06,8.032658422976748e-07
3446,2023,116808,3.0155826379488713e-06,8.032658422976748e-07
3450,2023,116808,3.0155826379488713e-06,8.032658422976748e-07
3451,2023,116808,3.0155826379488713e-06,8.032658422976748e-07
3453,2023,116808,3.0155826379488713e-06,8.032658422976748e-07
3459,2023,116808,3.0155826379488713e-06,8.032658422976748e-07
3460,2023,116808,3.0155826379488713e-06,8.032658422976748e-07
3463,2023,116808,3.0155826379488713e-06,8.032658422976748e-07
3464,2023,116808,3.0155826379488713e-06,8.032658422976748e-07
3474,2023,116808,3.0155826379488713e-06,8.032658422976748e-07
3479,2023,116808,3.0155826379488713e-06,8.032658422976748e-07
3487,2023,116808,3.0155826379488713e-06,8.032658422976748e-07
3489,2023,116808,3.0155826379488713e-06,8.032658422976748e-07
3511,2023,116808,3.0155826379488713e-06,8.032658422976748e-07
3514,2023,116808,3.0155826379488713e-06,8.032658422976748e-07
3525,2023,116808,3.0155826379488713e-06,8.032658422976748e-07
3528,2023,116808,3.0155826379488713e-06,8.032658422976748e-07
3534,2023,116808,3.0155826379488713e-06,8.032658422976748e-07
3535,2023,116808,3.0155826379488713e-06,8.032658422976748e-07
3549,2023,116808,3.0155826379488713e-06,8.032658422976748e-07
3560,2023,116808,3.0155826379488713e-06,8.032658422976748e-07
3572,2023,116808,3.0155826379488713e-06,8.032658422976748e-07
3585,2023,116808,3.0155826379488713e-06,8.032658422976748e-07
3594,2023,116808,3.0155826379488713e-06,8.032658422976748e-07
3597,2023,116808,3.0155826379488713e-06,8.032658422976748e-07
3600,2023,116808,3.0155826379488713e-06,8.032658422976748e-07
3601,2023,116808,3.0155826379488713e-06,8.032658422976748e-07
3603,2023,116808,3.0155826379488713e-06,8.032658422976748e-07
3607,2023,116808,3.0155826379488713e-06,8.032658422976748e-07
3608,2023,116808,3.0155826379488713e-06,8.032658422976748e-07
3610,2023,116808,3.0155826379488713e-06,8.032658422976748e-07
3611,2023,116808,3.0155826379488713e-06,8.032658422976748e-07
3627,2023,116808,3.0155826379488713e-06,8.032658422976748e-07
3629,2023,116808,3.0155826379488713e-06,8.032658422976748e-07
3638,2023,116808,3.0155826379488713e-06,8.032658422976748e-07
3642,2023,116808,3.0155826379488713e-06,8.032658422976748e-07
3647,2023,116808,3.0155826379488713e-06,8.032658422976748e-07
3652,2023,116808,3.0155826379488713e-06,8.032658422976748e-07
3654,2023,116808,3.0155826379488713e-06,8.032658422976748e-07
3656,2023,116808,3.0155826379488713e-06,8.032658422976748e-07
3672,2023,116808,3.0155826379488713e-06,8.032658422976748e-07
3677,2023,116808,3.0155826379488713e-06,8.032658422976748e-07
3680,2023,116808,3.0155826379488713e-06,8.032658422976748e-07
3682,2023,116808,3.0155826379488713e-06,8.032658422976748e-07
3687,2023,116808,3.0155826379488713e-06,8.032658422976748e-07
3698,2023,116808,3.0155826379488713e-06,8.032658422976748e-07
3707,2023,116808,3.0155826379488713e-06,8.032658422976748e-07
3716,2023,116808,3.0155826379488713e-06,8.032658422976748e-07
3719,2023,116808,3.0155826379488713e-06,8.032658422976748e-07
3722,2023,116808,3.0155826379488713e-06,8.032658422976748e-07
3739,2023,116808,3.0155826379488713e-06,8.032658422976748e-07
3747,2023,116808,3.0155826379488713e-06,8.032658422976748e-07
3756,2023,116808,3.0155826379488713e-06,8.032658422976748e-07
3757,2023,116808,3.0155826379488713e-06,8.032658422976748e-07
3761,2023,116808,3.0155826379488713e-06,8.032658422976748e-07
3764,2023,116808,3.0155826379488713e-06,8.032658422976748e-07
3765,2023,116808,3.0155826379488713e-06,8.032658422976748e-07
3774,2023,116808,3.0155826379488713e-06,8.032658422976748e-07
3778,2023,116808,3.0155826379488713e-06,8.032658422976748e-07
3782,2023,116808,3.0155826379488713e-06,8.032658422976748e-07
3787,2023,116808,3.0155826379488713e-06,8.032658422976748e-07
3792,2023,116808,3.0155826379488713e-06,8.032658422976748e-07
3793,2023,116808,3.0155826379488713e-06,8.032658422976748e-07
3802,2023,116808,3.0155826379488713e-06,8.032658422976748e-07
3803,2023,116808,3.0155826379488713e-06,8.032658422976748e-07
3815,2023,116808,3.0155826379488713e-06,8.032658422976748e-07
3820,2023,116808,3.0155826379488713e-06,8.032658422976748e-07
3839,2023,116808,3.0155826379488713e-06,8.032658422976748e-07
3840,2023,116808,3.0155826379488713e-06,8.032658422976748e-07
3843,2023,116808,3.0155826379488713e-06,8.032658422976748e-07
3844,2023,116808,3.0155826379488713e-06,8.032658422976748e-07
3849,2023,116808,3.0155826379488713e-06,8.032658422976748e-07
3852,2023,116808,3.0155826379488713e-06,8.032658422976748e-07
3853,2023,116808,3.0155826379488713e-06,8.032658422976748e-07
3854,2023,116808,3.0155826379488713e-06,8.032658422976748e-07
3855,2023,116808,3.0155826379488713e-06,8.032658422976748e-07
3857,2023,116808,3.0155826379488713e-06,8.032658422976748e-07
3864,2023,116808,3.0155826379488713e-06,8.032658422976748e-07
3873,2023,116808,3.0155826379488713e-06,8.032658422976748e-07
3874,2023,116808,3.0155826379488713e-06,8.032658422976748e-07
3881,2023,116808,3.0155826379488713e-06,8.032658422976748e-07
3882,2023,116808,3.0155826379488713e-06,8.032658422976748e-07
3887,2023,116808,3.0155826379488713e-06,8.032658422976748e-07
3890,2023,116808,3.0155826379488713e-06,8.032658422976748e-07
3891,2023,116808,3.0155826379488713e-06,8.032658422976748e-07
3897,2023,116808,3.0155826379488713e-06,8.032658422976748e-07
3898,2023,116808,3.0155826379488713e-06,8.032658422976748e-07
3919,2023,116808,3.0155826379488713e-06,8.032658422976748e-07
3923,2023,116808,3.0155826379488713e-06,8.032658422976748e-07
3934,2023,116808,3.0155826379488713e-06,8.032658422976748e-07
3948,2023,116808,3.0155826379488713e-06,8.032658422976748e-07
3954,2023,116808,3.0155826379488713e-06,8.032658422976748e-07
3957,2023,116808,3.0155826379488713e-06,8.032658422976748e-07
3961,2023,116808,3.0155826379488713e-06,8.032658422976748e-07
3975,2023,116808,3.0155826379488713e-06,8.032658422976748e-07
3979,2023,116808,3.0155826379488713e-06,8.032658422976748e-07
4010,2023,116808,3.0155826379488713e-06,8.032658422976748e-07
4015,2023,116808,3.0155826379488713e-06,8.032658422976748e-07
4043,2023,116808,3.0155826379488713e-06,8.032658422976748e-07
4047,2023,116808,3.0155826379488713e-06,8.032658422976748e-07
4048,2023,116808,3.0155826379488713e-06,8.032658422976748e-07
4056,2023,116808,3.0155826379488713e-06,8.032658422976748e-07
4058,2023,116808,3.0155826379488713e-06,8.032658422976748e-07
4061,2023,116808,3.0155826379488713e-06,8.032658422976748e-07
4065,2023,116808,3.0155826379488713e-06,8.032658422976748e-07
4068,2023,116808,3.0155826379488713e-06,8.032658422976748e-07
4069,2023,116808,3.0155826379488713e-06,8.032658422976748e-07
4074,2023,116808,3.0155826379488713e-06,8.032658422976748e-07
4075,2023,116808,3.0155826379488713e-06,8.032658422976748e-07
4076,2023,116808,3.0155826379488713e-06,8.032658422976748e-07
4080,2023,116808,3.0155826379488713e-06,8.032658422976748e-07
4082,2023,116808,3.0155826379488713e-06,8.032658422976748e-07
4084,2023,116808,3.0155826379488713e-06,8.032658422976748e-07
4091,2023,116808,3.0155826379488713e-06,8.032658422976748e-07
4098,2023,116808,3.0155826379488713e-06,8.032658422976748e-07
4105,2023,116808,3.0155826379488713e-06,8.032658422976748e-07
4112,2023,116808,3.0155826379488713e-06,8.032658422976748e-07
4114,2023,116808,3.0155826379488713e-06,8.032658422976748e-07
4119,2023,116808,3.0155826379488713e-06,8.032658422976748e-07
4121,2023,116808,3.0155826379488713e-06,8.032658422976748e-07
4122,2023,116808,3.0155826379488713e-06,8.032658422976748e-07
4127,2023,116808,3.0155826379488713e-06,8.032658422976748e-07
4133,2023,116808,3.0155826379488713e-06,8.032658422976748e-07
4148,2023,116808,3.0155826379488713e-06,8.032658422976748e-07
4151,2023,116808,3.0155826379488713e-06,8.032658422976748e-07
4152,2023,116808,3.0155826379488713e-06,8.032658422976748e-07
4154,2023,116808,3.0155826379488713e-06,8.032658422976748e-07
4161,2023,116808,3.0155826379488713e-06,8.032658422976748e-07
4162,2023,116808,3.0155826379488713e-06,8.032658422976748e-07
4167,2023,116808,3.0155826379488713e-06,8.032658422976748e-07
4171,2023,116808,3.0155826379488713e-06,8.032658422976748e-07
4172,2023,116808,3.0155826379488713e-06,8.032658422976748e-07
4175,2023,116808,3.0155826379488713e-06,8.032658422976748e-07
4179,2023,116808,3.0155826379488713e-06,8.032658422976748e-07
4184,2023,116808,3.0155826379488713e-06,8.032658422976748e-07
4185,2023,116808,3.0155826379488713e-06,8.032658422976748e-07
4192,2023,116808,3.0155826379488713e-06,8.032658422976748e-07
4197,2023,116808,3.0155826379488713e-06,8.032658422976748e-07
4206,2023,116808,3.0155826379488713e-06,8.032658422976748e-07
4207,2023,116808,3.0155826379488713e-06,8.032658422976748e-07
4209,2023,116808,3.0155826379488713e-06,8.032658422976748e-07
4221,2023,116808,3.0155826379488713e-06,8.032658422976748e-07
4228,2023,116808,3.0155826379488713e-06,8.032658422976748e-07
4237,2023,116808,3.0155826379488713e-06,8.032658422976748e-07
4241,2023,116808,3.0155826379488713e-06,8.032658422976748e-07
4247,2023,116808,3.0155826379488713e-06,8.032658422976748e-07
4248,2023,116808,3.0155826379488713e-06,8.032658422976748e-07
4260,2023,116808,3.0155826379488713e-06,8.032658422976748e-07
4265,2023,116808,3.0155826379488713e-06,8.032658422976748e-07
4287,2023,116808,3.0155826379488713e-06,8.032658422976748e-07
4289,2023,116808,3.0155826379488713e-06,8.032658422976748e-07
4299,2023,116808,3.0155826379488713e-06,8.032658422976748e-07
4300,2023,116808,3.0155826379488713e-06,8.032658422976748e-07
4305,2023,116808,3.0155826379488713e-06,8.032658422976748e-07
4308,2023,116808,3.0155826379488713e-06,8.032658422976748e-07
4311,2023,116808,3.0155826379488713e-06,8.032658422976748e-07
4327,2023,116808,3.0155826379488713e-06,8.032658422976748e-07
4331,2023,116808,3.0155826379488713e-06,8.032658422976748e-07
4336,2023,116808,3.0155826379488713e-06,8.032658422976748e-07
4351,2023,116808,3.0155826379488713e-06,8.032658422976748e-07
4356,2023,116808,3.0155826379488713e-06,8.032658422976748e-07
4357,2023,116808,3.0155826379488713e-06,8.032658422976748e-07
4362,2023,116808,3.0155826379488713e-06,8.032658422976748e-07
4365,2023,116808,3.0155826379488713e-06,8.032658422976748e-07
4372,2023,116808,3.0155826379488713e-06,8.032658422976748e-07
4377,2023,116808,3.0155826379488713e-06,8.032658422976748e-07
4387,2023,116808,3.0155826379488713e-06,8.032658422976748e-07
4392,2023,116808,3.0155826379488713e-06,8.032658422976748e-07
4393,2023,116808,3.0155826379488713e-06,8.032658422976748e-07
4410,2023,116808,3.0155826379488713e-06,8.032658422976748e-07
4419,2023,116808,3.0155826379488713e-06,8.032658422976748e-07
4424,2023,116808,3.0155826379488713e-06,8.032658422976748e-07
4437,2023,116808,3.0155826379488713e-06,8.032658422976748e-07
4439,2023,116808,3.0155826379488713e-06,8.032658422976748e-07
4447,2023,116808,3.0155826379488713e-06,8.032658422976748e-07
4453,2023,116808,3.0155826379488713e-06,8.032658422976748e-07
4456,2023,116808,3.0155826379488713e-06,8.032658422976748e-07
4479,2023,116808,3.0155826379488713e-06,8.032658422976748e-07
4484,2023,116808,3.0155826379488713e-06,8.032658422976748e-07
4497,2023,116808,3.0155826379488713e-06,8.032658422976748e-07
4500,2023,116808,3.0155826379488713e-06,8.032658422976748e-07
4502,2023,116808,3.0155826379488713e-06,8.032658422976748e-07
4505,2023,116808,3.0155826379488713e-06,8.032658422976748e-07
4506,2023,116808,3.0155826379488713e-06,8.032658422976748e-07
4507,2023,116808,3.0155826379488713e-06,8.032658422976748e-07
4533,2023,116808,3.0155826379488713e-06,8.032658422976748e-07
4534,2023,116808,3.0155826379488713e-06,8.032658422976748e-07
4538,2023,116808,3.0155826379488713e-06,8.032658422976748e-07
4539,2023,116808,3.0155826379488713e-06,8.032658422976748e-07
4540,2023,116808,3.0155826379488713e-06,8.032658422976748e-07
4544,2023,116808,3.0155826379488713e-06,8.032658422976748e-07
4556,2023,116808,3.0155826379488713e-06,8.032658422976748e-07
4558,2023,116808,3.0155826379488713e-06,8.032658422976748e-07
4573,2023,116808,3.0155826379488713e-06,8.032658422976748e-07
4575,2023,116808,3.0155826379488713e-06,8.032658422976748e-07
4581,2023,116808,3.0155826379488713e-06,8.032658422976748e-07
4582,2023,116808,3.0155826379488713e-06,8.032658422976748e-07
4584,2023,116808,3.0155826379488713e-06,8.032658422976748e-07
4588,2023,116808,3.0155826379488713e-06,8.032658422976748e-07
4592,2023,116808,3.0155826379488713e-06,8.032658422976748e-07
4594,2023,116808,3.0155826379488713e-06,8.032658422976748e-07
4598,2023,116808,3.0155826379488713e-06,8.032658422976748e-07
4606,2023,116808,3.0155826379488713e-06,8.032658422976748e-07
4610,2023,116808,3.0155826379488713e-06,8.032658422976748e-07
4612,2023,116808,3.0155826379488713e-06,8.032658422976748e-07
4616,2023,116808,3.0155826379488713e-06,8.032658422976748e-07
4628,2023,116808,3.0155826379488713e-06,8.032658422976748e-07
4629,2023,116808,3.0155826379488713e-06,8.032658422976748e-07
4636,2023,116808,3.0155826379488713e-06,8.032658422976748e-07
4639,2023,116808,3.0155826379488713e-06,8.032658422976748e-07
4653,2023,116808,3.0155826379488713e-06,8.032658422976748e-07
4657,2023,116808,3.0155826379488713e-06,8.032658422976748e-07
4667,2023,116808,3.0155826379488713e-06,8.032658422976748e-07
4670,2023,116808,3.0155826379488713e-06,8.032658422976748e-07
4685,2023,116808,3.0155826379488713e-06,8.032658422976748e-07
4693,2023,116808,3.0155826379488713e-06,8.032658422976748e-07
4704,2023,116808,3.0155826379488713e-06,8.032658422976748e-07
4710,2023,116808,3.0155826379488713e-06,8.032658422976748e-07
4712,2023,116808,3.0155826379488713e-06,8.032658422976748e-07
4726,2023,116808,3.0155826379488713e-06,8.032658422976748e-07
4737,2023,116808,3.0155826379488713e-06,8.032658422976748e-07
4740,2023,116808,3.0155826379488713e-06,8.032658422976748e-07
4752,2023,116808,3.0155826379488713e-06,8.032658422976748e-07
4766,2023,116808,3.0155826379488713e-06,8.032658422976748e-07
4774,2023,116808,3.0155826379488713e-06,8.032658422976748e-07
4778,2023,116808,3.0155826379488713e-06,8.032658422976748e-07
4781,2023,116808,3.0155826379488713e-06,8.032658422976748e-07
4784,2023,116808,3.0155826379488713e-06,8.032658422976748e-07
4787,2023,116808,3.0155826379488713e-06,8.032658422976748e-07
4789,2023,116808,3.0155826379488713e-06,8.032658422976748e-07
4790,2023,116808,3.0155826379488713e-06,8.032658422976748e-07
4791,2023,116808,3.0155826379488713e-06,8.032658422976748e-07
4802,2023,116808,3.0155826379488713e-06,8.032658422976748e-07
4803,2023,116808,3.0155826379488713e-06,8.032658422976748e-07
4811,2023,116808,3.0155826379488713e-06,8.032658422976748e-07
4817,2023,116808,3.0155826379488713e-06,8.032658422976748e-07
4818,2023,116808,3.0155826379488713e-06,8.032658422976748e-07
4822,2023,116808,3.0155826379488713e-06,8.032658422976748e-07
4824,2023,116808,3.0155826379488713e-06,8.032658422976748e-07
4827,2023,116808,3.0155826379488713e-06,8.032658422976748e-07
4829,2023,116808,3.0155826379488713e-06,8.032658422976748e-07
4831,2023,116808,3.0155826379488713e-06,8.032658422976748e-07
4833,2023,116808,3.0155826379488713e-06,8.032658422976748e-07
4838,2023,116808,3.0155826379488713e-06,8.032658422976748e-07
4839,2023,116808,3.0155826379488713e-06,8.032658422976748e-07
4840,2023,116808,3.0155826379488713e-06,8.032658422976748e-07
4850,2023,116808,3.0155826379488713e-06,8.032658422976748e-07
4865,2023,116808,3.0155826379488713e-06,8.032658422976748e-07
4870,2023,116808,3.0155826379488713e-06,8.032658422976748e-07
4872,2023,116808,3.0155826379488713e-06,8.032658422976748e-07
4885,2023,116808,3.0155826379488713e-06,8.032658422976748e-07
4889,2023,116808,3.0155826379488713e-06,8.032658422976748e-07
4891,2023,116808,3.0155826379488713e-06,8.032658422976748e-07
4892,2023,116808,3.0155826379488713e-06,8.032658422976748e-07
4896,2023,116808,3.0155826379488713e-06,8.032658422976748e-07
4897,2023,116808,3.0155826379488713e-06,8.032658422976748e-07
4901,2023,116808,3.0155826379488713e-06,8.032658422976748e-07
4908,2023,116808,3.0155826379488713e-06,8.032658422976748e-07
4911,2023,116808,3.0155826379488713e-06,8.032658422976748e-07
4913,2023,116808,3.0155826379488713e-06,8.032658422976748e-07
4920,2023,116808,3.0155826379488713e-06,8.032658422976748e-07
4927,2023,116808,3.0155826379488713e-06,8.032658422976748e-07
4934,2023,116808,3.0155826379488713e-06,8.032658422976748e-07
4935,2023,116808,3.0155826379488713e-06,8.032658422976748e-07
4936,2023,116808,3.0155826379488713e-06,8.032658422976748e-07
4938,2023,116808,3.0155826379488713e-06,8.032658422976748e-07
4940,2023,116808,3.0155826379488713e-06,8.032658422976748e-07
4941,2023,116808,3.0155826379488713e-06,8.032658422976748e-07
4952,2023,116808,3.0155826379488713e-06,8.032658422976748e-07
4953,2023,116808,3.0155826379488713e-06,8.032658422976748e-07
4955,2023,116808,3.0155826379488713e-06,8.032658422976748e-07
4964,2023,116808,3.0155826379488713e-06,8.032658422976748e-07
4966,2023,116808,3.0155826379488713e-06,8.032658422976748e-07
4979,2023,116808,3.0155826379488713e-06,8.032658422976748e-07
4989,2023,116808,3.0155826379488713e-06,8.032658422976748e-07
4993,2023,116808,3.0155826379488713e-06,8.032658422976748e-07
4996,2023,116808,3.0155826379488713e-06,8.032658422976748e-07
5012,2023,116808,3.0155826379488713e-06,8.032658422976748e-07
5016,2023,116808,3.0155826379488713e-06,8.032658422976748e-07
5019,2023,116808,3.0155826379488713e-06,8.032658422976748e-07
5023,2023,116808,3.0155826379488713e-06,8.032658422976748e-07
5027,2023,116808,3.0155826379488713e-06,8.032658422976748e-07
5028,2023,116808,3.0155826379488713e-06,8.032658422976748e-07
5034,2023,116808,3.0155826379488713e-06,8.032658422976748e-07
5035,2023,116808,3.0155826379488713e-06,8.032658422976748e-07
5045,2023,116808,3.0155826379488713e-06,8.032658422976748e-07
5047,2023,116808,3.0155826379488713e-06,8.032658422976748e-07
5055,2023,116808,3.0155826379488713e-06,8.032658422976748e-07
5063,2023,116808,3.0155826379488713e-06,8.032658422976748e-07
5069,2023,116808,3.0155826379488713e-06,8.032658422976748e-07
5074,2023,116808,3.0155826379488713e-06,8.032658422976748e-07
5077,2023,116808,3.0155826379488713e-06,8.032658422976748e-07
5083,2023,116808,3.0155826379488713e-06,8.032658422976748e-07
5092,2023,116808,3.0155826379488713e-06,8.032658422976748e-07
5096,2023,116808,3.0155826379488713e-06,8.032658422976748e-07
5103,2023,116808,3.0155826379488713e-06,8.032658422976748e-07
5107,2023,116808,3.0155826379488713e-06,8.032658422976748e-07
5108,2023,116808,3.0155826379488713e-06,8.032658422976748e-07
5110,2023,116808,3.0155826379488713e-06,8.032658422976748e-07
5117,2023,116808,3.0155826379488713e-06,8.032658422976748e-07
5125,2023,116808,3.0155826379488713e-06,8.032658422976748e-07
5129,2023,116808,3.0155826379488713e-06,8.032658422976748e-07
5131,2023,116808,3.0155826379488713e-06,8.032658422976748e-07
5133,2023,116808,3.0155826379488713e-06,8.032658422976748e-07
5134,2023,116808,3.0155826379488713e-06,8.032658422976748e-07
5136,2023,116808,3.0155826379488713e-06,8.032658422976748e-07
5138,2023,116808,3.0155826379488713e-06,8.032658422976748e-07
5142,2023,116808,3.0155826379488713e-06,8.032658422976748e-07
5143,2023,116808,3.0155826379488713e-06,8.032658422976748e-07
5153,2023,116808,3.0155826379488713e-06,8.032658422976748e-07
5155,2023,116808,3.0155826379488713e-06,8.032658422976748e-07
5159,2023,116808,3.0155826379488713e-06,8.032658422976748e-07
5165,2023,116808,3.0155826379488713e-06,8.032658422976748e-07
5168,2023,116808,3.0155826379488713e-06,8.032658422976748e-07
5170,2023,116808,3.0155826379488713e-06,8.032658422976748e-07
5177,2023,116808,3.0155826379488713e-06,8.032658422976748e-07
5179,2023,116808,3.0155826379488713e-06,8.032658422976748e-07
5188,2023,116808,3.0155826379488713e-06,8.032658422976748e-07
5207,2023,116808,3.0155826379488713e-06,8.032658422976748e-07
5210,2023,116808,3.0155826379488713e-06,8.032658422976748e-07
5213,2023,116808,3.0155826379488713e-06,8.032658422976748e-07
5215,2023,116808,3.0155826379488713e-06,8.032658422976748e-07
5217,2023,116808,3.0155826379488713e-06,8.032658422976748e-07
5218,2023,116808,3.0155826379488713e-06,8.032658422976748e-07
5233,2023,116808,3.0155826379488713e-06,8.032658422976748e-07
5236,2023,116808,3.0155826379488713e-06,8.032658422976748e-07
5237,2023,116808,3.0155826379488713e-06,8.032658422976748e-07
5244,2023,116808,3.0155826379488713e-06,8.032658422976748e-07
5245,2023,116808,3.0155826379488713e-06,8.032658422976748e-07
5254,2023,116808,3.0155826379488713e-06,8.032658422976748e-07
5260,2023,116808,3.0155826379488713e-06,8.032658422976748e-07
5264,2023,116808,3.0155826379488713e-06,8.032658422976748e-07
5265,2023,116808,3.0155826379488713e-06,8.032658422976748e-07
5271,2023,116808,3.0155826379488713e-06,8.032658422976748e-07
5275,2023,116808,3.0155826379488713e-06,8.032658422976748e-07
5276,2023,116808,3.0155826379488713e-06,8.032658422976748e-07
5278,2023,116808,3.0155826379488713e-06,8.032658422976748e-07
5281,2023,116808,3.0155826379488713e-06,8.032658422976748e-07
5283,2023,116808,3.0155826379488713e-06,8.032658422976748e-07
5295,2023,116808,3.0155826379488713e-06,8.032658422976748e-07
5296,2023,116808,3.0155826379488713e-06,8.032658422976748e-07
5299,2023,116808,3.0155826379488713e-06,8.032658422976748e-07
5302,2023,116808,3.0155826379488713e-06,8.032658422976748e-07
5303,2023,116808,3.0155826379488713e-06,8.032658422976748e-07
5309,2023,116808,3.0155826379488713e-06,8.032658422976748e-07
5310,2023,116808,3.0155826379488713e-06,8.032658422976748e-07
5313,2023,116808,3.0155826379488713e-06,8.032658422976748e-07
5317,2023,116808,3.0155826379488713e-06,8.032658422976748e-07
5319,2023,116808,3.0155826379488713e-06,8.032658422976748e-07
5325,2023,116808,3.0155826379488713e-06,8.032658422976748e-07
5331,2023,116808,3.0155826379488713e-06,8.032658422976748e-07
5334,2023,116808,3.0155826379488713e-06,8.032658422976748e-07
5343,2023,116808,3.0155826379488713e-06,8.032658422976748e-07
5346,2023,116808,3.0155826379488713e-06,8.032658422976748e-07
5359,2023,116808,3.0155826379488713e-06,8.032658422976748e-07
5361,2023,116808,3.0155826379488713e-06,8.032658422976748e-07
5366,2023,116808,3.0155826379488713e-06,8.032658422976748e-07
5375,2023,116808,3.0155826379488713e-06,8.032658422976748e-07
5383,2023,116808,3.0155826379488713e-06,8.032658422976748e-07
5388,2023,116808,3.0155826379488713e-06,8.032658422976748e-07
5394,2023,116808,3.0155826379488713e-06,8.032658422976748e-07
5401,2023,116808,3.0155826379488713e-06,8.032658422976748e-07
5413,2023,116808,3.0155826379488713e-06,8.032658422976748e-07
5420,2023,116808,3.0155826379488713e-06,8.032658422976748e-07
5423,2023,116808,3.0155826379488713e-06,8.032658422976748e-07
5428,2023,116808,3.0155826379488713e-06,8.032658422976748e-07
5438,2023,116808,3.0155826379488713e-06,8.032658422976748e-07
5442,2023,116808,3.0155826379488713e-06,8.032658422976748e-07
5444,2023,116808,3.0155826379488713e-06,8.032658422976748e-07
5446,2023,116808,3.0155826379488713e-06,8.032658422976748e-07
5452,2023,116808,3.0155826379488713e-06,8.032658422976748e-07
5466,2023,116808,3.0155826379488713e-06,8.032658422976748e-07
5467,2023,116808,3.0155826379488713e-06,8.032658422976748e-07
5476,2023,116808,3.0155826379488713e-06,8.032658422976748e-07
5478,2023,116808,3.0155826379488713e-06,8.032658422976748e-07
5481,2023,116808,3.0155826379488713e-06,8.032658422976748e-07
5482,2023,116808,3.0155826379488713e-06,8.032658422976748e-07
5483,2023,116808,3.0155826379488713e-06,8.032658422976748e-07
5485,2023,116808,3.0155826379488713e-06,8.032658422976748e-07
5487,2023,116808,3.0155826379488713e-06,8.032658422976748e-07
5491,2023,116808,3.0155826379488713e-06,8.032658422976748e-07
5499,2023,116808,3.0155826379488713e-06,8.032658422976748e-07
5355,2023,116841,3.0155826379488713e-06,8.034927768637647e-07
2660,2022,116808,3.0140919890917537e-06,8.032658422976748e-07
2670,2022,116808,3.0140919890917537e-06,8.032658422976748e-07
2708,2022,116808,3.0140919890917537e-06,8.032658422976748e-07
2714,2022,116796,3.0140919890917537e-06,8.031833206372784e-07
2734,2022,116792,3.0140919890917537e-06,8.031558134171464e-07
7939,2022,116772,3.0140919890917537e-06,8.030182773164858e-07
7941,2022,116772,3.0140919890917537e-06,8.030182773164858e-07
7946,2022,116772,3.0140919890917537e-06,8.030182773164858e-07
7948,2022,116772,3.0140919890917537e-06,8.030182773164858e-07
7962,2022,116772,3.0140919890917537e-06,8.030182773164858e-07
7972,2022,116772,3.0140919890917537e-06,8.030182773164858e-07
7975,2022,116772,3.0140919890917537e-06,8.030182773164858e-07
7979,2022,116772,3.0140919890917537e-06,8.030182773164858e-07
7992,2022,116772,3.0140919890917537e-06,8.030182773164858e-07
7994,2022,116772,3.0140919890917537e-06,8.030182773164858e-07
7997,2022,116772,3.0140919890917537e-06,8.030182773164858e-07
7998,2022,116772,3.0140919890917537e-06,8.030182773164858e-07
8004,2022,116772,3.0140919890917537e-06,8.030182773164858e-07
8005,2022,116772,3.0140919890917537e-06,8.030182773164858e-07
8020,2022,116772,3.0140919890917537e-06,8.030182773164858e-07
8033,2022,116772,3.0140919890917537e-06,8.030182773164858e-07
8038,2022,116772,3.0140919890917537e-06,8.030182773164858e-07
8039,2022,116772,3.0140919890917537e-06,8.030182773164858e-07
8049,2022,116772,3.0140919890917537e-06,8.030182773164858e-07
8055,2022,116772,3.0140919890917537e-06,8.030182773164858e-07
8056,2022,116772,3.0140919890917537e-06,8.030182773164858e-07
8063,2022,116772,3.0140919890917537e-06,8.030182773164858e-07
8069,2022,116772,3.0140919890917537e-06,8.030182773164858e-07
8071,2022,116772,3.0140919890917537e-06,8.030182773164858e-07
8073,2022,116772,3.0140919890917537e-06,8.030182773164858e-07
5506,2022,116760,3.0140919890917537e-06,8.029357556560896e-07
5508,2022,116760,3.0140919890917537e-06,8.029357556560896e-07
5509,2022,116760,3.0140919890917537e-06,8.029357556560896e-07
5515,2022,116760,3.0140919890917537e-06,8.029357556560896e-07
5543,2022,116760,3.0140919890917537e-06,8.029357556560896e-07
5545,2022,116760,3.0140919890917537e-06,8.029357556560896e-07
5546,2022,116760,3.0140919890917537e-06,8.029357556560896e-07
5551,2022,116760,3.0140919890917537e-06,8.029357556560896e-07
5553,2022,116760,3.0140919890917537e-06,8.029357556560896e-07
5556,2022,116760,3.0140919890917537e-06,8.029357556560896e-07
5557,2022,116760,3.0140919890917537e-06,8.029357556560896e-07
5562,2022,116760,3.0140919890917537e-06,8.029357556560896e-07
5565,2022,116760,3.0140919890917537e-06,8.029357556560896e-07
5567,2022,116760,3.0140919890917537e-06,8.029357556560896e-07
5572,2022,116760,3.0140919890917537e-06,8.029357556560896e-07
5582,2022,116760,3.0140919890917537e-06,8.029357556560896e-07
5584,2022,116760,3.0140919890917537e-06,8.029357556560896e-07
5588,2022,116760,3.0140919890917537e-06,8.029357556560896e-07
5589,2022,116760,3.0140919890917537e-06,8.029357556560896e-07
5594,2022,116760,3.0140919890917537e-06,8.029357556560896e-07
5597,2022,116760,3.0140919890917537e-06,8.029357556560896e-07
5598,2022,116760,3.0140919890917537e-06,8.029357556560896e-07
5601,2022,116760,3.0140919890917537e-06,8.029357556560896e-07
5604,2022,116760,3.0140919890917537e-06,8.029357556560896e-07
5606,2022,116760,3.0140919890917537e-06,8.029357556560896e-07
5608,2022,116760,3.0140919890917537e-06,8.029357556560896e-07
5615,2022,116760,3.0140919890917537e-06,8.029357556560896e-07
5621,2022,116760,3.0140919890917537e-06,8.029357556560896e-07
5623,2022,116760,3.0140919890917537e-06,8.029357556560896e-07
5634,2022,116760,3.0140919890917537e-06,8.029357556560896e-07
5635,2022,116760,3.0140919890917537e-06,8.029357556560896e-07
5639,2022,116760,3.0140919890917537e-06,8.029357556560896e-07
5641,2022,116760,3.0140919890917537e-06,8.029357556560896e-07
5645,2022,116760,3.0140919890917537e-06,8.029357556560896e-07
5655,2022,116760,3.0140919890917537e-06,8.029357556560896e-07
5657,2022,116760,3.0140919890917537e-06,8.029357556560896e-07
5661,2022,116760,3.0140919890917537e-06,8.029357556560896e-07
5663,2022,116760,3.0140919890917537e-06,8.029357556560896e-07
5667,2022,116760,3.0140919890917537e-06,8.029357556560896e-07
5675,2022,116760,3.0140919890917537e-06,8.029357556560896e-07
5684,2022,116760,3.0140919890917537e-06,8.029357556560896e-07
5685,2022,116760,3.0140919890917537e-06,8.029357556560896e-07
5689,2022,116760,3.0140919890917537e-06,8.029357556560896e-07
5690,2022,116760,3.0140919890917537e-06,8.029357556560896e-07
5697,2022,116760,3.0140919890917537e-06,8.029357556560896e-07
5698,2022,116760,3.0140919890917537e-06,8.029357556560896e-07
5702,2022,116760,3.0140919890917537e-06,8.029357556560896e-07
5703,2022,116760,3.0140919890917537e-06,8.029357556560896e-07
5705,2022,116760,3.0140919890917537e-06,8.029357556560896e-07
5706,2022,116760,3.0140919890917537e-06,8.029357556560896e-07
5713,2022,116760,3.0140919890917537e-06,8.029357556560896e-07
5719,2022,116760,3.0140919890917537e-06,8.029357556560896e-07
5731,2022,116760,3.0140919890917537e-06,8.029357556560896e-07
5738,2022,116760,3.0140919890917537e-06,8.029357556560896e-07
5745,2022,116760,3.0140919890917537e-06,8.029357556560896e-07
5755,2022,116760,3.0140919890917537e-06,8.029357556560896e-07
5761,2022,116760,3.0140919890917537e-06,8.029357556560896e-07
5762,2022,116760,3.0140919890917537e-06,8.029357556560896e-07
5780,2022,116760,3.0140919890917537e-06,8.029357556560896e-07
5786,2022,116760,3.0140919890917537e-06,8.029357556560896e-07
5787,2022,116760,3.0140919890917537e-06,8.029357556560896e-07
5805,2022,116760,3.0140919890917537e-06,8.029357556560896e-07
5808,2022,116760,3.0140919890917537e-06,8.029357556560896e-07
5814,2022,116760,3.0140919890917537e-06,8.029357556560896e-07
5818,2022,116760,3.0140919890917537e-06,8.029357556560896e-07
5819,2022,116760,3.0140919890917537e-06,8.029357556560896e-07
5820,2022,116760,3.0140919890917537e-06,8.029357556560896e-07
5831,2022,116760,3.0140919890917537e-06,8.029357556560896e-07
5837,2022,116760,3.0140919890917537e-06,8.029357556560896e-07
5839,2022,116760,3.0140919890917537e-06,8.029357556560896e-07
5842,2022,116760,3.0140919890917537e-06,8.029357556560896e-07
5853,2022,116760,3.0140919890917537e-06,8.029357556560896e-07
5854,2022,116760,3.0140919890917537e-06,8.029357556560896e-07
5857,2022,116760,3.0140919890917537e-06,8.029357556560896e-07
5863,2022,116760,3.0140919890917537e-06,8.029357556560896e-07
5866,2022,116760,3.0140919890917537e-06,8.029357556560896e-07
5873,2022,116760,3.0140919890917537e-06,8.029357556560896e-07
5879,2022,116760,3.0140919890917537e-06,8.029357556560896e-07
5887,2022,116760,3.0140919890917537e-06,8.029357556560896e-07
5889,2022,116760,3.0140919890917537e-06,8.029357556560896e-07
5893,2022,116760,3.0140919890917537e-06,8.029357556560896e-07
5913,2022,116760,3.0140919890917537e-06,8.029357556560896e-07
5916,2022,116760,3.0140919890917537e-06,8.029357556560896e-07
5919,2022,116760,3.0140919890917537e-06,8.029357556560896e-07
5928,2022,116760,3.0140919890917537e-06,8.029357556560896e-07
5933,2022,116760,3.0140919890917537e-06,8.029357556560896e-07
5936,2022,116760,3.0140919890917537e-06,8.029357556560896e-07
5937,2022,116760,3.0140919890917537e-06,8.029357556560896e-07
5941,2022,116760,3.0140919890917537e-06,8.029357556560896e-07
5947,2022,116760,3.0140919890917537e-06,8.029357556560896e-07
5949,2022,116760,3.0140919890917537e-06,8.029357556560896e-07
5951,2022,116760,3.0140919890917537e-06,8.029357556560896e-07
5953,2022,116760,3.0140919890917537e-06,8.029357556560896e-07
5954,2022,116760,3.0140919890917537e-06,8.029357556560896e-07
5956,2022,116760,3.0140919890917537e-06,8.029357556560896e-07
5957,2022,116760,3.0140919890917537e-06,8.029357556560896e-07
5958,2022,116760,3.0140919890917537e-06,8.029357556560896e-07
5971,2022,116760,3.0140919890917537e-06,8.029357556560896e-07
5974,2022,116760,3.0140919890917537e-06,8.029357556560896e-07
5981,2022,116760,3.0140919890917537e-06,8.029357556560896e-07
5983,2022,116760,3.0140919890917537e-06,8.029357556560896e-07
5986,2022,116760,3.0140919890917537e-06,8.029357556560896e-07
5992,2022,116760,3.0140919890917537e-06,8.029357556560896e-07
6008,2022,116760,3.0140919890917537e-06,8.029357556560896e-07
6011,2022,116760,3.0140919890917537e-06,8.029357556560896e-07
6012,2022,116760,3.0140919890917537e-06,8.029357556560896e-07
6015,2022,116760,3.0140919890917537e-06,8.029357556560896e-07
6028,2022,116760,3.0140919890917537e-06,8.029357556560896e-07
6032,2022,116760,3.0140919890917537e-06,8.029357556560896e-07
6040,2022,116760,3.0140919890917537e-06,8.029357556560896e-07
6053,2022,116760,3.0140919890917537e-06,8.029357556560896e-07
6056,2022,116760,3.0140919890917537e-06,8.029357556560896e-07
6061,2022,116760,3.0140919890917537e-06,8.029357556560896e-07
6064,2022,116760,3.0140919890917537e-06,8.029357556560896e-07
6074,2022,116760,3.0140919890917537e-06,8.029357556560896e-07
6079,2022,116760,3.0140919890917537e-06,8.029357556560896e-07
6089,2022,116760,3.0140919890917537e-06,8.029357556560896e-07
6091,2022,116760,3.0140919890917537e-06,8.029357556560896e-07
6094,2022,116760,3.0140919890917537e-06,8.029357556560896e-07
6097,2022,116760,3.0140919890917537e-06,8.029357556560896e-07
6102,2022,116760,3.0140919890917537e-06,8.029357556560896e-07
6105,2022,116760,3.0140919890917537e-06,8.029357556560896e-07
6108,2022,116760,3.0140919890917537e-06,8.029357556560896e-07
6121,2022,116760,3.0140919890917537e-06,8.029357556560896e-07
6125,2022,116760,3.0140919890917537e-06,8.029357556560896e-07
6128,2022,116760,3.0140919890917537e-06,8.029357556560896e-07
6130,2022,116760,3.0140919890917537e-06,8.029357556560896e-07
6132,2022,116760,3.0140919890917537e-06,8.029357556560896e-07
6137,2022,116760,3.0140919890917537e-06,8.029357556560896e-07
6146,2022,116760,3.0140919890917537e-06,8.029357556560896e-07
6154,2022,116760,3.0140919890917537e-06,8.029357556560896e-07
6157,2022,116760,3.0140919890917537e-06,8.029357556560896e-07
6164,2022,116760,3.0140919890917537e-06,8.029357556560896e-07
6175,2022,116760,3.0140919890917537e-06,8.029357556560896e-07
6176,2022,116760,3.0140919890917537e-06,8.029357556560896e-07
6178,2022,116760,3.0140919890917537e-06,8.029357556560896e-07
6180,2022,116760,3.0140919890917537e-06,8.029357556560896e-07
6186,2022,116760,3.0140919890917537e-06,8.029357556560896e-07
6188,2022,116760,3.0140919890917537e-06,8.029357556560896e-07
6192,2022,116760,3.0140919890917537e-06,8.029357556560896e-07
6193,2022,116760,3.0140919890917537e-06,8.029357556560896e-07
6207,2022,116760,3.0140919890917537e-06,8.029357556560896e-07
6215,2022,116760,3.0140919890917537e-06,8.029357556560896e-07
6219,2022,116760,3.0140919890917537e-06,8.029357556560896e-07
6222,2022,116760,3.0140919890917537e-06,8.029357556560896e-07
6223,2022,116760,3.0140919890917537e-06,8.029357556560896e-07
6226,2022,116760,3.0140919890917537e-06,8.029357556560896e-07
6228,2022,116760,3.0140919890917537e-06,8.029357556560896e-07
6233,2022,116760,3.0140919890917537e-06,8.029357556560896e-07
6237,2022,116760,3.0140919890917537e-06,8.029357556560896e-07
6238,2022,116760,3.0140919890917537e-06,8.029357556560896e-07
6246,2022,116760,3.0140919890917537e-06,8.029357556560896e-07
6250,2022,116760,3.0140919890917537e-06,8.029357556560896e-07
6251,2022,116760,3.0140919890917537e-06,8.029357556560896e-07
6256,2022,116760,3.0140919890917537e-06,8.029357556560896e-07
6262,2022,116760,3.0140919890917537e-06,8.029357556560896e-07
6270,2022,116760,3.0140919890917537e-06,8.029357556560896e-07
6299,2022,116760,3.0140919890917537e-06,8.029357556560896e-07
6309,2022,116760,3.0140919890917537e-06,8.029357556560896e-07
6311,2022,116760,3.0140919890917537e-06,8.029357556560896e-07
6312,2022,116760,3.0140919890917537e-06,8.029357556560896e-07
6314,2022,116760,3.0140919890917537e-06,8.029357556560896e-07
6329,2022,116760,3.0140919890917537e-06,8.029357556560896e-07
6333,2022,116760,3.0140919890917537e-06,8.029357556560896e-07
6335,2022,116760,3.0140919890917537e-06,8.029357556560896e-07
6338,2022,116760,3.0140919890917537e-06,8.029357556560896e-07
6339,2022,116760,3.0140919890917537e-06,8.029357556560896e-07
6341,2022,116760,3.0140919890917537e-06,8.029357556560896e-07
6348,2022,116760,3.0140919890917537e-06,8.029357556560896e-07
6353,2022,116760,3.0140919890917537e-06,8.029357556560896e-07
6358,2022,116760,3.0140919890917537e-06,8.029357556560896e-07
6361,2022,116760,3.0140919890917537e-06,8.029357556560896e-07
6368,2022,116760,3.0140919890917537e-06,8.029357556560896e-07
6372,2022,116760,3.0140919890917537e-06,8.029357556560896e-07
6373,2022,116760,3.0140919890917537e-06,8.029357556560896e-07
6375,2022,116760,3.0140919890917537e-06,8.029357556560896e-07
6378,2022,116760,3.0140919890917537e-06,8.029357556560896e-07
6381,2022,116760,3.0140919890917537e-06,8.029357556560896e-07
6384,2022,116760,3.0140919890917537e-06,8.029357556560896e-07
6387,2022,116760,3.0140919890917537e-06,8.029357556560896e-07
6392,2022,116760,3.0140919890917537e-06,8.029357556560896e-07
6394,2022,116760,3.0140919890917537e-06,8.029357556560896e-07
6395,2022,116760,3.0140919890917537e-06,8.029357556560896e-07
6397,2022,116760,3.0140919890917537e-06,8.029357556560896e-07
6400,2022,116760,3.0140919890917537e-06,8.029357556560896e-07
6401,2022,116760,3.0140919890917537e-06,8.029357556560896e-07
6403,2022,116760,3.0140919890917537e-06,8.029357556560896e-07
6404,2022,116760,3.0140919890917537e-06,8.029357556560896e-07
6405,2022,116760,3.0140919890917537e-06,8.029357556560896e-07
6412,2022,116760,3.0140919890917537e-06,8.029357556560896e-07
6413,2022,116760,3.0140919890917537e-06,8.029357556560896e-07
6415,2022,116760,3.0140919890917537e-06,8.029357556560896e-07
6417,2022,116760,3.0140919890917537e-06,8.029357556560896e-07
6420,2022,116760,3.0140919890917537e-06,8.029357556560896e-07
6422,2022,116760,3.0140919890917537e-06,8.029357556560896e-07
6425,2022,116760,3.0140919890917537e-06,8.029357556560896e-07
6432,2022,116760,3.0140919890917537e-06,8.029357556560896e-07
6439,2022,116760,3.0140919890917537e-06,8.029357556560896e-07
6446,2022,116760,3.0140919890917537e-06,8.029357556560896e-07
6447,2022,116760,3.0140919890917537e-06,8.029357556560896e-07
6448,2022,116760,3.0140919890917537e-06,8.029357556560896e-07
6449,2022,116760,3.0140919890917537e-06,8.029357556560896e-07
6459,2022,116760,3.0140919890917537e-06,8.029357556560896e-07
6461,2022,116760,3.0140919890917537e-06,8.029357556560896e-07
6468,2022,116760,3.0140919890917537e-06,8.029357556560896e-07
6469,2022,116760,3.0140919890917537e-06,8.029357556560896e-07
6482,2022,116760,3.0140919890917537e-06,8.029357556560896e-07
6484,2022,116760,3.0140919890917537e-06,8.029357556560896e-07
6495,2022,116760,3.0140919890917537e-06,8.029357556560896e-07
6498,2022,116760,3.0140919890917537e-06,8.029357556560896e-07
6503,2022,116760,3.0140919890917537e-06,8.029357556560896e-07
6504,2022,116760,3.0140919890917537e-06,8.029357556560896e-07
6521,2022,116760,3.0140919890917537e-06,8.029357556560896e-07
6524,2022,116760,3.0140919890917537e-06,8.029357556560896e-07
6534,2022,116760,3.0140919890917537e-06,8.029357556560896e-07
6535,2022,116760,3.0140919890917537e-06,8.029357556560896e-07
6536,2022,116760,3.0140919890917537e-06,8.029357556560896e-07
6540,2022,116760,3.0140919890917537e-06,8.029357556560896e-07
6541,2022,116760,3.0140919890917537e-06,8.029357556560896e-07
6556,2022,116760,3.0140919890917537e-06,8.029357556560896e-07
6577,2022,116760,3.0140919890917537e-06,8.029357556560896e-07
6579,2022,116760,3.0140919890917537e-06,8.029357556560896e-07
6584,2022,116760,3.0140919890917537e-06,8.029357556560896e-07
6586,2022,116760,3.0140919890917537e-06,8.029357556560896e-07
6594,2022,116760,3.0140919890917537e-06,8.029357556560896e-07
6601,2022,116760,3.0140919890917537e-06,8.029357556560896e-07
6619,2022,116760,3.0140919890917537e-06,8.029357556560896e-07
6639,2022,116760,3.0140919890917537e-06,8.029357556560896e-07
6641,2022,116760,3.0140919890917537e-06,8.029357556560896e-07
6642,2022,116760,3.0140919890917537e-06,8.029357556560896e-07
6644,2022,116760,3.0140919890917537e-06,8.029357556560896e-07
6645,2022,116760,3.0140919890917537e-06,8.029357556560896e-07
6650,2022,116760,3.0140919890917537e-06,8.029357556560896e-07
6652,2022,116760,3.0140919890917537e-06,8.029357556560896e-07
6655,2022,116760,3.0140919890917537e-06,8.029357556560896e-07
6656,2022,116760,3.0140919890917537e-06,8.029357556560896e-07
6660,2022,116760,3.0140919890917537e-06,8.029357556560896e-07
6665,2022,116760,3.0140919890917537e-06,8.029357556560896e-07
6680,2022,116760,3.0140919890917537e-06,8.029357556560896e-07
6691,2022,116760,3.0140919890917537e-06,8.029357556560896e-07
6702,2022,116760,3.0140919890917537e-06,8.029357556560896e-07
6707,2022,116760,3.0140919890917537e-06,8.029357556560896e-07
6721,2022,116760,3.0140919890917537e-06,8.029357556560896e-07
6732,2022,116760,3.0140919890917537e-06,8.029357556560896e-07
6733,2022,116760,3.0140919890917537e-06,8.029357556560896e-07
6739,2022,116760,3.0140919890917537e-06,8.029357556560896e-07
6740,2022,116760,3.0140919890917537e-06,8.029357556560896e-07
6742,2022,116760,3.0140919890917537e-06,8.029357556560896e-07
6749,2022,116760,3.0140919890917537e-06,8.029357556560896e-07
6750,2022,116760,3.0140919890917537e-06,8.029357556560896e-07
6753,2022,116760,3.0140919890917537e-06,8.029357556560896e-07
6755,2022,116760,3.0140919890917537e-06,8.029357556560896e-07
6763,2022,116760,3.0140919890917537e-06,8.029357556560896e-07
6764,2022,116760,3.0140919890917537e-06,8.029357556560896e-07
6766,2022,116760,3.0140919890917537e-06,8.029357556560896e-07
6772,2022,116760,3.0140919890917537e-06,8.029357556560896e-07
6776,2022,116760,3.0140919890917537e-06,8.029357556560896e-07
6781,2022,116760,3.0140919890917537e-06,8.029357556560896e-07
6783,2022,116760,3.0140919890917537e-06,8.029357556560896e-07
6787,2022,116760,3.0140919890917537e-06,8.029357556560896e-07
6791,2022,116760,3.0140919890917537e-06,8.029357556560896e-07
6794,2022,116760,3.0140919890917537e-06,8.029357556560896e-07
6799,2022,116760,3.0140919890917537e-06,8.029357556560896e-07
6802,2022,116760,3.0140919890917537e-06,8.029357556560896e-07
6807,2022,116760,3.0140919890917537e-06,8.029357556560896e-07
6808,2022,116760,3.0140919890917537e-06,8.029357556560896e-07
6811,2022,116760,3.0140919890917537e-06,8.029357556560896e-07
6817,2022,116760,3.0140919890917537e-06,8.029357556560896e-07
6831,2022,116760,3.0140919890917537e-06,8.029357556560896e-07
6835,2022,116760,3.0140919890917537e-06,8.029357556560896e-07
6836,2022,116760,3.0140919890917537e-06,8.029357556560896e-07
6845,2022,116760,3.0140919890917537e-06,8.029357556560896e-07
6857,2022,116760,3.0140919890917537e-06,8.029357556560896e-07
6863,2022,116760,3.0140919890917537e-06,8.029357556560896e-07
6878,2022,116760,3.0140919890917537e-06,8.029357556560896e-07
6882,2022,116760,3.0140919890917537e-06,8.029357556560896e-07
6887,2022,116760,3.0140919890917537e-06,8.029357556560896e-07
6891,2022,116760,3.0140919890917537e-06,8.029357556560896e-07
6900,2022,116760,3.0140919890917537e-06,8.029357556560896e-07
6904,2022,116760,3.0140919890917537e-06,8.029357556560896e-07
6907,2022,116760,3.0140919890917537e-06,8.029357556560896e-07
6911,2022,116760,3.0140919890917537e-06,8.029357556560896e-07
6912,2022,116760,3.0140919890917537e-06,8.029357556560896e-07
6914,2022,116760,3.0140919890917537e-06,8.029357556560896e-07
6916,2022,116760,3.0140919890917537e-06,8.029357556560896e-07
6917,2022,116760,3.0140919890917537e-06,8.029357556560896e-07
6919,2022,116760,3.0140919890917537e-06,8.029357556560896e-07
6928,2022,116760,3.0140919890917537e-06,8.029357556560896e-07
6932,2022,116760,3.0140919890917537e-06,8.029357556560896e-07
6935,2022,116760,3.0140919890917537e-06,8.029357556560896e-07
6939,2022,116760,3.0140919890917537e-06,8.029357556560896e-07
6941,2022,116760,3.0140919890917537e-06,8.029357556560896e-07
6944,2022,116760,3.0140919890917537e-06,8.029357556560896e-07
6952,2022,116760,3.0140919890917537e-06,8.029357556560896e-07
6972,2022,116760,3.0140919890917537e-06,8.029357556560896e-07
6977,2022,116760,3.0140919890917537e-06,8.029357556560896e-07
6980,2022,116760,3.0140919890917537e-06,8.029357556560896e-07
6983,2022,116760,3.0140919890917537e-06,8.029357556560896e-07
6987,2022,116760,3.0140919890917537e-06,8.029357556560896e-07
6994,2022,116760,3.0140919890917537e-06,8.029357556560896e-07
7003,2022,116760,3.0140919890917537e-06,8.029357556560896e-07
7010,2022,116760,3.0140919890917537e-06,8.029357556560896e-07
7013,2022,116760,3.0140919890917537e-06,8.029357556560896e-07
7015,2022,116760,3.0140919890917537e-06,8.029357556560896e-07
7016,2022,116760,3.0140919890917537e-06,8.029357556560896e-07
7017,2022,116760,3.0140919890917537e-06,8.029357556560896e-07
7027,2022,116760,3.0140919890917537e-06,8.029357556560896e-07
7029,2022,116760,3.0140919890917537e-06,8.029357556560896e-07
7031,2022,116760,3.0140919890917537e-06,8.029357556560896e-07
7039,2022,116760,3.0140919890917537e-06,8.029357556560896e-07
7045,2022,116760,3.0140919890917537e-06,8.029357556560896e-07
7050,2022,116760,3.0140919890917537e-06,8.029357556560896e-07
7051,2022,116760,3.0140919890917537e-06,8.029357556560896e-07
7052,2022,116760,3.0140919890917537e-06,8.029357556560896e-07
7053,2022,116760,3.0140919890917537e-06,8.029357556560896e-07
7061,2022,116760,3.0140919890917537e-06,8.029357556560896e-07
7067,2022,116760,3.0140919890917537e-06,8.029357556560896e-07
7068,2022,116760,3.0140919890917537e-06,8.029357556560896e-07
7071,2022,116760,3.0140919890917537e-06,8.029357556560896e-07
7072,2022,116760,3.0140919890917537e-06,8.029357556560896e-07
7073,2022,116760,3.0140919890917537e-06,8.029357556560896e-07
7081,2022,116760,3.0140919890917537e-06,8.029357556560896e-07
7087,2022,116760,3.0140919890917537e-06,8.029357556560896e-07
7093,2022,116760,3.0140919890917537e-06,8.029357556560896e-07
7094,2022,116760,3.0140919890917537e-06,8.029357556560896e-07
7102,2022,116760,3.0140919890917537e-06,8.029357556560896e-07
7104,2022,116760,3.0140919890917537e-06,8.029357556560896e-07
7114,2022,116760,3.0140919890917537e-06,8.029357556560896e-07
7124,2022,116760,3.0140919890917537e-06,8.029357556560896e-07
7134,2022,116760,3.0140919890917537e-06,8.029357556560896e-07
7139,2022,116760,3.0140919890917537e-06,8.029357556560896e-07
7142,2022,116760,3.0140919890917537e-06,8.029357556560896e-07
7147,2022,116760,3.0140919890917537e-06,8.029357556560896e-07
7151,2022,116760,3.0140919890917537e-06,8.029357556560896e-07
7158,2022,116760,3.0140919890917537e-06,8.029357556560896e-07
7159,2022,116760,3.0140919890917537e-06,8.029357556560896e-07
7177,2022,116760,3.0140919890917537e-06,8.029357556560896e-07
7183,2022,116760,3.0140919890917537e-06,8.029357556560896e-07
7184,2022,116760,3.0140919890917537e-06,8.029357556560896e-07
7185,2022,116760,3.0140919890917537e-06,8.029357556560896e-07
7186,2022,116760,3.0140919890917537e-06,8.029357556560896e-07
7188,2022,116760,3.0140919890917537e-06,8.029357556560896e-07
7189,2022,116760,3.0140919890917537e-06,8.029357556560896e-07
7190,2022,116760,3.0140919890917537e-06,8.029357556560896e-07
7193,2022,116760,3.0140919890917537e-06,8.029357556560896e-07
7194,2022,116760,3.0140919890917537e-06,8.029357556560896e-07
7195,2022,116760,3.0140919890917537e-06,8.029357556560896e-07
7198,2022,116760,3.0140919890917537e-06,8.029357556560896e-07
7199,2022,116760,3.0140919890917537e-06,8.029357556560896e-07
7206,2022,116760,3.0140919890917537e-06,8.029357556560896e-07
7211,2022,116760,3.0140919890917537e-06,8.029357556560896e-07
7213,2022,116760,3.0140919890917537e-06,8.029357556560896e-07
7220,2022,116760,3.0140919890917537e-06,8.029357556560896e-07
7229,2022,116760,3.0140919890917537e-06,8.029357556560896e-07
7230,2022,116760,3.0140919890917537e-06,8.029357556560896e-07
7233,2022,116760,3.0140919890917537e-06,8.029357556560896e-07
7234,2022,116760,3.0140919890917537e-06,8.029357556560896e-07
7237,2022,116760,3.0140919890917537e-06,8.029357556560896e-07
7240,2022,116760,3.0140919890917537e-06,8.029357556560896e-07
7244,2022,116760,3.0140919890917537e-06,8.029357556560896e-07
7245,2022,116760,3.0140919890917537e-06,8.029357556560896e-07
7246,2022,116760,3.0140919890917537e-06,8.029357556560896e-07
7250,2022,116760,3.0140919890917537e-06,8.029357556560896e-07
7255,2022,116760,3.0140919890917537e-06,8.029357556560896e-07
7256,2022,116760,3.0140919890917537e-06,8.029357556560896e-07
7258,2022,116760,3.0140919890917537e-06,8.029357556560896e-07
7259,2022,116760,3.0140919890917537e-06,8.029357556560896e-07
7266,2022,116760,3.0140919890917537e-06,8.029357556560896e-07
7268,2022,116760,3.0140919890917537e-06,8.029357556560896e-07
7269,2022,116760,3.0140919890917537e-06,8.029357556560896e-07
7274,2022,116760,3.0140919890917537e-06,8.029357556560896e-07
7277,2022,116760,3.0140919890917537e-06,8.029357556560896e-07
7285,2022,116760,3.0140919890917537e-06,8.029357556560896e-07
7288,2022,116760,3.0140919890917537e-06,8.029357556560896e-07
7296,2022,116760,3.0140919890917537e-06,8.029357556560896e-07
7303,2022,116760,3.0140919890917537e-06,8.029357556560896e-07
7305,2022,116760,3.0140919890917537e-06,8.029357556560896e-07
7306,2022,116760,3.0140919890917537e-06,8.029357556560896e-07
7311,2022,116760,3.0140919890917537e-06,8.029357556560896e-07
7314,2022,116760,3.0140919890917537e-06,8.029357556560896e-07
7315,2022,116760,3.0140919890917537e-06,8.029357556560896e-07
7318,2022,116760,3.0140919890917537e-06,8.029357556560896e-07
7319,2022,116760,3.0140919890917537e-06,8.029357556560896e-07
7320,2022,116760,3.0140919890917537e-06,8.029357556560896e-07
7323,2022,116760,3.0140919890917537e-06,8.029357556560896e-07
7327,2022,116760,3.0140919890917537e-06,8.029357556560896e-07
7333,2022,116760,3.0140919890917537e-06,8.029357556560896e-07
7334,2022,116760,3.0140919890917537e-06,8.029357556560896e-07
7335,2022,116760,3.0140919890917537e-06,8.029357556560896e-07
7342,2022,116760,3.0140919890917537e-06,8.029357556560896e-07
7349,2022,116760,3.0140919890917537e-06,8.029357556560896e-07
7351,2022,116760,3.0140919890917537e-06,8.029357556560896e-07
7352,2022,116760,3.0140919890917537e-06,8.029357556560896e-07
7355,2022,116760,3.0140919890917537e-06,8.029357556560896e-07
7358,2022,116760,3.0140919890917537e-06,8.029357556560896e-07
7363,2022,116760,3.0140919890917537e-06,8.029357556560896e-07
7364,2022,116760,3.0140919890917537e-06,8.029357556560896e-07
7365,2022,116760,3.0140919890917537e-06,8.029357556560896e-07
7368,2022,116760,3.0140919890917537e-06,8.029357556560896e-07
7378,2022,116760,3.0140919890917537e-06,8.029357556560896e-07
7383,2022,116760,3.0140919890917537e-06,8.029357556560896e-07
7391,2022,116760,3.0140919890917537e-06,8.029357556560896e-07
7393,2022,116760,3.0140919890917537e-06,8.029357556560896e-07
7398,2022,116760,3.0140919890917537e-06,8.029357556560896e-07
7406,2022,116760,3.0140919890917537e-06,8.029357556560896e-07
7412,2022,116760,3.0140919890917537e-06,8.029357556560896e-07
7414,2022,116760,3.0140919890917537e-06,8.029357556560896e-07
7416,2022,116760,3.0140919890917537e-06,8.029357556560896e-07
7421,2022,116760,3.0140919890917537e-06,8.029357556560896e-07
7428,2022,116760,3.0140919890917537e-06,8.029357556560896e-07
7433,2022,116760,3.0140919890917537e-06,8.029357556560896e-07
7440,2022,116760,3.0140919890917537e-06,8.029357556560896e-07
7442,2022,116760,3.0140919890917537e-06,8.029357556560896e-07
7449,2022,116760,3.0140919890917537e-06,8.029357556560896e-07
7452,2022,116760,3.0140919890917537e-06,8.029357556560896e-07
7456,2022,116760,3.0140919890917537e-06,8.029357556560896e-07
7457,2022,116760,3.0140919890917537e-06,8.029357556560896e-07
7458,2022,116760,3.0140919890917537e-06,8.029357556560896e-07
7476,2022,116760,3.0140919890917537e-06,8.029357556560896e-07
7477,2022,116760,3.0140919890917537e-06,8.029357556560896e-07
7479,2022,116760,3.0140919890917537e-06,8.029357556560896e-07
7482,2022,116760,3.0140919890917537e-06,8.029357556560896e-07
7483,2022,116760,3.0140919890917537e-06,8.029357556560896e-07
7487,2022,116760,3.0140919890917537e-06,8.029357556560896e-07
7488,2022,116760,3.0140919890917537e-06,8.029357556560896e-07
7489,2022,116760,3.0140919890917537e-06,8.029357556560896e-07
7500,2022,116760,3.0140919890917537e-06,8.029357556560896e-07
7502,2022,116760,3.0140919890917537e-06,8.029357556560896e-07
7524,2022,116760,3.0140919890917537e-06,8.029357556560896e-07
7531,2022,116760,3.0140919890917537e-06,8.029357556560896e-07
7539,2022,116760,3.0140919890917537e-06,8.029357556560896e-07
7542,2022,116760,3.0140919890917537e-06,8.029357556560896e-07
7544,2022,116760,3.0140919890917537e-06,8.029357556560896e-07
7545,2022,116760,3.0140919890917537e-06,8.029357556560896e-07
7550,2022,116760,3.0140919890917537e-06,8.029357556560896e-07
7556,2022,116760,3.0140919890917537e-06,8.029357556560896e-07
7557,2022,116760,3.0140919890917537e-06,8.029357556560896e-07
7560,2022,116760,3.0140919890917537e-06,8.029357556560896e-07
7561,2022,116760,3.0140919890917537e-06,8.029357556560896e-07
7567,2022,116760,3.0140919890917537e-06,8.029357556560896e-07
7571,2022,116760,3.0140919890917537e-06,8.029357556560896e-07
7577,2022,116760,3.0140919890917537e-06,8.029357556560896e-07
7579,2022,116760,3.0140919890917537e-06,8.029357556560896e-07
7581,2022,116760,3.0140919890917537e-06,8.029357556560896e-07
7585,2022,116760,3.0140919890917537e-06,8.029357556560896e-07
7592,2022,116760,3.0140919890917537e-06,8.029357556560896e-07
7600,2022,116760,3.0140919890917537e-06,8.029357556560896e-07
7611,2022,116760,3.0140919890917537e-06,8.029357556560896e-07
7612,2022,116760,3.0140919890917537e-06,8.029357556560896e-07
7619,2022,116760,3.0140919890917537e-06,8.029357556560896e-07
7621,2022,116760,3.0140919890917537e-06,8.029357556560896e-07
7630,2022,116760,3.0140919890917537e-06,8.029357556560896e-07
7645,2022,116760,3.0140919890917537e-06,8.029357556560896e-07
7646,2022,116760,3.0140919890917537e-06,8.029357556560896e-07
7650,2022,116760,3.0140919890917537e-06,8.029357556560896e-07
7656,2022,116760,3.0140919890917537e-06,8.029357556560896e-07
7662,2022,116760,3.0140919890917537e-06,8.029357556560896e-07
7665,2022,116760,3.0140919890917537e-06,8.029357556560896e-07
7667,2022,116760,3.0140919890917537e-06,8.029357556560896e-07
7675,2022,116760,3.0140919890917537e-06,8.029357556560896e-07
7678,2022,116760,3.0140919890917537e-06,8.029357556560896e-07
7680,2022,116760,3.0140919890917537e-06,8.029357556560896e-07
7682,2022,116760,3.0140919890917537e-06,8.029357556560896e-07
7721,2022,116760,3.0140919890917537e-06,8.029357556560896e-07
7725,2022,116760,3.0140919890917537e-06,8.029357556560896e-07
7742,2022,116760,3.0140919890917537e-06,8.029357556560896e-07
7751,2022,116760,3.0140919890917537e-06,8.029357556560896e-07
7752,2022,116760,3.0140919890917537e-06,8.029357556560896e-07
7755,2022,116760,3.0140919890917537e-06,8.029357556560896e-07
7759,2022,116760,3.0140919890917537e-06,8.029357556560896e-07
7761,2022,116760,3.0140919890917537e-06,8.029357556560896e-07
7763,2022,116760,3.0140919890917537e-06,8.029357556560896e-07
7765,2022,116760,3.0140919890917537e-06,8.029357556560896e-07
7767,2022,116760,3.0140919890917537e-06,8.029357556560896e-07
7771,2022,116760,3.0140919890917537e-06,8.029357556560896e-07
7779,2022,116760,3.0140919890917537e-06,8.029357556560896e-07
7784,2022,116760,3.0140919890917537e-06,8.029357556560896e-07
7785,2022,116760,3.0140919890917537e-06,8.029357556560896e-07
7789,2022,116760,3.0140919890917537e-06,8.029357556560896e-07
7791,2022,116760,3.0140919890917537e-06,8.029357556560896e-07
7794,2022,116760,3.0140919890917537e-06,8.029357556560896e-07
7801,2022,116760,3.0140919890917537e-06,8.029357556560896e-07
7807,2022,116760,3.0140919890917537e-06,8.029357556560896e-07
7813,2022,116760,3.0140919890917537e-06,8.029357556560896e-07
7817,2022,116760,3.0140919890917537e-06,8.029357556560896e-07
7820,2022,116760,3.0140919890917537e-06,8.029357556560896e-07
7824,2022,116760,3.0140919890917537e-06,8.029357556560896e-07
7831,2022,116760,3.0140919890917537e-06,8.029357556560896e-07
7832,2022,116760,3.0140919890917537e-06,8.029357556560896e-07
7840,2022,116760,3.0140919890917537e-06,8.029357556560896e-07
7846,2022,116760,3.0140919890917537e-06,8.029357556560896e-07
7852,2022,116760,3.0140919890917537e-06,8.029357556560896e-07
7853,2022,116760,3.0140919890917537e-06,8.029357556560896e-07
7854,2022,116760,3.0140919890917537e-06,8.029357556560896e-07
7855,2022,116760,3.0140919890917537e-06,8.029357556560896e-07
7858,2022,116760,3.0140919890917537e-06,8.029357556560896e-07
7863,2022,116760,3.0140919890917537e-06,8.029357556560896e-07
7865,2022,116760,3.0140919890917537e-06,8.029357556560896e-07
7867,2022,116760,3.0140919890917537e-06,8.029357556560896e-07
7871,2022,116760,3.0140919890917537e-06,8.029357556560896e-07
7873,2022,116760,3.0140919890917537e-06,8.029357556560896e-07
7875,2022,116760,3.0140919890917537e-06,8.029357556560896e-07
7879,2022,116760,3.0140919890917537e-06,8.029357556560896e-07
7891,2022,116760,3.0140919890917537e-06,8.029357556560896e-07
7903,2022,116760,3.0140919890917537e-06,8.029357556560896e-07
7904,2022,116760,3.0140919890917537e-06,8.029357556560896e-07
7910,2022,116760,3.0140919890917537e-06,8.029357556560896e-07
7912,2022,116760,3.0140919890917537e-06,8.029357556560896e-07
7915,2022,116760,3.0140919890917537e-06,8.029357556560896e-07
7923,2022,116760,3.0140919890917537e-06,8.029357556560896e-07
7927,2022,116760,3.0140919890917537e-06,8.029357556560896e-07
7931,2022,116760,3.0140919890917537e-06,8.029357556560896e-07
7933,2022,116760,3.0140919890917537e-06,8.029357556560896e-07
7935,2022,116760,3.0140919890917537e-06,8.029357556560896e-07
2829,2022,116748,3.0140919890917537e-06,8.028532339956932e-07
2834,2022,116748,3.0140919890917537e-06,8.028532339956932e-07
2842,2022,116748,3.0140919890917537e-06,8.028532339956932e-07
2854,2022,116748,3.0140919890917537e-06,8.028532339956932e-07
2861,2022,116748,3.0140919890917537e-06,8.028532339956932e-07
2864,2022,116748,3.0140919890917537e-06,8.028532339956932e-07
2870,2022,116748,3.0140919890917537e-06,8.028532339956932e-07
2872,2022,116748,3.0140919890917537e-06,8.028532339956932e-07
2902,2022,116748,3.0140919890917537e-06,8.028532339956932e-07
2938,2022,116748,3.0140919890917537e-06,8.028532339956932e-07
2940,2022,116748,3.0140919890917537e-06,8.028532339956932e-07
2943,2022,116748,3.0140919890917537e-06,8.028532339956932e-07
2944,2022,116748,3.0140919890917537e-06,8.028532339956932e-07
2950,2022,116748,3.0140919890917537e-06,8.028532339956932e-07
2961,2022,116748,3.0140919890917537e-06,8.028532339956932e-07
2964,2022,116748,3.0140919890917537e-06,8.028532339956932e-07
2965,2022,116748,3.0140919890917537e-06,8.028532339956932e-07
2978,2022,116748,3.0140919890917537e-06,8.028532339956932e-07
2982,2022,116748,3.0140919890917537e-06,8.028532339956932e-07
2988,2022,116748,3.0140919890917537e-06,8.028532339956932e-07
2990,2022,116748,3.0140919890917537e-06,8.028532339956932e-07
2992,2022,116748,3.0140919890917537e-06,8.028532339956932e-07
3002,2022,116748,3.0140919890917537e-06,8.028532339956932e-07
3010,2022,116748,3.0140919890917537e-06,8.028532339956932e-07
3012,2022,116748,3.0140919890917537e-06,8.028532339956932e-07
3019,2022,116748,3.0140919890917537e-06,8.028532339956932e-07
3029,2022,116748,3.0140919890917537e-06,8.028532339956932e-07
3053,2022,116748,3.0140919890917537e-06,8.028532339956932e-07
3062,2022,116748,3.0140919890917537e-06,8.028532339956932e-07
3100,2022,116748,3.0140919890917537e-06,8.028532339956932e-07
3104,2022,116748,3.0140919890917537e-06,8.028532339956932e-07
3106,2022,116748,3.0140919890917537e-06,8.028532339956932e-07
3138,2022,116748,3.0140919890917537e-06,8.028532339956932e-07
3149,2022,116748,3.0140919890917537e-06,8.028532339956932e-07
3157,2022,116748,3.0140919890917537e-06,8.028532339956932e-07
3166,2022,116748,3.0140919890917537e-06,8.028532339956932e-07
3215,2022,116748,3.0140919890917537e-06,8.028532339956932e-07
3234,2022,116748,3.0140919890917537e-06,8.028532339956932e-07
3241,2022,116748,3.0140919890917537e-06,8.028532339956932e-07
3249,2022,116748,3.0140919890917537e-06,8.028532339956932e-07
3263,2022,116748,3.0140919890917537e-06,8.028532339956932e-07
3264,2022,116748,3.0140919890917537e-06,8.028532339956932e-07
3315,2022,116748,3.0140919890917537e-06,8.028532339956932e-07
3320,2022,116748,3.0140919890917537e-06,8.028532339956932e-07
3336,2022,116748,3.0140919890917537e-06,8.028532339956932e-07
3339,2022,116748,3.0140919890917537e-06,8.028532339956932e-07
3366,2022,116748,3.0140919890917537e-06,8.028532339956932e-07
3378,2022,116748,3.0140919890917537e-06,8.028532339956932e-07
3415,2022,116748,3.0140919890917537e-06,8.028532339956932e-07
3431,2022,116748,3.0140919890917537e-06,8.028532339956932e-07
3475,2022,116748,3.0140919890917537e-06,8.028532339956932e-07
3481,2022,116748,3.0140919890917537e-06,8.028532339956932e-07
3488,2022,116748,3.0140919890917537e-06,8.028532339956932e-07
3496,2022,116748,3.0140919890917537e-06,8.028532339956932e-07
3520,2022,116748,3.0140919890917537e-06,8.028532339956932e-07
3543,2022,116748,3.0140919890917537e-06,8.028532339956932e-07
3547,2022,116748,3.0140919890917537e-06,8.028532339956932e-07
3564,2022,116748,3.0140919890917537e-06,8.028532339956932e-07
3598,2022,116748,3.0140919890917537e-06,8.028532339956932e-07
3616,2022,116748,3.0140919890917537e-06,8.028532339956932e-07
3630,2022,116748,3.0140919890917537e-06,8.028532339956932e-07
3631,2022,116748,3.0140919890917537e-06,8.028532339956932e-07
3655,2022,116748,3.0140919890917537e-06,8.028532339956932e-07
3666,2022,116748,3.0140919890917537e-06,8.028532339956932e-07
3685,2022,116748,3.0140919890917537e-06,8.028532339956932e-07
3702,2022,116748,3.0140919890917537e-06,8.028532339956932e-07
3705,2022,116748,3.0140919890917537e-06,8.028532339956932e-07
3714,2022,116748,3.0140919890917537e-06,8.028532339956932e-07
3740,2022,116748,3.0140919890917537e-06,8.028532339956932e-07
3752,2022,116748,3.0140919890917537e-06,8.028532339956932e-07
3796,2022,116748,3.0140919890917537e-06,8.028532339956932e-07
3797,2022,116748,3.0140919890917537e-06,8.028532339956932e-07
3799,2022,116748,3.0140919890917537e-06,8.028532339956932e-07
3813,2022,116748,3.0140919890917537e-06,8.028532339956932e-07
3818,2022,116748,3.0140919890917537e-06,8.028532339956932e-07
3859,2022,116748,3.0140919890917537e-06,8.028532339956932e-07
3861,2022,116748,3.0140919890917537e-06,8.028532339956932e-07
3885,2022,116748,3.0140919890917537e-06,8.028532339956932e-07
3903,2022,116748,3.0140919890917537e-06,8.028532339956932e-07
3915,2022,116748,3.0140919890917537e-06,8.028532339956932e-07
3929,2022,116748,3.0140919890917537e-06,8.028532339956932e-07
3933,2022,116748,3.0140919890917537e-06,8.028532339956932e-07
3935,2022,116748,3.0140919890917537e-06,8.028532339956932e-07
3953,2022,116748,3.0140919890917537e-06,8.028532339956932e-07
3999,2022,116748,3.0140919890917537e-06,8.028532339956932e-07
4013,2022,116748,3.0140919890917537e-06,8.028532339956932e-07
4050,2022,116748,3.0140919890917537e-06,8.028532339956932e-07
4063,2022,116748,3.0140919890917537e-06,8.028532339956932e-07
4095,2022,116748,3.0140919890917537e-06,8.028532339956932e-07
4115,2022,116748,3.0140919890917537e-06,8.028532339956932e-07
4130,2022,116748,3.0140919890917537e-06,8.028532339956932e-07
4144,2022,116748,3.0140919890917537e-06,8.028532339956932e-07
4159,2022,116748,3.0140919890917537e-06,8.028532339956932e-07
4164,2022,116748,3.0140919890917537e-06,8.028532339956932e-07
4201,2022,116748,3.0140919890917537e-06,8.028532339956932e-07
4208,2022,116748,3.0140919890917537e-06,8.028532339956932e-07
4212,2022,116748,3.0140919890917537e-06,8.028532339956932e-07
4225,2022,116748,3.0140919890917537e-06,8.028532339956932e-07
4227,2022,116748,3.0140919890917537e-06,8.028532339956932e-07
4236,2022,116748,3.0140919890917537e-06,8.028532339956932e-07
4238,2022,116748,3.0140919890917537e-06,8.028532339956932e-07
4243,2022,116748,3.0140919890917537e-06,8.028532339956932e-07
4249,2022,116748,3.0140919890917537e-06,8.028532339956932e-07
4252,2022,116748,3.0140919890917537e-06,8.028532339956932e-07
4268,2022,116748,3.0140919890917537e-06,8.028532339956932e-07
4270,2022,116748,3.0140919890917537e-06,8.028532339956932e-07
4277,2022,116748,3.0140919890917537e-06,8.028532339956932e-07
4278,2022,116748,3.0140919890917537e-06,8.028532339956932e-07
4303,2022,116748,3.0140919890917537e-06,8.028532339956932e-07
4313,2022,116748,3.0140919890917537e-06,8.028532339956932e-07
4325,2022,116748,3.0140919890917537e-06,8.028532339956932e-07
4352,2022,116748,3.0140919890917537e-06,8.028532339956932e-07
4370,2022,116748,3.0140919890917537e-06,8.028532339956932e-07
4376,2022,116748,3.0140919890917537e-06,8.028532339956932e-07
4384,2022,116748,3.0140919890917537e-06,8.028532339956932e-07
4415,2022,116748,3.0140919890917537e-06,8.028532339956932e-07
4438,2022,116748,3.0140919890917537e-06,8.028532339956932e-07
4440,2022,116748,3.0140919890917537e-06,8.028532339956932e-07
4463,2022,116748,3.0140919890917537e-06,8.028532339956932e-07
4468,2022,116748,3.0140919890917537e-06,8.028532339956932e-07
4512,2022,116748,3.0140919890917537e-06,8.028532339956932e-07
4514,2022,116748,3.0140919890917537e-06,8.028532339956932e-07
4517,2022,116748,3.0140919890917537e-06,8.028532339956932e-07
4554,2022,116748,3.0140919890917537e-06,8.028532339956932e-07
4578,2022,116748,3.0140919890917537e-06,8.028532339956932e-07
4591,2022,116748,3.0140919890917537e-06,8.028532339956932e-07
4595,2022,116748,3.0140919890917537e-06,8.028532339956932e-07
4614,2022,116748,3.0140919890917537e-06,8.028532339956932e-07
4631,2022,116748,3.0140919890917537e-06,8.028532339956932e-07
4660,2022,116748,3.0140919890917537e-06,8.028532339956932e-07
4669,2022,116748,3.0140919890917537e-06,8.028532339956932e-07
4671,2022,116748,3.0140919890917537e-06,8.028532339956932e-07
4689,2022,116748,3.0140919890917537e-06,8.028532339956932e-07
4706,2022,116748,3.0140919890917537e-06,8.028532339956932e-07
4708,2022,116748,3.0140919890917537e-06,8.028532339956932e-07
4730,2022,116748,3.0140919890917537e-06,8.028532339956932e-07
4738,2022,116748,3.0140919890917537e-06,8.028532339956932e-07
4744,2022,116748,3.0140919890917537e-06,8.028532339956932e-07
4748,2022,116748,3.0140919890917537e-06,8.028532339956932e-07
4751,2022,116748,3.0140919890917537e-06,8.028532339956932e-07
4755,2022,116748,3.0140919890917537e-06,8.028532339956932e-07
4767,2022,116748,3.0140919890917537e-06,8.028532339956932e-07
4788,2022,116748,3.0140919890917537e-06,8.028532339956932e-07
4812,2022,116748,3.0140919890917537e-06,8.028532339956932e-07
4814,2022,116748,3.0140919890917537e-06,8.028532339956932e-07
4834,2022,116748,3.0140919890917537e-06,8.028532339956932e-07
4835,2022,116748,3.0140919890917537e-06,8.028532339956932e-07
4836,2022,116748,3.0140919890917537e-06,8.028532339956932e-07
4842,2022,116748,3.0140919890917537e-06,8.028532339956932e-07
4843,2022,116748,3.0140919890917537e-06,8.028532339956932e-07
4853,2022,116748,3.0140919890917537e-06,8.028532339956932e-07
4862,2022,116748,3.0140919890917537e-06,8.028532339956932e-07
4863,2022,116748,3.0140919890917537e-06,8.028532339956932e-07
4864,2022,116748,3.0140919890917537e-06,8.028532339956932e-07
4866,2022,116748,3.0140919890917537e-06,8.028532339956932e-07
4867,2022,116748,3.0140919890917537e-06,8.028532339956932e-07
4868,2022,116748,3.0140919890917537e-06,8.028532339956932e-07
4871,2022,116748,3.0140919890917537e-06,8.028532339956932e-07
4883,2022,116748,3.0140919890917537e-06,8.028532339956932e-07
4898,2022,116748,3.0140919890917537e-06,8.028532339956932e-07
4909,2022,116748,3.0140919890917537e-06,8.028532339956932e-07
4916,2022,116748,3.0140919890917537e-06,8.028532339956932e-07
4924,2022,116748,3.0140919890917537e-06,8.028532339956932e-07
4931,2022,116748,3.0140919890917537e-06,8.028532339956932e-07
4939,2022,116748,3.0140919890917537e-06,8.028532339956932e-07
4942,2022,116748,3.0140919890917537e-06,8.028532339956932e-07
4943,2022,116748,3.0140919890917537e-06,8.028532339956932e-07
4945,2022,116748,3.0140919890917537e-06,8.028532339956932e-07
4946,2022,116748,3.0140919890917537e-06,8.028532339956932e-07
4948,2022,116748,3.0140919890917537e-06,8.028532339956932e-07
4950,2022,116748,3.0140919890917537e-06,8.028532339956932e-07
4957,2022,116748,3.0140919890917537e-06,8.028532339956932e-07
4961,2022,116748,3.0140919890917537e-06,8.028532339956932e-07
4962,2022,116748,3.0140919890917537e-06,8.028532339956932e-07
4974,2022,116748,3.0140919890917537e-06,8.028532339956932e-07
4977,2022,116748,3.0140919890917537e-06,8.028532339956932e-07
4980,2022,116748,3.0140919890917537e-06,8.028532339956932e-07
4981,2022,116748,3.0140919890917537e-06,8.028532339956932e-07
4988,2022,116748,3.0140919890917537e-06,8.028532339956932e-07
4995,2022,116748,3.0140919890917537e-06,8.028532339956932e-07
4999,2022,116748,3.0140919890917537e-06,8.028532339956932e-07
5006,2022,116748,3.0140919890917537e-06,8.028532339956932e-07
5008,2022,116748,3.0140919890917537e-06,8.028532339956932e-07
5013,2022,116748,3.0140919890917537e-06,8.028532339956932e-07
5014,2022,116748,3.0140919890917537e-06,8.028532339956932e-07
5015,2022,116748,3.0140919890917537e-06,8.028532339956932e-07
5017,2022,116748,3.0140919890917537e-06,8.028532339956932e-07
5025,2022,116748,3.0140919890917537e-06,8.028532339956932e-07
5032,2022,116748,3.0140919890917537e-06,8.028532339956932e-07
5037,2022,116748,3.0140919890917537e-06,8.028532339956932e-07
5038,2022,116748,3.0140919890917537e-06,8.028532339956932e-07
5041,2022,116748,3.0140919890917537e-06,8.028532339956932e-07
5049,2022,116748,3.0140919890917537e-06,8.028532339956932e-07
5059,2022,116748,3.0140919890917537e-06,8.028532339956932e-07
5066,2022,116748,3.0140919890917537e-06,8.028532339956932e-07
5071,2022,116748,3.0140919890917537e-06,8.028532339956932e-07
5076,2022,116748,3.0140919890917537e-06,8.028532339956932e-07
5078,2022,116748,3.0140919890917537e-06,8.028532339956932e-07
5085,2022,116748,3.0140919890917537e-06,8.028532339956932e-07
5089,2022,116748,3.0140919890917537e-06,8.028532339956932e-07
5098,2022,116748,3.0140919890917537e-06,8.028532339956932e-07
5099,2022,116748,3.0140919890917537e-06,8.028532339956932e-07
5113,2022,116748,3.0140919890917537e-06,8.028532339956932e-07
5115,2022,116748,3.0140919890917537e-06,8.028532339956932e-07
5123,2022,116748,3.0140919890917537e-06,8.028532339956932e-07
5139,2022,116748,3.0140919890917537e-06,8.028532339956932e-07
5145,2022,116748,3.0140919890917537e-06,8.028532339956932e-07
5164,2022,116748,3.0140919890917537e-06,8.028532339956932e-07
5171,2022,116748,3.0140919890917537e-06,8.028532339956932e-07
5172,2022,116748,3.0140919890917537e-06,8.028532339956932e-07
5173,2022,116748,3.0140919890917537e-06,8.028532339956932e-07
5181,2022,116748,3.0140919890917537e-06,8.028532339956932e-07
5182,2022,116748,3.0140919890917537e-06,8.028532339956932e-07
5183,2022,116748,3.0140919890917537e-06,8.028532339956932e-07
5185,2022,116748,3.0140919890917537e-06,8.028532339956932e-07
5202,2022,116748,3.0140919890917537e-06,8.028532339956932e-07
5206,2022,116748,3.0140919890917537e-06,8.028532339956932e-07
5220,2022,116748,3.0140919890917537e-06,8.028532339956932e-07
5243,2022,116748,3.0140919890917537e-06,8.028532339956932e-07
5255,2022,116748,3.0140919890917537e-06,8.028532339956932e-07
5261,2022,116748,3.0140919890917537e-06,8.028532339956932e-07
5263,2022,116748,3.0140919890917537e-06,8.028532339956932e-07
5272,2022,116748,3.0140919890917537e-06,8.028532339956932e-07
5273,2022,116748,3.0140919890917537e-06,8.028532339956932e-07
5279,2022,116748,3.0140919890917537e-06,8.028532339956932e-07
5284,2022,116748,3.0140919890917537e-06,8.028532339956932e-07
5289,2022,116748,3.0140919890917537e-06,8.028532339956932e-07
5314,2022,116748,3.0140919890917537e-06,8.028532339956932e-07
5330,2022,116748,3.0140919890917537e-06,8.028532339956932e-07
5347,2022,116748,3.0140919890917537e-06,8.028532339956932e-07
5350,2022,116748,3.0140919890917537e-06,8.028532339956932e-07
5354,2022,116748,3.0140919890917537e-06,8.028532339956932e-07
5365,2022,116748,3.0140919890917537e-06,8.028532339956932e-07
5369,2022,116748,3.0140919890917537e-06,8.028532339956932e-07
5376,2022,116748,3.0140919890917537e-06,8.028532339956932e-07
5379,2022,116748,3.0140919890917537e-06,8.028532339956932e-07
5380,2022,116748,3.0140919890917537e-06,8.028532339956932e-07
5384,2022,116748,3.0140919890917537e-06,8.028532339956932e-07
5393,2022,116748,3.0140919890917537e-06,8.028532339956932e-07
5395,2022,116748,3.0140919890917537e-06,8.028532339956932e-07
5399,2022,116748,3.0140919890917537e-06,8.028532339956932e-07
5400,2022,116748,3.0140919890917537e-06,8.028532339956932e-07
5402,2022,116748,3.0140919890917537e-06,8.028532339956932e-07
5403,2022,116748,3.0140919890917537e-06,8.028532339956932e-07
5406,2022,116748,3.0140919890917537e-06,8.028532339956932e-07
5408,2022,116748,3.0140919890917537e-06,8.028532339956932e-07
5415,2022,116748,3.0140919890917537e-06,8.028532339956932e-07
5422,2022,116748,3.0140919890917537e-06,8.028532339956932e-07
5425,2022,116748,3.0140919890917537e-06,8.028532339956932e-07
5427,2022,116748,3.0140919890917537e-06,8.028532339956932e-07
5437,2022,116748,3.0140919890917537e-06,8.028532339956932e-07
5441,2022,116748,3.0140919890917537e-06,8.028532339956932e-07
5445,2022,116748,3.0140919890917537e-06,8.028532339956932e-07
5451,2022,116748,3.0140919890917537e-06,8.028532339956932e-07
5453,2022,116748,3.0140919890917537e-06,8.028532339956932e-07
5455,2022,116748,3.0140919890917537e-06,8.028532339956932e-07
5457,2022,116748,3.0140919890917537e-06,8.028532339956932e-07
5461,2022,116748,3.0140919890917537e-06,8.028532339956932e-07
5463,2022,116748,3.0140919890917537e-06,8.028532339956932e-07
5468,2022,116748,3.0140919890917537e-06,8.028532339956932e-07
5469,2022,116748,3.0140919890917537e-06,8.028532339956932e-07
5488,2022,116748,3.0140919890917537e-06,8.028532339956932e-07
5495,2022,116748,3.0140919890917537e-06,8.028532339956932e-07
5501,2022,116748,3.0140919890917537e-06,8.028532339956932e-07
2583,2021,116792,3.012601340234636e-06,8.031558134171464e-07
2652,2021,116748,3.012601340234636e-06,8.028532339956932e-07
7940,2021,116712,3.012601340234636e-06,8.026056690145042e-07
7947,2021,116712,3.012601340234636e-06,8.026056690145042e-07
7949,2021,116712,3.012601340234636e-06,8.026056690145042e-07
7950,2021,116712,3.012601340234636e-06,8.026056690145042e-07
7955,2021,116712,3.012601340234636e-06,8.026056690145042e-07
7958,2021,116712,3.012601340234636e-06,8.026056690145042e-07
7959,2021,116712,3.012601340234636e-06,8.026056690145042e-07
7960,2021,116712,3.012601340234636e-06,8.026056690145042e-07
7964,2021,116712,3.012601340234636e-06,8.026056690145042e-07
7973,2021,116712,3.012601340234636e-06,8.026056690145042e-07
7976,2021,116712,3.012601340234636e-06,8.026056690145042e-07
7980,2021,116712,3.012601340234636e-06,8.026056690145042e-07
7985,2021,116712,3.012601340234636e-06,8.026056690145042e-07
7989,2021,116712,3.012601340234636e-06,8.026056690145042e-07
7991,2021,116712,3.012601340234636e-06,8.026056690145042e-07
7996,2021,116712,3.012601340234636e-06,8.026056690145042e-07
8016,2021,116712,3.012601340234636e-06,8.026056690145042e-07
8028,2021,116712,3.012601340234636e-06,8.026056690145042e-07
8030,2021,116712,3.012601340234636e-06,8.026056690145042e-07
8032,2021,116712,3.012601340234636e-06,8.026056690145042e-07
8040,2021,116712,3.012601340234636e-06,8.026056690145042e-07
8048,2021,116712,3.012601340234636e-06,8.026056690145042e-07
8050,2021,116712,3.012601340234636e-06,8.026056690145042e-07
8054,2021,116712,3.012601340234636e-06,8.026056690145042e-07
8061,2021,116712,3.012601340234636e-06,8.026056690145042e-07
5505,2021,116700,3.012601340234636e-06,8.02523147354108e-07
5523,2021,116700,3.012601340234636e-06,8.02523147354108e-07
5527,2021,116700,3.012601340234636e-06,8.02523147354108e-07
5529,2021,116700,3.012601340234636e-06,8.02523147354108e-07
5531,2021,116700,3.012601340234636e-06,8.02523147354108e-07
5532,2021,116700,3.012601340234636e-06,8.02523147354108e-07
5537,2021,116700,3.012601340234636e-06,8.02523147354108e-07
5541,2021,116700,3.012601340234636e-06,8.02523147354108e-07
5549,2021,116700,3.012601340234636e-06,8.02523147354108e-07
5552,2021,116700,3.012601340234636e-06,8.02523147354108e-07
5558,2021,116700,3.012601340234636e-06,8.02523147354108e-07
5563,2021,116700,3.012601340234636e-06,8.02523147354108e-07
5568,2021,116700,3.012601340234636e-06,8.02523147354108e-07
5577,2021,116700,3.012601340234636e-06,8.02523147354108e-07
5617,2021,116700,3.012601340234636e-06,8.02523147354108e-07
5618,2021,116700,3.012601340234636e-06,8.02523147354108e-07
5622,2021,116700,3.012601340234636e-06,8.02523147354108e-07
5624,2021,116700,3.012601340234636e-06,8.02523147354108e-07
5625,2021,116700,3.012601340234636e-06,8.02523147354108e-07
5630,2021,116700,3.012601340234636e-06,8.02523147354108e-07
5638,2021,116700,3.012601340234636e-06,8.02523147354108e-07
5646,2021,116700,3.012601340234636e-06,8.02523147354108e-07
5650,2021,116700,3.012601340234636e-06,8.02523147354108e-07
5651,2021,116700,3.012601340234636e-06,8.02523147354108e-07
5653,2021,116700,3.012601340234636e-06,8.02523147354108e-07
5656,2021,116700,3.012601340234636e-06,8.02523147354108e-07
5669,2021,116700,3.012601340234636e-06,8.02523147354108e-07
5691,2021,116700,3.012601340234636e-06,8.02523147354108e-07
5695,2021,116700,3.012601340234636e-06,8.02523147354108e-07
5696,2021,116700,3.012601340234636e-06,8.02523147354108e-07
5701,2021,116700,3.012601340234636e-06,8.02523147354108e-07
5709,2021,116700,3.012601340234636e-06,8.02523147354108e-07
5714,2021,116700,3.012601340234636e-06,8.02523147354108e-07
5716,2021,116700,3.012601340234636e-06,8.02523147354108e-07
5723,2021,116700,3.012601340234636e-06,8.02523147354108e-07
5725,2021,116700,3.012601340234636e-06,8.02523147354108e-07
5726,2021,116700,3.012601340234636e-06,8.02523147354108e-07
5728,2021,116700,3.012601340234636e-06,8.02523147354108e-07
5732,2021,116700,3.012601340234636e-06,8.02523147354108e-07
5734,2021,116700,3.012601340234636e-06,8.02523147354108e-07
5737,2021,116700,3.012601340234636e-06,8.02523147354108e-07
5743,2021,116700,3.012601340234636e-06,8.02523147354108e-07
5744,2021,116700,3.012601340234636e-06,8.02523147354108e-07
5747,2021,116700,3.012601340234636e-06,8.02523147354108e-07
5749,2021,116700,3.012601340234636e-06,8.02523147354108e-07
5750,2021,116700,3.012601340234636e-06,8.02523147354108e-07
5751,2021,116700,3.012601340234636e-06,8.02523147354108e-07
5754,2021,116700,3.012601340234636e-06,8.02523147354108e-07
5756,2021,116700,3.012601340234636e-06,8.02523147354108e-07
5760,2021,116700,3.012601340234636e-06,8.02523147354108e-07
5767,2021,116700,3.012601340234636e-06,8.02523147354108e-07
5771,2021,116700,3.012601340234636e-06,8.02523147354108e-07
5773,2021,116700,3.012601340234636e-06,8.02523147354108e-07
5777,2021,116700,3.012601340234636e-06,8.02523147354108e-07
5784,2021,116700,3.012601340234636e-06,8.02523147354108e-07
5795,2021,116700,3.012601340234636e-06,8.02523147354108e-07
5806,2021,116700,3.012601340234636e-06,8.02523147354108e-07
5809,2021,116700,3.012601340234636e-06,8.02523147354108e-07
5821,2021,116700,3.012601340234636e-06,8.02523147354108e-07
5826,2021,116700,3.012601340234636e-06,8.02523147354108e-07
5828,2021,116700,3.012601340234636e-06,8.02523147354108e-07
5829,2021,116700,3.012601340234636e-06,8.02523147354108e-07
5832,2021,116700,3.012601340234636e-06,8.02523147354108e-07
5838,2021,116700,3.012601340234636e-06,8.02523147354108e-07
5840,2021,116700,3.012601340234636e-06,8.02523147354108e-07
5844,2021,116700,3.012601340234636e-06,8.02523147354108e-07
5855,2021,116700,3.012601340234636e-06,8.02523147354108e-07
5856,2021,116700,3.012601340234636e-06,8.02523147354108e-07
5865,2021,116700,3.012601340234636e-06,8.02523147354108e-07
5872,2021,116700,3.012601340234636e-06,8.02523147354108e-07
5878,2021,116700,3.012601340234636e-06,8.02523147354108e-07
5884,2021,116700,3.012601340234636e-06,8.02523147354108e-07
5886,2021,116700,3.012601340234636e-06,8.02523147354108e-07
5920,2021,116700,3.012601340234636e-06,8.02523147354108e-07
5921,2021,116700,3.012601340234636e-06,8.02523147354108e-07
5927,2021,116700,3.012601340234636e-06,8.02523147354108e-07
5935,2021,116700,3.012601340234636e-06,8.02523147354108e-07
5942,2021,116700,3.012601340234636e-06,8.02523147354108e-07
5944,2021,116700,3.012601340234636e-06,8.02523147354108e-07
5948,2021,116700,3.012601340234636e-06,8.02523147354108e-07
5970,2021,116700,3.012601340234636e-06,8.02523147354108e-07
5977,2021,116700,3.012601340234636e-06,8.02523147354108e-07
5979,2021,116700,3.012601340234636e-06,8.02523147354108e-07
5980,2021,116700,3.012601340234636e-06,8.02523147354108e-07
5985,2021,116700,3.012601340234636e-06,8.02523147354108e-07
5990,2021,116700,3.012601340234636e-06,8.02523147354108e-07
5995,2021,116700,3.012601340234636e-06,8.02523147354108e-07
5996,2021,116700,3.012601340234636e-06,8.02523147354108e-07
5997,2021,116700,3.012601340234636e-06,8.02523147354108e-07
6017,2021,116700,3.012601340234636e-06,8.02523147354108e-07
6024,2021,116700,3.012601340234636e-06,8.02523147354108e-07
6026,2021,116700,3.012601340234636e-06,8.02523147354108e-07
6036,2021,116700,3.012601340234636e-06,8.02523147354108e-07
6042,2021,116700,3.012601340234636e-06,8.02523147354108e-07
6052,2021,116700,3.012601340234636e-06,8.02523147354108e-07
6054,2021,116700,3.012601340234636e-06,8.02523147354108e-07
6067,2021,116700,3.012601340234636e-06,8.02523147354108e-07
6070,2021,116700,3.012601340234636e-06,8.02523147354108e-07
6080,2021,116700,3.012601340234636e-06,8.02523147354108e-07
6098,2021,116700,3.012601340234636e-06,8.02523147354108e-07
6104,2021,116700,3.012601340234636e-06,8.02523147354108e-07
6107,2021,116700,3.012601340234636e-06,8.02523147354108e-07
6109,2021,116700,3.012601340234636e-06,8.02523147354108e-07
6110,2021,116700,3.012601340234636e-06,8.02523147354108e-07
6117,2021,116700,3.012601340234636e-06,8.02523147354108e-07
6126,2021,116700,3.012601340234636e-06,8.02523147354108e-07
6138,2021,116700,3.012601340234636e-06,8.02523147354108e-07
6140,2021,116700,3.012601340234636e-06,8.02523147354108e-07
6143,2021,116700,3.012601340234636e-06,8.02523147354108e-07
6148,2021,116700,3.012601340234636e-06,8.02523147354108e-07
6153,2021,116700,3.012601340234636e-06,8.02523147354108e-07
6163,2021,116700,3.012601340234636e-06,8.02523147354108e-07
6171,2021,116700,3.012601340234636e-06,8.02523147354108e-07
6172,2021,116700,3.012601340234636e-06,8.02523147354108e-07
6182,2021,116700,3.012601340234636e-06,8.02523147354108e-07
6195,2021,116700,3.012601340234636e-06,8.02523147354108e-07
6196,2021,116700,3.012601340234636e-06,8.02523147354108e-07
6199,2021,116700,3.012601340234636e-06,8.02523147354108e-07
6200,2021,116700,3.012601340234636e-06,8.02523147354108e-07
6209,2021,116700,3.012601340234636e-06,8.02523147354108e-07
6213,2021,116700,3.012601340234636e-06,8.02523147354108e-07
6216,2021,116700,3.012601340234636e-06,8.02523147354108e-07
6225,2021,116700,3.012601340234636e-06,8.02523147354108e-07
6227,2021,116700,3.012601340234636e-06,8.02523147354108e-07
6231,2021,116700,3.012601340234636e-06,8.02523147354108e-07
6248,2021,116700,3.012601340234636e-06,8.02523147354108e-07
6254,2021,116700,3.012601340234636e-06,8.02523147354108e-07
6259,2021,116700,3.012601340234636e-06,8.02523147354108e-07
6266,2021,116700,3.012601340234636e-06,8.02523147354108e-07
6272,2021,116700,3.012601340234636e-06,8.02523147354108e-07
6274,2021,116700,3.012601340234636e-06,8.02523147354108e-07
6275,2021,116700,3.012601340234636e-06,8.02523147354108e-07
6279,2021,116700,3.012601340234636e-06,8.02523147354108e-07
6291,2021,116700,3.012601340234636e-06,8.02523147354108e-07
6305,2021,116700,3.012601340234636e-06,8.02523147354108e-07
6306,2021,116700,3.012601340234636e-06,8.02523147354108e-07
6310,2021,116700,3.012601340234636e-06,8.02523147354108e-07
6318,2021,116700,3.012601340234636e-06,8.02523147354108e-07
6322,2021,116700,3.012601340234636e-06,8.02523147354108e-07
6323,2021,116700,3.012601340234636e-06,8.02523147354108e-07
6326,2021,116700,3.012601340234636e-06,8.02523147354108e-07
6344,2021,116700,3.012601340234636e-06,8.02523147354108e-07
6349,2021,116700,3.012601340234636e-06,8.02523147354108e-07
6352,2021,116700,3.012601340234636e-06,8.02523147354108e-07
6356,2021,116700,3.012601340234636e-06,8.02523147354108e-07
6365,2021,116700,3.012601340234636e-06,8.02523147354108e-07
6374,2021,116700,3.012601340234636e-06,8.02523147354108e-07
6379,2021,116700,3.012601340234636e-06,8.02523147354108e-07
6382,2021,116700,3.012601340234636e-06,8.02523147354108e-07
6386,2021,116700,3.012601340234636e-06,8.02523147354108e-07
6388,2021,116700,3.012601340234636e-06,8.02523147354108e-07
6411,2021,116700,3.012601340234636e-06,8.02523147354108e-07
6414,2021,116700,3.012601340234636e-06,8.02523147354108e-07
6418,2021,116700,3.012601340234636e-06,8.02523147354108e-07
6427,2021,116700,3.012601340234636e-06,8.02523147354108e-07
6428,2021,116700,3.012601340234636e-06,8.02523147354108e-07
6431,2021,116700,3.012601340234636e-06,8.02523147354108e-07
6441,2021,116700,3.012601340234636e-06,8.02523147354108e-07
6443,2021,116700,3.012601340234636e-06,8.02523147354108e-07
6454,2021,116700,3.012601340234636e-06,8.02523147354108e-07
6455,2021,116700,3.012601340234636e-06,8.02523147354108e-07
6463,2021,116700,3.012601340234636e-06,8.02523147354108e-07
6467,2021,116700,3.012601340234636e-06,8.02523147354108e-07
6478,2021,116700,3.012601340234636e-06,8.02523147354108e-07
6481,2021,116700,3.012601340234636e-06,8.02523147354108e-07
6485,2021,116700,3.012601340234636e-06,8.02523147354108e-07
6488,2021,116700,3.012601340234636e-06,8.02523147354108e-07
6497,2021,116700,3.012601340234636e-06,8.02523147354108e-07
6505,2021,116700,3.012601340234636e-06,8.02523147354108e-07
6509,2021,116700,3.012601340234636e-06,8.02523147354108e-07
6518,2021,116700,3.012601340234636e-06,8.02523147354108e-07
6519,2021,116700,3.012601340234636e-06,8.02523147354108e-07
6520,2021,116700,3.012601340234636e-06,8.02523147354108e-07
6533,2021,116700,3.012601340234636e-06,8.02523147354108e-07
6548,2021,116700,3.012601340234636e-06,8.02523147354108e-07
6552,2021,116700,3.012601340234636e-06,8.02523147354108e-07
6553,2021,116700,3.012601340234636e-06,8.02523147354108e-07
6554,2021,116700,3.012601340234636e-06,8.02523147354108e-07
6559,2021,116700,3.012601340234636e-06,8.02523147354108e-07
6564,2021,116700,3.012601340234636e-06,8.02523147354108e-07
6571,2021,116700,3.012601340234636e-06,8.02523147354108e-07
6572,2021,116700,3.012601340234636e-06,8.02523147354108e-07
6576,2021,116700,3.012601340234636e-06,8.02523147354108e-07
6578,2021,116700,3.012601340234636e-06,8.02523147354108e-07
6583,2021,116700,3.012601340234636e-06,8.02523147354108e-07
6592,2021,116700,3.012601340234636e-06,8.02523147354108e-07
6598,2021,116700,3.012601340234636e-06,8.02523147354108e-07
6606,2021,116700,3.012601340234636e-06,8.02523147354108e-07
6613,2021,116700,3.012601340234636e-06,8.02523147354108e-07
6627,2021,116700,3.012601340234636e-06,8.02523147354108e-07
6647,2021,116700,3.012601340234636e-06,8.02523147354108e-07
6649,2021,116700,3.012601340234636e-06,8.02523147354108e-07
6651,2021,116700,3.012601340234636e-06,8.02523147354108e-07
6654,2021,116700,3.012601340234636e-06,8.02523147354108e-07
6657,2021,116700,3.012601340234636e-06,8.02523147354108e-07
6673,2021,116700,3.012601340234636e-06,8.02523147354108e-07
6681,2021,116700,3.012601340234636e-06,8.02523147354108e-07
6683,2021,116700,3.012601340234636e-06,8.02523147354108e-07
6687,2021,116700,3.012601340234636e-06,8.02523147354108e-07
6688,2021,116700,3.012601340234636e-06,8.02523147354108e-07
6690,2021,116700,3.012601340234636e-06,8.02523147354108e-07
6698,2021,116700,3.012601340234636e-06,8.02523147354108e-07
6700,2021,116700,3.012601340234636e-06,8.02523147354108e-07
6714,2021,116700,3.012601340234636e-06,8.02523147354108e-07
6727,2021,116700,3.012601340234636e-06,8.02523147354108e-07
6729,2021,116700,3.012601340234636e-06,8.02523147354108e-07
6735,2021,116700,3.012601340234636e-06,8.02523147354108e-07
6743,2021,116700,3.012601340234636e-06,8.02523147354108e-07
6759,2021,116700,3.012601340234636e-06,8.02523147354108e-07
6762,2021,116700,3.012601340234636e-06,8.02523147354108e-07
6774,2021,116700,3.012601340234636e-06,8.02523147354108e-07
6785,2021,116700,3.012601340234636e-06,8.02523147354108e-07
6793,2021,116700,3.012601340234636e-06,8.02523147354108e-07
6801,2021,116700,3.012601340234636e-06,8.02523147354108e-07
6803,2021,116700,3.012601340234636e-06,8.02523147354108e-07
6806,2021,116700,3.012601340234636e-06,8.02523147354108e-07
6809,2021,116700,3.012601340234636e-06,8.02523147354108e-07
6810,2021,116700,3.012601340234636e-06,8.02523147354108e-07
6814,2021,116700,3.012601340234636e-06,8.02523147354108e-07
6818,2021,116700,3.012601340234636e-06,8.02523147354108e-07
6820,2021,116700,3.012601340234636e-06,8.02523147354108e-07
6823,2021,116700,3.012601340234636e-06,8.02523147354108e-07
6824,2021,116700,3.012601340234636e-06,8.02523147354108e-07
6828,2021,116700,3.012601340234636e-06,8.02523147354108e-07
6832,2021,116700,3.012601340234636e-06,8.02523147354108e-07
6838,2021,116700,3.012601340234636e-06,8.02523147354108e-07
6841,2021,116700,3.012601340234636e-06,8.02523147354108e-07
6843,2021,116700,3.012601340234636e-06,8.02523147354108e-07
6854,2021,116700,3.012601340234636e-06,8.02523147354108e-07
6855,2021,116700,3.012601340234636e-06,8.02523147354108e-07
6860,2021,116700,3.012601340234636e-06,8.02523147354108e-07
6874,2021,116700,3.012601340234636e-06,8.02523147354108e-07
6883,2021,116700,3.012601340234636e-06,8.02523147354108e-07
6890,2021,116700,3.012601340234636e-06,8.02523147354108e-07
6894,2021,116700,3.012601340234636e-06,8.02523147354108e-07
6896,2021,116700,3.012601340234636e-06,8.02523147354108e-07
6902,2021,116700,3.012601340234636e-06,8.02523147354108e-07
6906,2021,116700,3.012601340234636e-06,8.02523147354108e-07
6908,2021,116700,3.012601340234636e-06,8.02523147354108e-07
6910,2021,116700,3.012601340234636e-06,8.02523147354108e-07
6920,2021,116700,3.012601340234636e-06,8.02523147354108e-07
6922,2021,116700,3.012601340234636e-06,8.02523147354108e-07
6923,2021,116700,3.012601340234636e-06,8.02523147354108e-07
6926,2021,116700,3.012601340234636e-06,8.02523147354108e-07
6936,2021,116700,3.012601340234636e-06,8.02523147354108e-07
6949,2021,116700,3.012601340234636e-06,8.02523147354108e-07
6954,2021,116700,3.012601340234636e-06,8.02523147354108e-07
6958,2021,116700,3.012601340234636e-06,8.02523147354108e-07
6961,2021,116700,3.012601340234636e-06,8.02523147354108e-07
6965,2021,116700,3.012601340234636e-06,8.02523147354108e-07
6968,2021,116700,3.012601340234636e-06,8.02523147354108e-07
6990,2021,116700,3.012601340234636e-06,8.02523147354108e-07
6999,2021,116700,3.012601340234636e-06,8.02523147354108e-07
7006,2021,116700,3.012601340234636e-06,8.02523147354108e-07
7009,2021,116700,3.012601340234636e-06,8.02523147354108e-07
7011,2021,116700,3.012601340234636e-06,8.02523147354108e-07
7021,2021,116700,3.012601340234636e-06,8.02523147354108e-07
7026,2021,116700,3.012601340234636e-06,8.02523147354108e-07
7037,2021,116700,3.012601340234636e-06,8.02523147354108e-07
7047,2021,116700,3.012601340234636e-06,8.02523147354108e-07
7048,2021,116700,3.012601340234636e-06,8.02523147354108e-07
7049,2021,116700,3.012601340234636e-06,8.02523147354108e-07
7056,2021,116700,3.012601340234636e-06,8.02523147354108e-07
7059,2021,116700,3.012601340234636e-06,8.02523147354108e-07
7062,2021,116700,3.012601340234636e-06,8.02523147354108e-07
7065,2021,116700,3.012601340234636e-06,8.02523147354108e-07
7076,2021,116700,3.012601340234636e-06,8.02523147354108e-07
7085,2021,116700,3.012601340234636e-06,8.02523147354108e-07
7086,2021,116700,3.012601340234636e-06,8.02523147354108e-07
7088,2021,116700,3.012601340234636e-06,8.02523147354108e-07
7092,2021,116700,3.012601340234636e-06,8.02523147354108e-07
7096,2021,116700,3.012601340234636e-06,8.02523147354108e-07
7101,2021,116700,3.012601340234636e-06,8.02523147354108e-07
7108,2021,116700,3.012601340234636e-06,8.02523147354108e-07
7117,2021,116700,3.012601340234636e-06,8.02523147354108e-07
7118,2021,116700,3.012601340234636e-06,8.02523147354108e-07
7121,2021,116700,3.012601340234636e-06,8.02523147354108e-07
7126,2021,116700,3.012601340234636e-06,8.02523147354108e-07
7129,2021,116700,3.012601340234636e-06,8.02523147354108e-07
7132,2021,116700,3.012601340234636e-06,8.02523147354108e-07
7138,2021,116700,3.012601340234636e-06,8.02523147354108e-07
7140,2021,116700,3.012601340234636e-06,8.02523147354108e-07
7148,2021,116700,3.012601340234636e-06,8.02523147354108e-07
7149,2021,116700,3.012601340234636e-06,8.02523147354108e-07
7152,2021,116700,3.012601340234636e-06,8.02523147354108e-07
7153,2021,116700,3.012601340234636e-06,8.02523147354108e-07
7154,2021,116700,3.012601340234636e-06,8.02523147354108e-07
7169,2021,116700,3.012601340234636e-06,8.02523147354108e-07
7170,2021,116700,3.012601340234636e-06,8.02523147354108e-07
7171,2021,116700,3.012601340234636e-06,8.02523147354108e-07
7172,2021,116700,3.012601340234636e-06,8.02523147354108e-07
7173,2021,116700,3.012601340234636e-06,8.02523147354108e-07
7178,2021,116700,3.012601340234636e-06,8.02523147354108e-07
7182,2021,116700,3.012601340234636e-06,8.02523147354108e-07
7203,2021,116700,3.012601340234636e-06,8.02523147354108e-07
7208,2021,116700,3.012601340234636e-06,8.02523147354108e-07
7215,2021,116700,3.012601340234636e-06,8.02523147354108e-07
7216,2021,116700,3.012601340234636e-06,8.02523147354108e-07
7222,2021,116700,3.012601340234636e-06,8.02523147354108e-07
7236,2021,116700,3.012601340234636e-06,8.02523147354108e-07
7248,2021,116700,3.012601340234636e-06,8.02523147354108e-07
7249,2021,116700,3.012601340234636e-06,8.02523147354108e-07
7252,2021,116700,3.012601340234636e-06,8.02523147354108e-07
7263,2021,116700,3.012601340234636e-06,8.02523147354108e-07
7279,2021,116700,3.012601340234636e-06,8.02523147354108e-07
7280,2021,116700,3.012601340234636e-06,8.02523147354108e-07
7281,2021,116700,3.012601340234636e-06,8.02523147354108e-07
7287,2021,116700,3.012601340234636e-06,8.02523147354108e-07
7289,2021,116700,3.012601340234636e-06,8.02523147354108e-07
7295,2021,116700,3.012601340234636e-06,8.02523147354108e-07
7300,2021,116700,3.012601340234636e-06,8.02523147354108e-07
7301,2021,116700,3.012601340234636e-06,8.02523147354108e-07
7302,2021,116700,3.012601340234636e-06,8.02523147354108e-07
7309,2021,116700,3.012601340234636e-06,8.02523147354108e-07
7328,2021,116700,3.012601340234636e-06,8.02523147354108e-07
7329,2021,116700,3.012601340234636e-06,8.02523147354108e-07
7339,2021,116700,3.012601340234636e-06,8.02523147354108e-07
7343,2021,116700,3.012601340234636e-06,8.02523147354108e-07
7344,2021,116700,3.012601340234636e-06,8.02523147354108e-07
7347,2021,116700,3.012601340234636e-06,8.02523147354108e-07
7360,2021,116700,3.012601340234636e-06,8.02523147354108e-07
7361,2021,116700,3.012601340234636e-06,8.02523147354108e-07
7371,2021,116700,3.012601340234636e-06,8.02523147354108e-07
7373,2021,116700,3.012601340234636e-06,8.02523147354108e-07
7377,2021,116700,3.012601340234636e-06,8.02523147354108e-07
7382,2021,116700,3.012601340234636e-06,8.02523147354108e-07
7384,2021,116700,3.012601340234636e-06,8.02523147354108e-07
7388,2021,116700,3.012601340234636e-06,8.02523147354108e-07
7392,2021,116700,3.012601340234636e-06,8.02523147354108e-07
7397,2021,116700,3.012601340234636e-06,8.02523147354108e-07
7405,2021,116700,3.012601340234636e-06,8.02523147354108e-07
7407,2021,116700,3.012601340234636e-06,8.02523147354108e-07
7418,2021,116700,3.012601340234636e-06,8.02523147354108e-07
7422,2021,116700,3.012601340234636e-06,8.02523147354108e-07
7429,2021,116700,3.012601340234636e-06,8.02523147354108e-07
7436,2021,116700,3.012601340234636e-06,8.02523147354108e-07
7438,2021,116700,3.012601340234636e-06,8.02523147354108e-07
7445,2021,116700,3.012601340234636e-06,8.02523147354108e-07
7460,2021,116700,3.012601340234636e-06,8.02523147354108e-07
7469,2021,116700,3.012601340234636e-06,8.02523147354108e-07
7492,2021,116700,3.012601340234636e-06,8.02523147354108e-07
7494,2021,116700,3.012601340234636e-06,8.02523147354108e-07
7499,2021,116700,3.012601340234636e-06,8.02523147354108e-07
7508,2021,116700,3.012601340234636e-06,8.02523147354108e-07
7516,2021,116700,3.012601340234636e-06,8.02523147354108e-07
7518,2021,116700,3.012601340234636e-06,8.02523147354108e-07
7519,2021,116700,3.012601340234636e-06,8.02523147354108e-07
7526,2021,116700,3.012601340234636e-06,8.02523147354108e-07
7548,2021,116700,3.012601340234636e-06,8.02523147354108e-07
7559,2021,116700,3.012601340234636e-06,8.02523147354108e-07
7565,2021,116700,3.012601340234636e-06,8.02523147354108e-07
7570,2021,116700,3.012601340234636e-06,8.02523147354108e-07
7575,2021,116700,3.012601340234636e-06,8.02523147354108e-07
7578,2021,116700,3.012601340234636e-06,8.02523147354108e-07
7580,2021,116700,3.012601340234636e-06,8.02523147354108e-07
7584,2021,116700,3.012601340234636e-06,8.02523147354108e-07
7595,2021,116700,3.012601340234636e-06,8.02523147354108e-07
7603,2021,116700,3.012601340234636e-06,8.02523147354108e-07
7605,2021,116700,3.012601340234636e-06,8.02523147354108e-07
7610,2021,116700,3.012601340234636e-06,8.02523147354108e-07
7614,2021,116700,3.012601340234636e-06,8.02523147354108e-07
7615,2021,116700,3.012601340234636e-06,8.02523147354108e-07
7616,2021,116700,3.012601340234636e-06,8.02523147354108e-07
7617,2021,116700,3.012601340234636e-06,8.02523147354108e-07
7618,2021,116700,3.012601340234636e-06,8.02523147354108e-07
7620,2021,116700,3.012601340234636e-06,8.02523147354108e-07
7622,2021,116700,3.012601340234636e-06,8.02523147354108e-07
7623,2021,116700,3.012601340234636e-06,8.02523147354108e-07
7629,2021,116700,3.012601340234636e-06,8.02523147354108e-07
7634,2021,116700,3.012601340234636e-06,8.02523147354108e-07
7641,2021,116700,3.012601340234636e-06,8.02523147354108e-07
7643,2021,116700,3.012601340234636e-06,8.02523147354108e-07
7647,2021,116700,3.012601340234636e-06,8.02523147354108e-07
7648,2021,116700,3.012601340234636e-06,8.02523147354108e-07
7672,2021,116700,3.012601340234636e-06,8.02523147354108e-07
7673,2021,116700,3.012601340234636e-06,8.02523147354108e-07
7679,2021,116700,3.012601340234636e-06,8.02523147354108e-07
7684,2021,116700,3.012601340234636e-06,8.02523147354108e-07
7686,2021,116700,3.012601340234636e-06,8.02523147354108e-07
7687,2021,116700,3.012601340234636e-06,8.02523147354108e-07
7688,2021,116700,3.012601340234636e-06,8.02523147354108e-07
7693,2021,116700,3.012601340234636e-06,8.02523147354108e-07
7697,2021,116700,3.012601340234636e-06,8.02523147354108e-07
7705,2021,116700,3.012601340234636e-06,8.02523147354108e-07
7712,2021,116700,3.012601340234636e-06,8.02523147354108e-07
7716,2021,116700,3.012601340234636e-06,8.02523147354108e-07
7717,2021,116700,3.012601340234636e-06,8.02523147354108e-07
7731,2021,116700,3.012601340234636e-06,8.02523147354108e-07
7745,2021,116700,3.012601340234636e-06,8.02523147354108e-07
7749,2021,116700,3.012601340234636e-06,8.02523147354108e-07
7754,2021,116700,3.012601340234636e-06,8.02523147354108e-07
7758,2021,116700,3.012601340234636e-06,8.02523147354108e-07
7762,2021,116700,3.012601340234636e-06,8.02523147354108e-07
7768,2021,116700,3.012601340234636e-06,8.02523147354108e-07
7772,2021,116700,3.012601340234636e-06,8.02523147354108e-07
7782,2021,116700,3.012601340234636e-06,8.02523147354108e-07
7788,2021,116700,3.012601340234636e-06,8.02523147354108e-07
7795,2021,116700,3.012601340234636e-06,8.02523147354108e-07
7799,2021,116700,3.012601340234636e-06,8.02523147354108e-07
7802,2021,116700,3.012601340234636e-06,8.02523147354108e-07
7803,2021,116700,3.012601340234636e-06,8.02523147354108e-07
7806,2021,116700,3.012601340234636e-06,8.02523147354108e-07
7816,2021,116700,3.012601340234636e-06,8.02523147354108e-07
7822,2021,116700,3.012601340234636e-06,8.02523147354108e-07
7826,2021,116700,3.012601340234636e-06,8.02523147354108e-07
7839,2021,116700,3.012601340234636e-06,8.02523147354108e-07
7842,2021,116700,3.012601340234636e-06,8.02523147354108e-07
7844,2021,116700,3.012601340234636e-06,8.02523147354108e-07
7845,2021,116700,3.012601340234636e-06,8.02523147354108e-07
7860,2021,116700,3.012601340234636e-06,8.02523147354108e-07
7861,2021,116700,3.012601340234636e-06,8.02523147354108e-07
7868,2021,116700,3.012601340234636e-06,8.02523147354108e-07
7870,2021,116700,3.012601340234636e-06,8.02523147354108e-07
7900,2021,116700,3.012601340234636e-06,8.02523147354108e-07
7901,2021,116700,3.012601340234636e-06,8.02523147354108e-07
7902,2021,116700,3.012601340234636e-06,8.02523147354108e-07
7905,2021,116700,3.012601340234636e-06,8.02523147354108e-07
7907,2021,116700,3.012601340234636e-06,8.02523147354108e-07
7918,2021,116700,3.012601340234636e-06,8.02523147354108e-07
7919,2021,116700,3.012601340234636e-06,8.02523147354108e-07
7932,2021,116700,3.012601340234636e-06,8.02523147354108e-07
7934,2021,116700,3.012601340234636e-06,8.02523147354108e-07
2795,2021,116688,3.012601340234636e-06,8.024406256937116e-07
2817,2021,116688,3.012601340234636e-06,8.024406256937116e-07
2833,2021,116688,3.012601340234636e-06,8.024406256937116e-07
2835,2021,116688,3.012601340234636e-06,8.024406256937116e-07
2853,2021,116688,3.012601340234636e-06,8.024406256937116e-07
2860,2021,116688,3.012601340234636e-06,8.024406256937116e-07
2866,2021,116688,3.012601340234636e-06,8.024406256937116e-07
2867,2021,116688,3.012601340234636e-06,8.024406256937116e-07
2876,2021,116688,3.012601340234636e-06,8.024406256937116e-07
2879,2021,116688,3.012601340234636e-06,8.024406256937116e-07
2887,2021,116688,3.012601340234636e-06,8.024406256937116e-07
2890,2021,116688,3.012601340234636e-06,8.024406256937116e-07
2906,2021,116688,3.012601340234636e-06,8.024406256937116e-07
2916,2021,116688,3.012601340234636e-06,8.024406256937116e-07
2924,2021,116688,3.012601340234636e-06,8.024406256937116e-07
2937,2021,116688,3.012601340234636e-06,8.024406256937116e-07
2949,2021,116688,3.012601340234636e-06,8.024406256937116e-07
2951,2021,116688,3.012601340234636e-06,8.024406256937116e-07
2952,2021,116688,3.012601340234636e-06,8.024406256937116e-07
2958,2021,116688,3.012601340234636e-06,8.024406256937116e-07
2962,2021,116688,3.012601340234636e-06,8.024406256937116e-07
2969,2021,116688,3.012601340234636e-06,8.024406256937116e-07
2973,2021,116688,3.012601340234636e-06,8.024406256937116e-07
2974,2021,116688,3.012601340234636e-06,8.024406256937116e-07
2979,2021,116688,3.012601340234636e-06,8.024406256937116e-07
2980,2021,116688,3.012601340234636e-06,8.024406256937116e-07
2986,2021,116688,3.012601340234636e-06,8.024406256937116e-07
2991,2021,116688,3.012601340234636e-06,8.024406256937116e-07
2993,2021,116688,3.012601340234636e-06,8.024406256937116e-07
3015,2021,116688,3.012601340234636e-06,8.024406256937116e-07
3016,2021,116688,3.012601340234636e-06,8.024406256937116e-07
4769,2021,116688,3.012601340234636e-06,8.024406256937116e-07
4804,2021,116688,3.012601340234636e-06,8.024406256937116e-07
4806,2021,116688,3.012601340234636e-06,8.024406256937116e-07
4810,2021,116688,3.012601340234636e-06,8.024406256937116e-07
4823,2021,116688,3.012601340234636e-06,8.024406256937116e-07
4837,2021,116688,3.012601340234636e-06,8.024406256937116e-07
4841,2021,116688,3.012601340234636e-06,8.024406256937116e-07
4847,2021,116688,3.012601340234636e-06,8.024406256937116e-07
4856,2021,116688,3.012601340234636e-06,8.024406256937116e-07
4874,2021,116688,3.012601340234636e-06,8.024406256937116e-07
4912,2021,116688,3.012601340234636e-06,8.024406256937116e-07
4917,2021,116688,3.012601340234636e-06,8.024406256937116e-07
4960,2021,116688,3.012601340234636e-06,8.024406256937116e-07
4973,2021,116688,3.012601340234636e-06,8.024406256937116e-07
4984,2021,116688,3.012601340234636e-06,8.024406256937116e-07
5007,2021,116688,3.012601340234636e-06,8.024406256937116e-07
5053,2021,116688,3.012601340234636e-06,8.024406256937116e-07
5075,2021,116688,3.012601340234636e-06,8.024406256937116e-07
5109,2021,116688,3.012601340234636e-06,8.024406256937116e-07
5116,2021,116688,3.012601340234636e-06,8.024406256937116e-07
5126,2021,116688,3.012601340234636e-06,8.024406256937116e-07
5128,2021,116688,3.012601340234636e-06,8.024406256937116e-07
5186,2021,116688,3.012601340234636e-06,8.024406256937116e-07
5219,2021,116688,3.012601340234636e-06,8.024406256937116e-07
5252,2021,116688,3.012601340234636e-06,8.024406256937116e-07
5285,2021,116688,3.012601340234636e-06,8.024406256937116e-07
5287,2021,116688,3.012601340234636e-06,8.024406256937116e-07
5300,2021,116688,3.012601340234636e-06,8.024406256937116e-07
5306,2021,116688,3.012601340234636e-06,8.024406256937116e-07
5322,2021,116688,3.012601340234636e-06,8.024406256937116e-07
5333,2021,116688,3.012601340234636e-06,8.024406256937116e-07
5364,2021,116688,3.012601340234636e-06,8.024406256937116e-07
5460,2021,116688,3.012601340234636e-06,8.024406256937116e-07
5474,2021,116688,3.012601340234636e-06,8.024406256937116e-07
5498,2021,116688,3.012601340234636e-06,8.024406256937116e-07
2644,2020,116688,3.0111106913775185e-06,8.024406256937116e-07
2667,2020,116688,3.0111106913775185e-06,8.024406256937116e-07
7942,2020,116652,3.0111106913775185e-06,8.021930607125228e-07
7944,2020,116652,3.0111106913775185e-06,8.021930607125228e-07
7953,2020,116652,3.0111106913775185e-06,8.021930607125228e-07
7966,2020,116652,3.0111106913775185e-06,8.021930607125228e-07
7967,2020,116652,3.0111106913775185e-06,8.021930607125228e-07
7968,2020,116652,3.0111106913775185e-06,8.021930607125228e-07
7971,2020,116652,3.0111106913775185e-06,8.021930607125228e-07
7977,2020,116652,3.0111106913775185e-06,8.021930607125228e-07
7978,2020,116652,3.0111106913775185e-06,8.021930607125228e-07
7984,2020,116652,3.0111106913775185e-06,8.021930607125228e-07
7986,2020,116652,3.0111106913775185e-06,8.021930607125228e-07
8006,2020,116652,3.0111106913775185e-06,8.021930607125228e-07
8012,2020,116652,3.0111106913775185e-06,8.021930607125228e-07
8025,2020,116652,3.0111106913775185e-06,8.021930607125228e-07
8027,2020,116652,3.0111106913775185e-06,8.021930607125228e-07
8037,2020,116652,3.0111106913775185e-06,8.021930607125228e-07
8041,2020,116652,3.0111106913775185e-06,8.021930607125228e-07
8043,2020,116652,3.0111106913775185e-06,8.021930607125228e-07
8051,2020,116652,3.0111106913775185e-06,8.021930607125228e-07
8057,2020,116652,3.0111106913775185e-06,8.021930607125228e-07
8058,2020,116652,3.0111106913775185e-06,8.021930607125228e-07
8059,2020,116652,3.0111106913775185e-06,8.021930607125228e-07
8066,2020,116652,3.0111106913775185e-06,8.021930607125228e-07
8067,2020,116652,3.0111106913775185e-06,8.021930607125228e-07
8072,2020,116652,3.0111106913775185e-06,8.021930607125228e-07
8078,2020,116652,3.0111106913775185e-06,8.021930607125228e-07
8079,2020,116652,3.0111106913775185e-06,8.021930607125228e-07
5530,2020,116640,3.0111106913775185e-06,8.021105390521264e-07
5539,2020,116640,3.0111106913775185e-06,8.021105390521264e-07
5583,2020,116640,3.0111106913775185e-06,8.021105390521264e-07
5590,2020,116640,3.0111106913775185e-06,8.021105390521264e-07
5619,2020,116640,3.0111106913775185e-06,8.021105390521264e-07
5636,2020,116640,3.0111106913775185e-06,8.021105390521264e-07
5640,2020,116640,3.0111106913775185e-06,8.021105390521264e-07
5643,2020,116640,3.0111106913775185e-06,8.021105390521264e-07
5644,2020,116640,3.0111106913775185e-06,8.021105390521264e-07
5677,2020,116640,3.0111106913775185e-06,8.021105390521264e-07
5693,2020,116640,3.0111106913775185e-06,8.021105390521264e-07
5791,2020,116640,3.0111106913775185e-06,8.021105390521264e-07
5817,2020,116640,3.0111106913775185e-06,8.021105390521264e-07
5824,2020,116640,3.0111106913775185e-06,8.021105390521264e-07
5827,2020,116640,3.0111106913775185e-06,8.021105390521264e-07
5852,2020,116640,3.0111106913775185e-06,8.021105390521264e-07
5890,2020,116640,3.0111106913775185e-06,8.021105390521264e-07
5972,2020,116640,3.0111106913775185e-06,8.021105390521264e-07
5973,2020,116640,3.0111106913775185e-06,8.021105390521264e-07
6013,2020,116640,3.0111106913775185e-06,8.021105390521264e-07
6022,2020,116640,3.0111106913775185e-06,8.021105390521264e-07
6041,2020,116640,3.0111106913775185e-06,8.021105390521264e-07
6043,2020,116640,3.0111106913775185e-06,8.021105390521264e-07
6045,2020,116640,3.0111106913775185e-06,8.021105390521264e-07
6048,2020,116640,3.0111106913775185e-06,8.021105390521264e-07
6071,2020,116640,3.0111106913775185e-06,8.021105390521264e-07
6081,2020,116640,3.0111106913775185e-06,8.021105390521264e-07
6086,2020,116640,3.0111106913775185e-06,8.021105390521264e-07
6090,2020,116640,3.0111106913775185e-06,8.021105390521264e-07
6122,2020,116640,3.0111106913775185e-06,8.021105390521264e-07
6131,2020,116640,3.0111106913775185e-06,8.021105390521264e-07
6135,2020,116640,3.0111106913775185e-06,8.021105390521264e-07
6147,2020,116640,3.0111106913775185e-06,8.021105390521264e-07
6150,2020,116640,3.0111106913775185e-06,8.021105390521264e-07
6174,2020,116640,3.0111106913775185e-06,8.021105390521264e-07
6177,2020,116640,3.0111106913775185e-06,8.021105390521264e-07
6204,2020,116640,3.0111106913775185e-06,8.021105390521264e-07
6205,2020,116640,3.0111106913775185e-06,8.021105390521264e-07
6212,2020,116640,3.0111106913775185e-06,8.021105390521264e-07
6214,2020,116640,3.0111106913775185e-06,8.021105390521264e-07
6232,2020,116640,3.0111106913775185e-06,8.021105390521264e-07
6252,2020,116640,3.0111106913775185e-06,8.021105390521264e-07
6278,2020,116640,3.0111106913775185e-06,8.021105390521264e-07
6297,2020,116640,3.0111106913775185e-06,8.021105390521264e-07
6304,2020,116640,3.0111106913775185e-06,8.021105390521264e-07
6313,2020,116640,3.0111106913775185e-06,8.021105390521264e-07
6317,2020,116640,3.0111106913775185e-06,8.021105390521264e-07
6325,2020,116640,3.0111106913775185e-06,8.021105390521264e-07
6336,2020,116640,3.0111106913775185e-06,8.021105390521264e-07
6355,2020,116640,3.0111106913775185e-06,8.021105390521264e-07
6357,2020,116640,3.0111106913775185e-06,8.021105390521264e-07
6360,2020,116640,3.0111106913775185e-06,8.021105390521264e-07
6367,2020,116640,3.0111106913775185e-06,8.021105390521264e-07
6376,2020,116640,3.0111106913775185e-06,8.021105390521264e-07
6380,2020,116640,3.0111106913775185e-06,8.021105390521264e-07
6385,2020,116640,3.0111106913775185e-06,8.021105390521264e-07
6430,2020,116640,3.0111106913775185e-06,8.021105390521264e-07
6444,2020,116640,3.0111106913775185e-06,8.021105390521264e-07
6486,2020,116640,3.0111106913775185e-06,8.021105390521264e-07
6514,2020,116640,3.0111106913775185e-06,8.021105390521264e-07
6560,2020,116640,3.0111106913775185e-06,8.021105390521264e-07
6562,2020,116640,3.0111106913775185e-06,8.021105390521264e-07
6570,2020,116640,3.0111106913775185e-06,8.021105390521264e-07
6607,2020,116640,3.0111106913775185e-06,8.021105390521264e-07
6617,2020,116640,3.0111106913775185e-06,8.021105390521264e-07
6631,2020,116640,3.0111106913775185e-06,8.021105390521264e-07
6634,2020,116640,3.0111106913775185e-06,8.021105390521264e-07
6662,2020,116640,3.0111106913775185e-06,8.021105390521264e-07
6684,2020,116640,3.0111106913775185e-06,8.021105390521264e-07
6706,2020,116640,3.0111106913775185e-06,8.021105390521264e-07
6731,2020,116640,3.0111106913775185e-06,8.021105390521264e-07
6748,2020,116640,3.0111106913775185e-06,8.021105390521264e-07
6769,2020,116640,3.0111106913775185e-06,8.021105390521264e-07
6770,2020,116640,3.0111106913775185e-06,8.021105390521264e-07
6773,2020,116640,3.0111106913775185e-06,8.021105390521264e-07
6777,2020,116640,3.0111106913775185e-06,8.021105390521264e-07
6795,2020,116640,3.0111106913775185e-06,8.021105390521264e-07
6819,2020,116640,3.0111106913775185e-06,8.021105390521264e-07
6827,2020,116640,3.0111106913775185e-06,8.021105390521264e-07
6856,2020,116640,3.0111106913775185e-06,8.021105390521264e-07
6865,2020,116640,3.0111106913775185e-06,8.021105390521264e-07
6869,2020,116640,3.0111106913775185e-06,8.021105390521264e-07
6872,2020,116640,3.0111106913775185e-06,8.021105390521264e-07
6945,2020,116640,3.0111106913775185e-06,8.021105390521264e-07
6947,2020,116640,3.0111106913775185e-06,8.021105390521264e-07
6985,2020,116640,3.0111106913775185e-06,8.021105390521264e-07
7042,2020,116640,3.0111106913775185e-06,8.021105390521264e-07
7043,2020,116640,3.0111106913775185e-06,8.021105390521264e-07
7079,2020,116640,3.0111106913775185e-06,8.021105390521264e-07
7082,2020,116640,3.0111106913775185e-06,8.021105390521264e-07
7113,2020,116640,3.0111106913775185e-06,8.021105390521264e-07
7122,2020,116640,3.0111106913775185e-06,8.021105390521264e-07
7125,2020,116640,3.0111106913775185e-06,8.021105390521264e-07
7128,2020,116640,3.0111106913775185e-06,8.021105390521264e-07
7131,2020,116640,3.0111106913775185e-06,8.021105390521264e-07
7161,2020,116640,3.0111106913775185e-06,8.021105390521264e-07
7163,2020,116640,3.0111106913775185e-06,8.021105390521264e-07
7165,2020,116640,3.0111106913775185e-06,8.021105390521264e-07
7167,2020,116640,3.0111106913775185e-06,8.021105390521264e-07
7168,2020,116640,3.0111106913775185e-06,8.021105390521264e-07
7210,2020,116640,3.0111106913775185e-06,8.021105390521264e-07
7214,2020,116640,3.0111106913775185e-06,8.021105390521264e-07
7219,2020,116640,3.0111106913775185e-06,8.021105390521264e-07
7247,2020,116640,3.0111106913775185e-06,8.021105390521264e-07
7253,2020,116640,3.0111106913775185e-06,8.021105390521264e-07
7257,2020,116640,3.0111106913775185e-06,8.021105390521264e-07
7261,2020,116640,3.0111106913775185e-06,8.021105390521264e-07
7290,2020,116640,3.0111106913775185e-06,8.021105390521264e-07
7322,2020,116640,3.0111106913775185e-06,8.021105390521264e-07
7332,2020,116640,3.0111106913775185e-06,8.021105390521264e-07
7375,2020,116640,3.0111106913775185e-06,8.021105390521264e-07
7376,2020,116640,3.0111106913775185e-06,8.021105390521264e-07
7399,2020,116640,3.0111106913775185e-06,8.021105390521264e-07
7401,2020,116640,3.0111106913775185e-06,8.021105390521264e-07
7403,2020,116640,3.0111106913775185e-06,8.021105390521264e-07
7409,2020,116640,3.0111106913775185e-06,8.021105390521264e-07
7486,2020,116640,3.0111106913775185e-06,8.021105390521264e-07
7525,2020,116640,3.0111106913775185e-06,8.021105390521264e-07
7538,2020,116640,3.0111106913775185e-06,8.021105390521264e-07
7563,2020,116640,3.0111106913775185e-06,8.021105390521264e-07
7569,2020,116640,3.0111106913775185e-06,8.021105390521264e-07
7596,2020,116640,3.0111106913775185e-06,8.021105390521264e-07
7597,2020,116640,3.0111106913775185e-06,8.021105390521264e-07
7607,2020,116640,3.0111106913775185e-06,8.021105390521264e-07
7642,2020,116640,3.0111106913775185e-06,8.021105390521264e-07
7660,2020,116640,3.0111106913775185e-06,8.021105390521264e-07
7668,2020,116640,3.0111106913775185e-06,8.021105390521264e-07
7683,2020,116640,3.0111106913775185e-06,8.021105390521264e-07
7695,2020,116640,3.0111106913775185e-06,8.021105390521264e-07
7704,2020,116640,3.0111106913775185e-06,8.021105390521264e-07
7720,2020,116640,3.0111106913775185e-06,8.021105390521264e-07
7757,2020,116640,3.0111106913775185e-06,8.021105390521264e-07
7787,2020,116640,3.0111106913775185e-06,8.021105390521264e-07
7793,2020,116640,3.0111106913775185e-06,8.021105390521264e-07
7805,2020,116640,3.0111106913775185e-06,8.021105390521264e-07
7819,2020,116640,3.0111106913775185e-06,8.021105390521264e-07
7833,2020,116640,3.0111106913775185e-06,8.021105390521264e-07
7876,2020,116640,3.0111106913775185e-06,8.021105390521264e-07
7893,2020,116640,3.0111106913775185e-06,8.021105390521264e-07
7909,2020,116640,3.0111106913775185e-06,8.021105390521264e-07
7924,2020,116640,3.0111106913775185e-06,8.021105390521264e-07
7925,2020,116640,3.0111106913775185e-06,8.021105390521264e-07
2773,2020,116628,3.0111106913775185e-06,8.020280173917302e-07
2839,2020,116628,3.0111106913775185e-06,8.020280173917302e-07
2844,2020,116628,3.0111106913775185e-06,8.020280173917302e-07
2849,2020,116628,3.0111106913775185e-06,8.020280173917302e-07
2858,2020,116628,3.0111106913775185e-06,8.020280173917302e-07
2863,2020,116628,3.0111106913775185e-06,8.020280173917302e-07
2865,2020,116628,3.0111106913775185e-06,8.020280173917302e-07
2868,2020,116628,3.0111106913775185e-06,8.020280173917302e-07
2873,2020,116628,3.0111106913775185e-06,8.020280173917302e-07
2883,2020,116628,3.0111106913775185e-06,8.020280173917302e-07
2894,2020,116628,3.0111106913775185e-06,8.020280173917302e-07
2896,2020,116628,3.0111106913775185e-06,8.020280173917302e-07
2899,2020,116628,3.0111106913775185e-06,8.020280173917302e-07
2904,2020,116628,3.0111106913775185e-06,8.020280173917302e-07
2905,2020,116628,3.0111106913775185e-06,8.020280173917302e-07
2917,2020,116628,3.0111106913775185e-06,8.020280173917302e-07
2922,2020,116628,3.0111106913775185e-06,8.020280173917302e-07
2925,2020,116628,3.0111106913775185e-06,8.020280173917302e-07
2928,2020,116628,3.0111106913775185e-06,8.020280173917302e-07
2930,2020,116628,3.0111106913775185e-06,8.020280173917302e-07
2936,2020,116628,3.0111106913775185e-06,8.020280173917302e-07
2939,2020,116628,3.0111106913775185e-06,8.020280173917302e-07
2945,2020,116628,3.0111106913775185e-06,8.020280173917302e-07
2954,2020,116628,3.0111106913775185e-06,8.020280173917302e-07
2955,2020,116628,3.0111106913775185e-06,8.020280173917302e-07
2957,2020,116628,3.0111106913775185e-06,8.020280173917302e-07
2959,2020,116628,3.0111106913775185e-06,8.020280173917302e-07
2960,2020,116628,3.0111106913775185e-06,8.020280173917302e-07
2981,2020,116628,3.0111106913775185e-06,8.020280173917302e-07
2983,2020,116628,3.0111106913775185e-06,8.020280173917302e-07
2999,2020,116628,3.0111106913775185e-06,8.020280173917302e-07
3008,2020,116628,3.0111106913775185e-06,8.020280173917302e-07
2553,2019,116652,3.009620042520401e-06,8.021930607125228e-07
2579,2019,116652,3.009620042520401e-06,8.021930607125228e-07
2581,2019,116652,3.009620042520401e-06,8.021930607125228e-07
2645,2019,116624,3.009620042520401e-06,8.02000510171598e-07
2649,2019,116628,3.009620042520401e-06,8.020280173917302e-07
2650,2019,116628,3.009620042520401e-06,8.020280173917302e-07
2682,2019,116624,3.009620042520401e-06,8.02000510171598e-07
2693,2019,116628,3.009620042520401e-06,8.020280173917302e-07
2699,2019,116624,3.009620042520401e-06,8.02000510171598e-07
2711,2019,116612,3.009620042520401e-06,8.019179885112017e-07
7957,2019,116592,3.009620042520401e-06,8.017804524105412e-07
7974,2019,116592,3.009620042520401e-06,8.017804524105412e-07
7981,2019,116592,3.009620042520401e-06,8.017804524105412e-07
7993,2019,116592,3.009620042520401e-06,8.017804524105412e-07
8026,2019,116592,3.009620042520401e-06,8.017804524105412e-07
8036,2019,116592,3.009620042520401e-06,8.017804524105412e-07
8044,2019,116592,3.009620042520401e-06,8.017804524105412e-07
8065,2019,116592,3.009620042520401e-06,8.017804524105412e-07
8074,2019,116592,3.009620042520401e-06,8.017804524105412e-07
2766,2019,116568,3.009620042520401e-06,8.016154090897486e-07
2778,2019,116568,3.009620042520401e-06,8.016154090897486e-07
2780,2019,116568,3.009620042520401e-06,8.016154090897486e-07
2789,2019,116568,3.009620042520401e-06,8.016154090897486e-07
2792,2019,116568,3.009620042520401e-06,8.016154090897486e-07
2796,2019,116568,3.009620042520401e-06,8.016154090897486e-07
2798,2019,116568,3.009620042520401e-06,8.016154090897486e-07
2801,2019,116568,3.009620042520401e-06,8.016154090897486e-07
2808,2019,116568,3.009620042520401e-06,8.016154090897486e-07
2813,2019,116568,3.009620042520401e-06,8.016154090897486e-07
2814,2019,116568,3.009620042520401e-06,8.016154090897486e-07
2831,2019,116568,3.009620042520401e-06,8.016154090897486e-07
2832,2019,116568,3.009620042520401e-06,8.016154090897486e-07
2840,2019,116568,3.009620042520401e-06,8.016154090897486e-07
2841,2019,116568,3.009620042520401e-06,8.016154090897486e-07
2846,2019,116568,3.009620042520401e-06,8.016154090897486e-07
2848,2019,116568,3.009620042520401e-06,8.016154090897486e-07
2851,2019,116568,3.009620042520401e-06,8.016154090897486e-07
2852,2019,116568,3.009620042520401e-06,8.016154090897486e-07
2855,2019,116568,3.009620042520401e-06,8.016154090897486e-07
2882,2019,116568,3.009620042520401e-06,8.016154090897486e-07
2888,2019,116568,3.009620042520401e-06,8.016154090897486e-07
2889,2019,116568,3.009620042520401e-06,8.016154090897486e-07
2892,2019,116568,3.009620042520401e-06,8.016154090897486e-07
2897,2019,116568,3.009620042520401e-06,8.016154090897486e-07
2900,2019,116568,3.009620042520401e-06,8.016154090897486e-07
2908,2019,116568,3.009620042520401e-06,8.016154090897486e-07
2914,2019,116568,3.009620042520401e-06,8.016154090897486e-07
2919,2019,116568,3.009620042520401e-06,8.016154090897486e-07
2923,2019,116568,3.009620042520401e-06,8.016154090897486e-07
2934,2019,116568,3.009620042520401e-06,8.016154090897486e-07
2545,2018,116592,3.0081293936632834e-06,8.017804524105412e-07
2596,2018,116592,3.0081293936632834e-06,8.017804524105412e-07
2686,2018,116568,3.0081293936632834e-06,8.016154090897486e-07
2750,2018,116520,3.0081293936632834e-06,8.012853224481633e-07
2753,2018,116520,3.0081293936632834e-06,8.012853224481633e-07
2754,2018,116520,3.0081293936632834e-06,8.012853224481633e-07
2758,2018,116520,3.0081293936632834e-06,8.012853224481633e-07
2760,2018,116520,3.0081293936632834e-06,8.012853224481633e-07
2761,2018,116520,3.0081293936632834e-06,8.012853224481633e-07
2764,2018,116508,3.0081293936632834e-06,8.01202800787767e-07
2765,2018,116508,3.0081293936632834e-06,8.01202800787767e-07
2767,2018,116508,3.0081293936632834e-06,8.01202800787767e-07
2768,2018,116508,3.0081293936632834e-06,8.01202800787767e-07
2777,2018,116508,3.0081293936632834e-06,8.01202800787767e-07
2781,2018,116508,3.0081293936632834e-06,8.01202800787767e-07
2784,2018,116508,3.0081293936632834e-06,8.01202800787767e-07
2786,2018,116508,3.0081293936632834e-06,8.01202800787767e-07
2791,2018,116508,3.0081293936632834e-06,8.01202800787767e-07
2806,2018,116508,3.0081293936632834e-06,8.01202800787767e-07
2810,2018,116508,3.0081293936632834e-06,8.01202800787767e-07
2812,2018,116508,3.0081293936632834e-06,8.01202800787767e-07
2815,2018,116508,3.0081293936632834e-06,8.01202800787767e-07
2819,2018,116508,3.0081293936632834e-06,8.01202800787767e-07
2823,2018,116508,3.0081293936632834e-06,8.01202800787767e-07
2837,2018,116508,3.0081293936632834e-06,8.01202800787767e-07
2838,2018,116508,3.0081293936632834e-06,8.01202800787767e-07
2847,2018,116508,3.0081293936632834e-06,8.01202800787767e-07
2856,2018,116508,3.0081293936632834e-06,8.01202800787767e-07
2857,2018,116508,3.0081293936632834e-06,8.01202800787767e-07
2862,2018,116508,3.0081293936632834e-06,8.01202800787767e-07
2874,2018,116508,3.0081293936632834e-06,8.01202800787767e-07
2877,2018,116508,3.0081293936632834e-06,8.01202800787767e-07
2880,2018,116508,3.0081293936632834e-06,8.01202800787767e-07
2881,2018,116508,3.0081293936632834e-06,8.01202800787767e-07
2884,2018,116508,3.0081293936632834e-06,8.01202800787767e-07
2886,2018,116508,3.0081293936632834e-06,8.01202800787767e-07
2891,2018,116508,3.0081293936632834e-06,8.01202800787767e-07
2893,2018,116508,3.0081293936632834e-06,8.01202800787767e-07
2895,2018,116508,3.0081293936632834e-06,8.01202800787767e-07
2898,2018,116508,3.0081293936632834e-06,8.01202800787767e-07
2901,2018,116508,3.0081293936632834e-06,8.01202800787767e-07
2903,2018,116508,3.0081293936632834e-06,8.01202800787767e-07
2907,2018,116508,3.0081293936632834e-06,8.01202800787767e-07
2913,2018,116508,3.0081293936632834e-06,8.01202800787767e-07
2480,2017,116532,3.006638744806166e-06,8.013678441085597e-07
2494,2017,116532,3.006638744806166e-06,8.013678441085597e-07
2534,2017,116532,3.006638744806166e-06,8.013678441085597e-07
2538,2017,116532,3.006638744806166e-06,8.013678441085597e-07
2586,2017,116532,3.006638744806166e-06,8.013678441085597e-07
2589,2017,116532,3.006638744806166e-06,8.013678441085597e-07
2623,2017,116528,3.006638744806166e-06,8.013403368884275e-07
2634,2017,116520,3.006638744806166e-06,8.012853224481633e-07
2636,2017,116520,3.006638744806166e-06,8.012853224481633e-07
2676,2017,116488,3.006638744806166e-06,8.010652646871065e-07
2680,2017,116504,3.006638744806166e-06,8.011752935676349e-07
2684,2017,116508,3.006638744806166e-06,8.01202800787767e-07
2688,2017,116504,3.006638744806166e-06,8.011752935676349e-07
2715,2017,116472,3.006638744806166e-06,8.009552358065781e-07
2722,2017,116472,3.006638744806166e-06,8.009552358065781e-07
2723,2017,116472,3.006638744806166e-06,8.009552358065781e-07
2729,2017,116472,3.006638744806166e-06,8.009552358065781e-07
2737,2017,116460,3.006638744806166e-06,8.008727141461818e-07
2739,2017,116460,3.006638744806166e-06,8.008727141461818e-07
2745,2017,116460,3.006638744806166e-06,8.008727141461818e-07
2751,2017,116460,3.006638744806166e-06,8.008727141461818e-07
2752,2017,116460,3.006638744806166e-06,8.008727141461818e-07
2756,2017,116460,3.006638744806166e-06,8.008727141461818e-07
2770,2017,116448,3.006638744806166e-06,8.007901924857855e-07
2779,2017,116448,3.006638744806166e-06,8.007901924857855e-07
2785,2017,116448,3.006638744806166e-06,8.007901924857855e-07
2794,2017,116448,3.006638744806166e-06,8.007901924857855e-07
2799,2017,116448,3.006638744806166e-06,8.007901924857855e-07
2805,2017,116448,3.006638744806166e-06,8.007901924857855e-07
2807,2017,116448,3.006638744806166e-06,8.007901924857855e-07
2820,2017,116448,3.006638744806166e-06,8.007901924857855e-07
2821,2017,116448,3.006638744806166e-06,8.007901924857855e-07
2827,2017,116448,3.006638744806166e-06,8.007901924857855e-07
2836,2017,116448,3.006638744806166e-06,8.007901924857855e-07
2845,2017,116448,3.006638744806166e-06,8.007901924857855e-07
2859,2017,116448,3.006638744806166e-06,8.007901924857855e-07
2871,2017,116448,3.006638744806166e-06,8.007901924857855e-07
2885,2017,116448,3.006638744806166e-06,8.007901924857855e-07
2915,2017,116448,3.006638744806166e-06,8.007901924857855e-07
2560,2016,116468,3.0051480959490482e-06,8.00927728586446e-07
2692,2016,116424,3.0051480959490482e-06,8.006251491649929e-07
2713,2016,116412,3.0051480959490482e-06,8.005426275045965e-07
2724,2016,116412,3.0051480959490482e-06,8.005426275045965e-07
2733,2016,116412,3.0051480959490482e-06,8.005426275045965e-07
2742,2016,116400,3.0051480959490482e-06,8.004601058442003e-07
2757,2016,116400,3.0051480959490482e-06,8.004601058442003e-07
2762,2016,116400,3.0051480959490482e-06,8.004601058442003e-07
2769,2016,116388,3.0051480959490482e-06,8.003775841838039e-07
2771,2016,116388,3.0051480959490482e-06,8.003775841838039e-07
2772,2016,116388,3.0051480959490482e-06,8.003775841838039e-07
2774,2016,116388,3.0051480959490482e-06,8.003775841838039e-07
2782,2016,116388,3.0051480959490482e-06,8.003775841838039e-07
2788,2016,116388,3.0051480959490482e-06,8.003775841838039e-07
2790,2016,116388,3.0051480959490482e-06,8.003775841838039e-07
2824,2016,116388,3.0051480959490482e-06,8.003775841838039e-07
2424,2015,116424,3.0036574470919307e-06,8.006251491649929e-07
2430,2015,116424,3.0036574470919307e-06,8.006251491649929e-07
2436,2015,116424,3.0036574470919307e-06,8.006251491649929e-07
2476,2015,116412,3.0036574470919307e-06,8.005426275045965e-07
2514,2015,116412,3.0036574470919307e-06,8.005426275045965e-07
2551,2015,116412,3.0036574470919307e-06,8.005426275045965e-07
2646,2015,116364,3.0036574470919307e-06,8.002125408630113e-07
2664,2015,116364,3.0036574470919307e-06,8.002125408630113e-07
2719,2015,116352,3.0036574470919307e-06,8.001300192026151e-07
2721,2015,116352,3.0036574470919307e-06,8.001300192026151e-07
2730,2015,116352,3.0036574470919307e-06,8.001300192026151e-07
2732,2015,116352,3.0036574470919307e-06,8.001300192026151e-07
2740,2015,116340,3.0036574470919307e-06,8.000474975422187e-07
2741,2015,116340,3.0036574470919307e-06,8.000474975422187e-07
2743,2015,116340,3.0036574470919307e-06,8.000474975422187e-07
2744,2015,116340,3.0036574470919307e-06,8.000474975422187e-07
2746,2015,116340,3.0036574470919307e-06,8.000474975422187e-07
2748,2015,116340,3.0036574470919307e-06,8.000474975422187e-07
2749,2015,116340,3.0036574470919307e-06,8.000474975422187e-07
2759,2015,116340,3.0036574470919307e-06,8.000474975422187e-07
2783,2015,116328,3.0036574470919307e-06,7.999649758818224e-07
2451,2014,116364,3.002166798234813e-06,8.002125408630113e-07
2456,2014,116364,3.002166798234813e-06,8.002125408630113e-07
2484,2014,116348,3.002166798234813e-06,8.001025119824829e-07
2499,2014,116352,3.002166798234813e-06,8.001300192026151e-07
2520,2014,116348,3.002166798234813e-06,8.001025119824829e-07
2550,2014,116352,3.002166798234813e-06,8.001300192026151e-07
2559,2014,116328,3.002166798234813e-06,7.999649758818224e-07
2577,2014,116352,3.002166798234813e-06,8.001300192026151e-07
2584,2014,116344,3.002166798234813e-06,8.000750047623508e-07
2637,2014,116316,3.002166798234813e-06,7.998824542214261e-07
2640,2014,116304,3.002166798234813e-06,7.997999325610298e-07
2654,2014,116304,3.002166798234813e-06,7.997999325610298e-07
2672,2014,116304,3.002166798234813e-06,7.997999325610298e-07
2691,2014,116304,3.002166798234813e-06,7.997999325610298e-07
2695,2014,116304,3.002166798234813e-06,7.997999325610298e-07
2720,2014,116292,3.002166798234813e-06,7.997174109006335e-07
2726,2014,116292,3.002166798234813e-06,7.997174109006335e-07
2727,2014,116292,3.002166798234813e-06,7.997174109006335e-07
2731,2014,116292,3.002166798234813e-06,7.997174109006335e-07
2735,2014,116292,3.002166798234813e-06,7.997174109006335e-07
2738,2014,116280,3.002166798234813e-06,7.996348892402371e-07
2256,2013,116340,3.0006761493776955e-06,8.000474975422187e-07
2389,2013,116304,3.0006761493776955e-06,7.997999325610298e-07
2420,2013,116304,3.0006761493776955e-06,7.997999325610298e-07
2428,2013,116304,3.0006761493776955e-06,7.997999325610298e-07
2431,2013,116304,3.0006761493776955e-06,7.997999325610298e-07
2472,2013,116288,3.0006761493776955e-06,7.996899036805013e-07
2503,2013,116292,3.0006761493776955e-06,7.997174109006335e-07
2516,2013,116288,3.0006761493776955e-06,7.996899036805013e-07
2519,2013,116292,3.0006761493776955e-06,7.997174109006335e-07
2590,2013,116268,3.0006761493776955e-06,7.995523675798409e-07
2627,2013,116256,3.0006761493776955e-06,7.994698459194445e-07
2639,2013,116244,3.0006761493776955e-06,7.993873242590482e-07
2642,2013,116244,3.0006761493776955e-06,7.993873242590482e-07
2643,2013,116244,3.0006761493776955e-06,7.993873242590482e-07
2658,2013,116244,3.0006761493776955e-06,7.993873242590482e-07
2671,2013,116244,3.0006761493776955e-06,7.993873242590482e-07
2674,2013,116244,3.0006761493776955e-06,7.993873242590482e-07
2690,2013,116244,3.0006761493776955e-06,7.993873242590482e-07
2716,2013,116232,3.0006761493776955e-06,7.993048025986519e-07
2411,2012,116244,2.999185500520578e-06,7.993873242590482e-07
2416,2012,116244,2.999185500520578e-06,7.993873242590482e-07
2464,2012,116244,2.999185500520578e-06,7.993873242590482e-07
2467,2012,116244,2.999185500520578e-06,7.993873242590482e-07
2469,2012,116244,2.999185500520578e-06,7.993873242590482e-07
2507,2012,116228,2.999185500520578e-06,7.992772953785198e-07
2547,2012,116212,2.999185500520578e-06,7.991672664979914e-07
2548,2012,116208,2.999185500520578e-06,7.991397592778593e-07
2566,2012,116208,2.999185500520578e-06,7.991397592778593e-07
2593,2012,116208,2.999185500520578e-06,7.991397592778593e-07
2641,2012,116184,2.999185500520578e-06,7.989747159570667e-07
2647,2012,116184,2.999185500520578e-06,7.989747159570667e-07
2656,2012,116184,2.999185500520578e-06,7.989747159570667e-07
2659,2012,116184,2.999185500520578e-06,7.989747159570667e-07
2661,2012,116184,2.999185500520578e-06,7.989747159570667e-07
2665,2012,116184,2.999185500520578e-06,7.989747159570667e-07
2669,2012,116184,2.999185500520578e-06,7.989747159570667e-07
2677,2012,116184,2.999185500520578e-06,7.989747159570667e-07
2679,2012,116184,2.999185500520578e-06,7.989747159570667e-07
2683,2012,116184,2.999185500520578e-06,7.989747159570667e-07
2685,2012,116184,2.999185500520578e-06,7.989747159570667e-07
2687,2012,116184,2.999185500520578e-06,7.989747159570667e-07
2689,2012,116184,2.999185500520578e-06,7.989747159570667e-07
2696,2012,116184,2.999185500520578e-06,7.989747159570667e-07
2697,2012,116184,2.999185500520578e-06,7.989747159570667e-07
2700,2012,116184,2.999185500520578e-06,7.989747159570667e-07
2706,2012,116184,2.999185500520578e-06,7.989747159570667e-07
2707,2012,116184,2.999185500520578e-06,7.989747159570667e-07
2712,2012,116172,2.999185500520578e-06,7.988921942966704e-07
2709,2012,116172,2.999185500520578e-06,7.988921942966704e-07
2229,2011,116220,2.9976948516634603e-06,7.992222809382556e-07
2296,2011,116184,2.9976948516634603e-06,7.989747159570667e-07
2364,2011,116184,2.9976948516634603e-06,7.989747159570667e-07
2367,2011,116180,2.9976948516634603e-06,7.989472087369346e-07
2415,2011,116184,2.9976948516634603e-06,7.989747159570667e-07
2442,2011,116184,2.9976948516634603e-06,7.989747159570667e-07
2444,2011,116184,2.9976948516634603e-06,7.989747159570667e-07
2477,2011,116148,2.9976948516634603e-06,7.987271509758778e-07
2524,2011,116148,2.9976948516634603e-06,7.987271509758778e-07
2527,2011,116148,2.9976948516634603e-06,7.987271509758778e-07
2529,2011,116148,2.9976948516634603e-06,7.987271509758778e-07
2536,2011,116148,2.9976948516634603e-06,7.987271509758778e-07
2549,2011,116148,2.9976948516634603e-06,7.987271509758778e-07
2558,2011,116148,2.9976948516634603e-06,7.987271509758778e-07
2567,2011,116148,2.9976948516634603e-06,7.987271509758778e-07
2575,2011,116148,2.9976948516634603e-06,7.987271509758778e-07
2595,2011,116148,2.9976948516634603e-06,7.987271509758778e-07
2609,2011,116148,2.9976948516634603e-06,7.987271509758778e-07
2611,2011,116148,2.9976948516634603e-06,7.987271509758778e-07
2616,2011,116148,2.9976948516634603e-06,7.987271509758778e-07
2621,2011,116148,2.9976948516634603e-06,7.987271509758778e-07
2624,2011,116148,2.9976948516634603e-06,7.987271509758778e-07
2629,2011,116136,2.9976948516634603e-06,7.986446293154814e-07
2651,2011,116124,2.9976948516634603e-06,7.985621076550852e-07
2653,2011,116124,2.9976948516634603e-06,7.985621076550852e-07
2655,2011,116124,2.9976948516634603e-06,7.985621076550852e-07
2657,2011,116124,2.9976948516634603e-06,7.985621076550852e-07
2663,2011,116124,2.9976948516634603e-06,7.985621076550852e-07
2666,2011,116124,2.9976948516634603e-06,7.985621076550852e-07
2668,2011,116124,2.9976948516634603e-06,7.985621076550852e-07
2673,2011,116124,2.9976948516634603e-06,7.985621076550852e-07
2675,2011,116124,2.9976948516634603e-06,7.985621076550852e-07
2678,2011,116124,2.9976948516634603e-06,7.985621076550852e-07
2681,2011,116124,2.9976948516634603e-06,7.985621076550852e-07
2694,2011,116124,2.9976948516634603e-06,7.985621076550852e-07
2698,2011,116124,2.9976948516634603e-06,7.985621076550852e-07
2703,2011,116124,2.9976948516634603e-06,7.985621076550852e-07
2705,2011,116124,2.9976948516634603e-06,7.985621076550852e-07
1997,2010,116180,2.9962042028063428e-06,7.989472087369346e-07
2289,2010,116124,2.9962042028063428e-06,7.985621076550852e-07
2305,2010,116124,2.9962042028063428e-06,7.985621076550852e-07
2319,2010,116124,2.9962042028063428e-06,7.985621076550852e-07
2330,2010,116124,2.9962042028063428e-06,7.985621076550852e-07
2352,2010,116124,2.9962042028063428e-06,7.985621076550852e-07
2363,2010,116124,2.9962042028063428e-06,7.985621076550852e-07
2380,2010,116124,2.9962042028063428e-06,7.985621076550852e-07
2489,2010,116088,2.9962042028063428e-06,7.983145426738962e-07
2506,2010,116088,2.9962042028063428e-06,7.983145426738962e-07
2528,2010,116088,2.9962042028063428e-06,7.983145426738962e-07
2532,2010,116088,2.9962042028063428e-06,7.983145426738962e-07
2537,2010,116088,2.9962042028063428e-06,7.983145426738962e-07
2561,2010,116088,2.9962042028063428e-06,7.983145426738962e-07
2564,2010,116088,2.9962042028063428e-06,7.983145426738962e-07
2565,2010,116088,2.9962042028063428e-06,7.983145426738962e-07
2571,2010,116088,2.9962042028063428e-06,7.983145426738962e-07
2574,2010,116088,2.9962042028063428e-06,7.983145426738962e-07
2591,2010,116088,2.9962042028063428e-06,7.983145426738962e-07
2610,2010,116088,2.9962042028063428e-06,7.983145426738962e-07
2617,2010,116088,2.9962042028063428e-06,7.983145426738962e-07
2620,2010,116088,2.9962042028063428e-06,7.983145426738962e-07
2622,2010,116088,2.9962042028063428e-06,7.983145426738962e-07
2628,2010,116076,2.9962042028063428e-06,7.982320210135e-07
2630,2010,116076,2.9962042028063428e-06,7.982320210135e-07
2631,2010,116076,2.9962042028063428e-06,7.982320210135e-07
2633,2010,116076,2.9962042028063428e-06,7.982320210135e-07
2635,2010,116076,2.9962042028063428e-06,7.982320210135e-07
2648,2010,116064,2.9962042028063428e-06,7.981494993531036e-07
2662,2010,116064,2.9962042028063428e-06,7.981494993531036e-07
2704,2010,116064,2.9962042028063428e-06,7.981494993531036e-07
2151,2009,116112,2.994713553949225e-06,7.984795859946888e-07
2292,2009,116064,2.994713553949225e-06,7.981494993531036e-07
2351,2009,116064,2.994713553949225e-06,7.981494993531036e-07
2400,2009,116040,2.994713553949225e-06,7.97984456032311e-07
2417,2009,116040,2.994713553949225e-06,7.97984456032311e-07
2438,2009,116040,2.994713553949225e-06,7.97984456032311e-07
2478,2009,116028,2.994713553949225e-06,7.979019343719146e-07
2497,2009,116028,2.994713553949225e-06,7.979019343719146e-07
2526,2009,116028,2.994713553949225e-06,7.979019343719146e-07
2530,2009,116028,2.994713553949225e-06,7.979019343719146e-07
2533,2009,116028,2.994713553949225e-06,7.979019343719146e-07
2539,2009,116028,2.994713553949225e-06,7.979019343719146e-07
2541,2009,116028,2.994713553949225e-06,7.979019343719146e-07
2542,2009,116028,2.994713553949225e-06,7.979019343719146e-07
2546,2009,116028,2.994713553949225e-06,7.979019343719146e-07
2552,2009,116028,2.994713553949225e-06,7.979019343719146e-07
2555,2009,116028,2.994713553949225e-06,7.979019343719146e-07
2562,2009,116028,2.994713553949225e-06,7.979019343719146e-07
2568,2009,116028,2.994713553949225e-06,7.979019343719146e-07
2569,2009,116028,2.994713553949225e-06,7.979019343719146e-07
2570,2009,116028,2.994713553949225e-06,7.979019343719146e-07
2572,2009,116028,2.994713553949225e-06,7.979019343719146e-07
2582,2009,116028,2.994713553949225e-06,7.979019343719146e-07
2588,2009,116028,2.994713553949225e-06,7.979019343719146e-07
2592,2009,116028,2.994713553949225e-06,7.979019343719146e-07
2598,2009,116028,2.994713553949225e-06,7.979019343719146e-07
2599,2009,116028,2.994713553949225e-06,7.979019343719146e-07
2600,2009,116028,2.994713553949225e-06,7.979019343719146e-07
2603,2009,116028,2.994713553949225e-06,7.979019343719146e-07
2612,2009,116028,2.994713553949225e-06,7.979019343719146e-07
2619,2009,116028,2.994713553949225e-06,7.979019343719146e-07
2625,2009,116028,2.994713553949225e-06,7.979019343719146e-07
2632,2009,116016,2.994713553949225e-06,7.978194127115184e-07
2250,2008,116016,2.9932229050921076e-06,7.978194127115184e-07
2328,2008,116000,2.9932229050921076e-06,7.9770938383099e-07
2340,2008,115980,2.9932229050921076e-06,7.975718477303294e-07
2374,2008,115980,2.9932229050921076e-06,7.975718477303294e-07
2384,2008,115980,2.9932229050921076e-06,7.975718477303294e-07
2385,2008,115980,2.9932229050921076e-06,7.975718477303294e-07
2419,2008,115980,2.9932229050921076e-06,7.975718477303294e-07
2427,2008,115980,2.9932229050921076e-06,7.975718477303294e-07
2434,2008,115980,2.9932229050921076e-06,7.975718477303294e-07
2445,2008,115980,2.9932229050921076e-06,7.975718477303294e-07
2446,2008,115980,2.9932229050921076e-06,7.975718477303294e-07
2452,2008,115980,2.9932229050921076e-06,7.975718477303294e-07
2454,2008,115980,2.9932229050921076e-06,7.975718477303294e-07
2468,2008,115980,2.9932229050921076e-06,7.975718477303294e-07
2473,2008,115968,2.9932229050921076e-06,7.974893260699331e-07
2474,2008,115968,2.9932229050921076e-06,7.974893260699331e-07
2481,2008,115968,2.9932229050921076e-06,7.974893260699331e-07
2485,2008,115968,2.9932229050921076e-06,7.974893260699331e-07
2487,2008,115968,2.9932229050921076e-06,7.974893260699331e-07
2491,2008,115968,2.9932229050921076e-06,7.974893260699331e-07
2505,2008,115968,2.9932229050921076e-06,7.974893260699331e-07
2509,2008,115968,2.9932229050921076e-06,7.974893260699331e-07
2512,2008,115968,2.9932229050921076e-06,7.974893260699331e-07
2531,2008,115968,2.9932229050921076e-06,7.974893260699331e-07
2535,2008,115968,2.9932229050921076e-06,7.974893260699331e-07
2543,2008,115968,2.9932229050921076e-06,7.974893260699331e-07
2544,2008,115968,2.9932229050921076e-06,7.974893260699331e-07
2556,2008,115968,2.9932229050921076e-06,7.974893260699331e-07
2576,2008,115968,2.9932229050921076e-06,7.974893260699331e-07
2578,2008,115968,2.9932229050921076e-06,7.974893260699331e-07
2580,2008,115968,2.9932229050921076e-06,7.974893260699331e-07
2585,2008,115968,2.9932229050921076e-06,7.974893260699331e-07
2594,2008,115968,2.9932229050921076e-06,7.974893260699331e-07
2597,2008,115968,2.9932229050921076e-06,7.974893260699331e-07
2606,2008,115968,2.9932229050921076e-06,7.974893260699331e-07
2613,2008,115968,2.9932229050921076e-06,7.974893260699331e-07
2614,2008,115968,2.9932229050921076e-06,7.974893260699331e-07
2615,2008,115968,2.9932229050921076e-06,7.974893260699331e-07
2626,2008,115968,2.9932229050921076e-06,7.974893260699331e-07
2280,2007,115944,2.99173225623499e-06,7.973242827491405e-07
2320,2007,115920,2.99173225623499e-06,7.971592394283479e-07
2357,2007,115920,2.99173225623499e-06,7.971592394283479e-07
2377,2007,115920,2.99173225623499e-06,7.971592394283479e-07
2397,2007,115920,2.99173225623499e-06,7.971592394283479e-07
2403,2007,115920,2.99173225623499e-06,7.971592394283479e-07
2409,2007,115920,2.99173225623499e-06,7.971592394283479e-07
2426,2007,115920,2.99173225623499e-06,7.971592394283479e-07
2433,2007,115920,2.99173225623499e-06,7.971592394283479e-07
2453,2007,115920,2.99173225623499e-06,7.971592394283479e-07
2457,2007,115920,2.99173225623499e-06,7.971592394283479e-07
2460,2007,115920,2.99173225623499e-06,7.971592394283479e-07
2482,2007,115908,2.99173225623499e-06,7.970767177679516e-07
2486,2007,115908,2.99173225623499e-06,7.970767177679516e-07
2493,2007,115908,2.99173225623499e-06,7.970767177679516e-07
2495,2007,115908,2.99173225623499e-06,7.970767177679516e-07
2496,2007,115908,2.99173225623499e-06,7.970767177679516e-07
2502,2007,115908,2.99173225623499e-06,7.970767177679516e-07
2513,2007,115908,2.99173225623499e-06,7.970767177679516e-07
2517,2007,115908,2.99173225623499e-06,7.970767177679516e-07
2518,2007,115908,2.99173225623499e-06,7.970767177679516e-07
2523,2007,115908,2.99173225623499e-06,7.970767177679516e-07
2540,2007,115908,2.99173225623499e-06,7.970767177679516e-07
2554,2007,115908,2.99173225623499e-06,7.970767177679516e-07
2563,2007,115908,2.99173225623499e-06,7.970767177679516e-07
2587,2007,115908,2.99173225623499e-06,7.970767177679516e-07
2618,2007,115908,2.99173225623499e-06,7.970767177679516e-07
2238,2006,115896,2.9902416073778724e-06,7.969941961075553e-07
2267,2006,115896,2.9902416073778724e-06,7.969941961075553e-07
2310,2006,115860,2.9902416073778724e-06,7.967466311263663e-07
2314,2006,115864,2.9902416073778724e-06,7.967741383464985e-07
2334,2006,115860,2.9902416073778724e-06,7.967466311263663e-07
2349,2006,115860,2.9902416073778724e-06,7.967466311263663e-07
2370,2006,115860,2.9902416073778724e-06,7.967466311263663e-07
2395,2006,115860,2.9902416073778724e-06,7.967466311263663e-07
2405,2006,115860,2.9902416073778724e-06,7.967466311263663e-07
2406,2006,115860,2.9902416073778724e-06,7.967466311263663e-07
2410,2006,115860,2.9902416073778724e-06,7.967466311263663e-07
2418,2006,115860,2.9902416073778724e-06,7.967466311263663e-07
2421,2006,115860,2.9902416073778724e-06,7.967466311263663e-07
2425,2006,115860,2.9902416073778724e-06,7.967466311263663e-07
2432,2006,115860,2.9902416073778724e-06,7.967466311263663e-07
2439,2006,115860,2.9902416073778724e-06,7.967466311263663e-07
2441,2006,115860,2.9902416073778724e-06,7.967466311263663e-07
2447,2006,115860,2.9902416073778724e-06,7.967466311263663e-07
2448,2006,115860,2.9902416073778724e-06,7.967466311263663e-07
2463,2006,115860,2.9902416073778724e-06,7.967466311263663e-07
2465,2006,115860,2.9902416073778724e-06,7.967466311263663e-07
2471,2006,115848,2.9902416073778724e-06,7.9666410946597e-07
2475,2006,115848,2.9902416073778724e-06,7.9666410946597e-07
2479,2006,115848,2.9902416073778724e-06,7.9666410946597e-07
2488,2006,115848,2.9902416073778724e-06,7.9666410946597e-07
2498,2006,115848,2.9902416073778724e-06,7.9666410946597e-07
2501,2006,115848,2.9902416073778724e-06,7.9666410946597e-07
2510,2006,115848,2.9902416073778724e-06,7.9666410946597e-07
2521,2006,115848,2.9902416073778724e-06,7.9666410946597e-07
2172,2005,115848,2.988750958520755e-06,7.9666410946597e-07
2193,2005,115848,2.988750958520755e-06,7.9666410946597e-07
2243,2005,115836,2.988750958520755e-06,7.965815878055737e-07
2259,2005,115836,2.988750958520755e-06,7.965815878055737e-07
2274,2005,115836,2.988750958520755e-06,7.965815878055737e-07
2317,2005,115800,2.988750958520755e-06,7.963340228243848e-07
2324,2005,115800,2.988750958520755e-06,7.963340228243848e-07
2355,2005,115800,2.988750958520755e-06,7.963340228243848e-07
2360,2005,115800,2.988750958520755e-06,7.963340228243848e-07
2362,2005,115800,2.988750958520755e-06,7.963340228243848e-07
2371,2005,115800,2.988750958520755e-06,7.963340228243848e-07
2378,2005,115800,2.988750958520755e-06,7.963340228243848e-07
2390,2005,115800,2.988750958520755e-06,7.963340228243848e-07
2396,2005,115800,2.988750958520755e-06,7.963340228243848e-07
2398,2005,115800,2.988750958520755e-06,7.963340228243848e-07
2402,2005,115800,2.988750958520755e-06,7.963340228243848e-07
2404,2005,115800,2.988750958520755e-06,7.963340228243848e-07
2408,2005,115800,2.988750958520755e-06,7.963340228243848e-07
2413,2005,115800,2.988750958520755e-06,7.963340228243848e-07
2423,2005,115800,2.988750958520755e-06,7.963340228243848e-07
2440,2005,115800,2.988750958520755e-06,7.963340228243848e-07
2455,2005,115800,2.988750958520755e-06,7.963340228243848e-07
2458,2005,115800,2.988750958520755e-06,7.963340228243848e-07
2459,2005,115800,2.988750958520755e-06,7.963340228243848e-07
2470,2005,115800,2.988750958520755e-06,7.963340228243848e-07
2483,2005,115788,2.988750958520755e-06,7.962515011639885e-07
2490,2005,115788,2.988750958520755e-06,7.962515011639885e-07
2504,2005,115788,2.988750958520755e-06,7.962515011639885e-07
2508,2005,115788,2.988750958520755e-06,7.962515011639885e-07
2511,2005,115788,2.988750958520755e-06,7.962515011639885e-07
2515,2005,115788,2.988750958520755e-06,7.962515011639885e-07
2189,2004,115784,2.9872603096636373e-06,7.962239939438563e-07
2216,2004,115788,2.9872603096636373e-06,7.962515011639885e-07
2224,2004,115776,2.9872603096636373e-06,7.961689795035921e-07
2225,2004,115772,2.9872603096636373e-06,7.961414722834601e-07
2227,2004,115776,2.9872603096636373e-06,7.961689795035921e-07
2242,2004,115776,2.9872603096636373e-06,7.961689795035921e-07
2252,2004,115776,2.9872603096636373e-06,7.961689795035921e-07
2318,2004,115740,2.9872603096636373e-06,7.959214145224033e-07
2325,2004,115740,2.9872603096636373e-06,7.959214145224033e-07
2332,2004,115740,2.9872603096636373e-06,7.959214145224033e-07
2333,2004,115740,2.9872603096636373e-06,7.959214145224033e-07
2335,2004,115740,2.9872603096636373e-06,7.959214145224033e-07
2338,2004,115740,2.9872603096636373e-06,7.959214145224033e-07
2341,2004,115740,2.9872603096636373e-06,7.959214145224033e-07
2348,2004,115740,2.9872603096636373e-06,7.959214145224033e-07
2354,2004,115740,2.9872603096636373e-06,7.959214145224033e-07
2358,2004,115740,2.9872603096636373e-06,7.959214145224033e-07
2375,2004,115740,2.9872603096636373e-06,7.959214145224033e-07
2379,2004,115740,2.9872603096636373e-06,7.959214145224033e-07
2386,2004,115740,2.9872603096636373e-06,7.959214145224033e-07
2391,2004,115740,2.9872603096636373e-06,7.959214145224033e-07
2392,2004,115740,2.9872603096636373e-06,7.959214145224033e-07
2407,2004,115740,2.9872603096636373e-06,7.959214145224033e-07
2412,2004,115740,2.9872603096636373e-06,7.959214145224033e-07
2414,2004,115740,2.9872603096636373e-06,7.959214145224033e-07
2422,2004,115740,2.9872603096636373e-06,7.959214145224033e-07
2429,2004,115740,2.9872603096636373e-06,7.959214145224033e-07
2435,2004,115740,2.9872603096636373e-06,7.959214145224033e-07
2437,2004,115740,2.9872603096636373e-06,7.959214145224033e-07
2443,2004,115740,2.9872603096636373e-06,7.959214145224033e-07
2449,2004,115740,2.9872603096636373e-06,7.959214145224033e-07
2461,2004,115740,2.9872603096636373e-06,7.959214145224033e-07
2466,2004,115740,2.9872603096636373e-06,7.959214145224033e-07
1645,2004,115904,2.9872603096636373e-06,7.970492105478195e-07
2134,2003,115728,2.9857696608065197e-06,7.958388928620069e-07
2188,2003,115728,2.9857696608065197e-06,7.958388928620069e-07
2234,2003,115692,2.9857696608065197e-06,7.95591327880818e-07
2258,2003,115692,2.9857696608065197e-06,7.95591327880818e-07
2270,2003,115692,2.9857696608065197e-06,7.95591327880818e-07
2271,2003,115692,2.9857696608065197e-06,7.95591327880818e-07
2290,2003,115680,2.9857696608065197e-06,7.955088062204217e-07
2295,2003,115680,2.9857696608065197e-06,7.955088062204217e-07
2308,2003,115680,2.9857696608065197e-06,7.955088062204217e-07
2312,2003,115680,2.9857696608065197e-06,7.955088062204217e-07
2313,2003,115680,2.9857696608065197e-06,7.955088062204217e-07
2315,2003,115680,2.9857696608065197e-06,7.955088062204217e-07
2316,2003,115680,2.9857696608065197e-06,7.955088062204217e-07
2321,2003,115680,2.9857696608065197e-06,7.955088062204217e-07
2327,2003,115680,2.9857696608065197e-06,7.955088062204217e-07
2342,2003,115680,2.9857696608065197e-06,7.955088062204217e-07
2344,2003,115680,2.9857696608065197e-06,7.955088062204217e-07
2345,2003,115680,2.9857696608065197e-06,7.955088062204217e-07
2350,2003,115680,2.9857696608065197e-06,7.955088062204217e-07
2356,2003,115680,2.9857696608065197e-06,7.955088062204217e-07
2359,2003,115680,2.9857696608065197e-06,7.955088062204217e-07
2361,2003,115680,2.9857696608065197e-06,7.955088062204217e-07
2372,2003,115680,2.9857696608065197e-06,7.955088062204217e-07
2373,2003,115680,2.9857696608065197e-06,7.955088062204217e-07
2376,2003,115680,2.9857696608065197e-06,7.955088062204217e-07
2450,2003,115680,2.9857696608065197e-06,7.955088062204217e-07
2462,2003,115680,2.9857696608065197e-06,7.955088062204217e-07
1701,2003,116388,2.9857696608065197e-06,8.003775841838039e-07
1970,2002,115676,2.984279011949402e-06,7.954812990002896e-07
1976,2002,115680,2.984279011949402e-06,7.955088062204217e-07
2156,2002,115668,2.984279011949402e-06,7.954262845600254e-07
2214,2002,115664,2.984279011949402e-06,7.953987773398933e-07
2246,2002,115632,2.984279011949402e-06,7.951787195788365e-07
2268,2002,115632,2.984279011949402e-06,7.951787195788365e-07
2278,2002,115620,2.984279011949402e-06,7.950961979184401e-07
2300,2002,115620,2.984279011949402e-06,7.950961979184401e-07
2309,2002,115620,2.984279011949402e-06,7.950961979184401e-07
2311,2002,115620,2.984279011949402e-06,7.950961979184401e-07
2322,2002,115620,2.984279011949402e-06,7.950961979184401e-07
2326,2002,115620,2.984279011949402e-06,7.950961979184401e-07
2329,2002,115620,2.984279011949402e-06,7.950961979184401e-07
2331,2002,115620,2.984279011949402e-06,7.950961979184401e-07
2336,2002,115620,2.984279011949402e-06,7.950961979184401e-07
2337,2002,115620,2.984279011949402e-06,7.950961979184401e-07
2339,2002,115620,2.984279011949402e-06,7.950961979184401e-07
2347,2002,115620,2.984279011949402e-06,7.950961979184401e-07
2353,2002,115620,2.984279011949402e-06,7.950961979184401e-07
2369,2002,115620,2.984279011949402e-06,7.950961979184401e-07
2387,2002,115620,2.984279011949402e-06,7.950961979184401e-07
2388,2002,115620,2.984279011949402e-06,7.950961979184401e-07
1930,2001,115620,2.9827883630922845e-06,7.950961979184401e-07
1991,2001,115620,2.9827883630922845e-06,7.950961979184401e-07
2050,2001,115608,2.9827883630922845e-06,7.950136762580438e-07
2129,2001,115608,2.9827883630922845e-06,7.950136762580438e-07
2166,2001,115604,2.9827883630922845e-06,7.949861690379117e-07
2187,2001,115604,2.9827883630922845e-06,7.949861690379117e-07
2203,2001,115608,2.9827883630922845e-06,7.950136762580438e-07
2204,2001,115584,2.9827883630922845e-06,7.948486329372512e-07
2228,2001,115572,2.9827883630922845e-06,7.947661112768549e-07
2232,2001,115572,2.9827883630922845e-06,7.947661112768549e-07
2245,2001,115572,2.9827883630922845e-06,7.947661112768549e-07
2255,2001,115572,2.9827883630922845e-06,7.947661112768549e-07
2263,2001,115572,2.9827883630922845e-06,7.947661112768549e-07
2277,2001,115560,2.9827883630922845e-06,7.946835896164586e-07
2281,2001,115560,2.9827883630922845e-06,7.946835896164586e-07
2282,2001,115560,2.9827883630922845e-06,7.946835896164586e-07
2284,2001,115560,2.9827883630922845e-06,7.946835896164586e-07
2298,2001,115560,2.9827883630922845e-06,7.946835896164586e-07
2299,2001,115560,2.9827883630922845e-06,7.946835896164586e-07
2302,2001,115560,2.9827883630922845e-06,7.946835896164586e-07
2303,2001,115560,2.9827883630922845e-06,7.946835896164586e-07
2346,2001,115560,2.9827883630922845e-06,7.946835896164586e-07
2365,2001,115560,2.9827883630922845e-06,7.946835896164586e-07
2368,2001,115560,2.9827883630922845e-06,7.946835896164586e-07
1750,2000,115584,2.981297714235167e-06,7.948486329372512e-07
1960,2000,115560,2.981297714235167e-06,7.946835896164586e-07
1990,2000,115560,2.981297714235167e-06,7.946835896164586e-07
2235,2000,115512,2.981297714235167e-06,7.943535029748734e-07
2261,2000,115512,2.981297714235167e-06,7.943535029748734e-07
2273,2000,115512,2.981297714235167e-06,7.943535029748734e-07
2276,2000,115500,2.981297714235167e-06,7.94270981314477e-07
2279,2000,115500,2.981297714235167e-06,7.94270981314477e-07
2283,2000,115500,2.981297714235167e-06,7.94270981314477e-07
2285,2000,115500,2.981297714235167e-06,7.94270981314477e-07
2286,2000,115500,2.981297714235167e-06,7.94270981314477e-07
2287,2000,115500,2.981297714235167e-06,7.94270981314477e-07
2291,2000,115500,2.981297714235167e-06,7.94270981314477e-07
2294,2000,115500,2.981297714235167e-06,7.94270981314477e-07
2297,2000,115500,2.981297714235167e-06,7.94270981314477e-07
2306,2000,115500,2.981297714235167e-06,7.94270981314477e-07
2307,2000,115500,2.981297714235167e-06,7.94270981314477e-07
1901,2000,115392,2.981297714235167e-06,7.935282863709102e-07
1985,1999,115500,2.9798070653780494e-06,7.94270981314477e-07
2026,1999,115500,2.9798070653780494e-06,7.94270981314477e-07
2069,1999,115488,2.9798070653780494e-06,7.941884596540808e-07
2072,1999,115488,2.9798070653780494e-06,7.941884596540808e-07
2108,1999,115464,2.9798070653780494e-06,7.940234163332882e-07
2113,1999,115464,2.9798070653780494e-06,7.940234163332882e-07
2149,1999,115464,2.9798070653780494e-06,7.940234163332882e-07
2184,1999,115464,2.9798070653780494e-06,7.940234163332882e-07
2192,1999,115464,2.9798070653780494e-06,7.940234163332882e-07
2215,1999,115464,2.9798070653780494e-06,7.940234163332882e-07
2223,1999,115452,2.9798070653780494e-06,7.939408946728918e-07
2230,1999,115452,2.9798070653780494e-06,7.939408946728918e-07
2239,1999,115452,2.9798070653780494e-06,7.939408946728918e-07
2241,1999,115452,2.9798070653780494e-06,7.939408946728918e-07
2244,1999,115452,2.9798070653780494e-06,7.939408946728918e-07
2257,1999,115452,2.9798070653780494e-06,7.939408946728918e-07
2262,1999,115452,2.9798070653780494e-06,7.939408946728918e-07
2304,1999,115440,2.9798070653780494e-06,7.938583730124956e-07
1739,1998,115460,2.978316416520932e-06,7.93995909113156e-07
1855,1998,115440,2.978316416520932e-06,7.938583730124956e-07
1996,1998,115440,2.978316416520932e-06,7.938583730124956e-07
2015,1998,115416,2.978316416520932e-06,7.936933296917028e-07
2064,1998,115404,2.978316416520932e-06,7.936108080313066e-07
2076,1998,115404,2.978316416520932e-06,7.936108080313066e-07
2097,1998,115404,2.978316416520932e-06,7.936108080313066e-07
2104,1998,115404,2.978316416520932e-06,7.936108080313066e-07
2116,1998,115404,2.978316416520932e-06,7.936108080313066e-07
2132,1998,115404,2.978316416520932e-06,7.936108080313066e-07
2176,1998,115404,2.978316416520932e-06,7.936108080313066e-07
2199,1998,115404,2.978316416520932e-06,7.936108080313066e-07
2202,1998,115404,2.978316416520932e-06,7.936108080313066e-07
2209,1998,115404,2.978316416520932e-06,7.936108080313066e-07
2217,1998,115404,2.978316416520932e-06,7.936108080313066e-07
2219,1998,115392,2.978316416520932e-06,7.935282863709102e-07
2226,1998,115392,2.978316416520932e-06,7.935282863709102e-07
2231,1998,115392,2.978316416520932e-06,7.935282863709102e-07
2233,1998,115392,2.978316416520932e-06,7.935282863709102e-07
2240,1998,115392,2.978316416520932e-06,7.935282863709102e-07
2249,1998,115392,2.978316416520932e-06,7.935282863709102e-07
2253,1998,115392,2.978316416520932e-06,7.935282863709102e-07
2264,1998,115392,2.978316416520932e-06,7.935282863709102e-07
2265,1998,115392,2.978316416520932e-06,7.935282863709102e-07
2266,1998,115392,2.978316416520932e-06,7.935282863709102e-07
2269,1998,115392,2.978316416520932e-06,7.935282863709102e-07
2272,1998,115392,2.978316416520932e-06,7.935282863709102e-07
2293,1998,115380,2.978316416520932e-06,7.93445764710514e-07
1742,1997,115380,2.9768257676638142e-06,7.93445764710514e-07
1752,1997,115380,2.9768257676638142e-06,7.93445764710514e-07
1823,1997,115380,2.9768257676638142e-06,7.93445764710514e-07
1832,1997,115380,2.9768257676638142e-06,7.93445764710514e-07
1860,1997,115380,2.9768257676638142e-06,7.93445764710514e-07
1955,1997,115380,2.9768257676638142e-06,7.93445764710514e-07
1977,1997,115356,2.9768257676638142e-06,7.932807213897214e-07
1989,1997,115376,2.9768257676638142e-06,7.934182574903818e-07
2023,1997,115356,2.9768257676638142e-06,7.932807213897214e-07
2074,1997,115344,2.9768257676638142e-06,7.93198199729325e-07
2090,1997,115344,2.9768257676638142e-06,7.93198199729325e-07
2098,1997,115344,2.9768257676638142e-06,7.93198199729325e-07
2128,1997,115344,2.9768257676638142e-06,7.93198199729325e-07
2136,1997,115344,2.9768257676638142e-06,7.93198199729325e-07
2137,1997,115344,2.9768257676638142e-06,7.93198199729325e-07
2147,1997,115344,2.9768257676638142e-06,7.93198199729325e-07
2163,1997,115344,2.9768257676638142e-06,7.93198199729325e-07
2169,1997,115344,2.9768257676638142e-06,7.93198199729325e-07
2195,1997,115344,2.9768257676638142e-06,7.93198199729325e-07
2213,1997,115344,2.9768257676638142e-06,7.93198199729325e-07
2236,1997,115332,2.9768257676638142e-06,7.931156780689287e-07
2247,1997,115332,2.9768257676638142e-06,7.931156780689287e-07
2248,1997,115332,2.9768257676638142e-06,7.931156780689287e-07
2254,1997,115332,2.9768257676638142e-06,7.931156780689287e-07
2275,1997,115332,2.9768257676638142e-06,7.931156780689287e-07
1656,1996,115320,2.9753351188066966e-06,7.930331564085324e-07
1667,1996,115320,2.9753351188066966e-06,7.930331564085324e-07
1673,1996,115320,2.9753351188066966e-06,7.930331564085324e-07
1926,1996,115316,2.9753351188066966e-06,7.930056491884003e-07
1929,1996,115320,2.9753351188066966e-06,7.930331564085324e-07
2029,1996,115284,2.9753351188066966e-06,7.927855914273435e-07
2059,1996,115284,2.9753351188066966e-06,7.927855914273435e-07
2071,1996,115284,2.9753351188066966e-06,7.927855914273435e-07
2073,1996,115284,2.9753351188066966e-06,7.927855914273435e-07
2078,1996,115284,2.9753351188066966e-06,7.927855914273435e-07
2102,1996,115284,2.9753351188066966e-06,7.927855914273435e-07
2117,1996,115284,2.9753351188066966e-06,7.927855914273435e-07
2120,1996,115284,2.9753351188066966e-06,7.927855914273435e-07
2124,1996,115284,2.9753351188066966e-06,7.927855914273435e-07
2131,1996,115284,2.9753351188066966e-06,7.927855914273435e-07
2133,1996,115284,2.9753351188066966e-06,7.927855914273435e-07
2138,1996,115284,2.9753351188066966e-06,7.927855914273435e-07
2139,1996,115284,2.9753351188066966e-06,7.927855914273435e-07
2141,1996,115284,2.9753351188066966e-06,7.927855914273435e-07
2146,1996,115284,2.9753351188066966e-06,7.927855914273435e-07
2148,1996,115284,2.9753351188066966e-06,7.927855914273435e-07
2167,1996,115284,2.9753351188066966e-06,7.927855914273435e-07
2171,1996,115284,2.9753351188066966e-06,7.927855914273435e-07
2173,1996,115284,2.9753351188066966e-06,7.927855914273435e-07
2181,1996,115284,2.9753351188066966e-06,7.927855914273435e-07
2183,1996,115284,2.9753351188066966e-06,7.927855914273435e-07
2185,1996,115284,2.9753351188066966e-06,7.927855914273435e-07
2198,1996,115284,2.9753351188066966e-06,7.927855914273435e-07
2201,1996,115284,2.9753351188066966e-06,7.927855914273435e-07
2205,1996,115284,2.9753351188066966e-06,7.927855914273435e-07
2206,1996,115284,2.9753351188066966e-06,7.927855914273435e-07
2207,1996,115284,2.9753351188066966e-06,7.927855914273435e-07
2208,1996,115284,2.9753351188066966e-06,7.927855914273435e-07
2210,1996,115284,2.9753351188066966e-06,7.927855914273435e-07
2211,1996,115284,2.9753351188066966e-06,7.927855914273435e-07
2220,1996,115272,2.9753351188066966e-06,7.927030697669472e-07
2221,1996,115272,2.9753351188066966e-06,7.927030697669472e-07
2237,1996,115272,2.9753351188066966e-06,7.927030697669472e-07
1804,1996,115200,2.9753351188066966e-06,7.922079398045693e-07
1695,1995,115260,2.973844469949579e-06,7.926205481065509e-07
1733,1995,115260,2.973844469949579e-06,7.926205481065509e-07
1794,1995,115260,2.973844469949579e-06,7.926205481065509e-07
1854,1995,115260,2.973844469949579e-06,7.926205481065509e-07
1871,1995,115260,2.973844469949579e-06,7.926205481065509e-07
1894,1995,115252,2.973844469949579e-06,7.925655336662867e-07
1948,1995,115236,2.973844469949579e-06,7.924555047857583e-07
1966,1995,115236,2.973844469949579e-06,7.924555047857583e-07
1979,1995,115236,2.973844469949579e-06,7.924555047857583e-07
2039,1995,115224,2.973844469949579e-06,7.923729831253619e-07
2051,1995,115224,2.973844469949579e-06,7.923729831253619e-07
2058,1995,115224,2.973844469949579e-06,7.923729831253619e-07
2060,1995,115224,2.973844469949579e-06,7.923729831253619e-07
2062,1995,115224,2.973844469949579e-06,7.923729831253619e-07
2066,1995,115224,2.973844469949579e-06,7.923729831253619e-07
2080,1995,115224,2.973844469949579e-06,7.923729831253619e-07
2082,1995,115224,2.973844469949579e-06,7.923729831253619e-07
2089,1995,115224,2.973844469949579e-06,7.923729831253619e-07
2094,1995,115224,2.973844469949579e-06,7.923729831253619e-07
2096,1995,115224,2.973844469949579e-06,7.923729831253619e-07
2109,1995,115224,2.973844469949579e-06,7.923729831253619e-07
2112,1995,115224,2.973844469949579e-06,7.923729831253619e-07
2115,1995,115224,2.973844469949579e-06,7.923729831253619e-07
2123,1995,115224,2.973844469949579e-06,7.923729831253619e-07
2125,1995,115224,2.973844469949579e-06,7.923729831253619e-07
2127,1995,115224,2.973844469949579e-06,7.923729831253619e-07
2130,1995,115224,2.973844469949579e-06,7.923729831253619e-07
2142,1995,115224,2.973844469949579e-06,7.923729831253619e-07
2143,1995,115224,2.973844469949579e-06,7.923729831253619e-07
2153,1995,115224,2.973844469949579e-06,7.923729831253619e-07
2154,1995,115224,2.973844469949579e-06,7.923729831253619e-07
2155,1995,115224,2.973844469949579e-06,7.923729831253619e-07
2157,1995,115224,2.973844469949579e-06,7.923729831253619e-07
2158,1995,115224,2.973844469949579e-06,7.923729831253619e-07
2162,1995,115224,2.973844469949579e-06,7.923729831253619e-07
2174,1995,115224,2.973844469949579e-06,7.923729831253619e-07
2175,1995,115224,2.973844469949579e-06,7.923729831253619e-07
2177,1995,115224,2.973844469949579e-06,7.923729831253619e-07
2186,1995,115224,2.973844469949579e-06,7.923729831253619e-07
2194,1995,115224,2.973844469949579e-06,7.923729831253619e-07
2197,1995,115224,2.973844469949579e-06,7.923729831253619e-07
2212,1995,115224,2.973844469949579e-06,7.923729831253619e-07
2218,1995,115224,2.973844469949579e-06,7.923729831253619e-07
1547,1994,115200,2.9723538210924615e-06,7.922079398045693e-07
1587,1994,115200,2.9723538210924615e-06,7.922079398045693e-07
1725,1994,115200,2.9723538210924615e-06,7.922079398045693e-07
1738,1994,115200,2.9723538210924615e-06,7.922079398045693e-07
1759,1994,115200,2.9723538210924615e-06,7.922079398045693e-07
1778,1994,115200,2.9723538210924615e-06,7.922079398045693e-07
1796,1994,115200,2.9723538210924615e-06,7.922079398045693e-07
1831,1994,115200,2.9723538210924615e-06,7.922079398045693e-07
1906,1994,115196,2.9723538210924615e-06,7.921804325844372e-07
1917,1994,115176,2.9723538210924615e-06,7.920428964837767e-07
1954,1994,115176,2.9723538210924615e-06,7.920428964837767e-07
1957,1994,115176,2.9723538210924615e-06,7.920428964837767e-07
1963,1994,115176,2.9723538210924615e-06,7.920428964837767e-07
1964,1994,115176,2.9723538210924615e-06,7.920428964837767e-07
1965,1994,115176,2.9723538210924615e-06,7.920428964837767e-07
1967,1994,115176,2.9723538210924615e-06,7.920428964837767e-07
1969,1994,115176,2.9723538210924615e-06,7.920428964837767e-07
1978,1994,115176,2.9723538210924615e-06,7.920428964837767e-07
1982,1994,115176,2.9723538210924615e-06,7.920428964837767e-07
1983,1994,115176,2.9723538210924615e-06,7.920428964837767e-07
2024,1994,115176,2.9723538210924615e-06,7.920428964837767e-07
2031,1994,115164,2.9723538210924615e-06,7.919603748233804e-07
2032,1994,115164,2.9723538210924615e-06,7.919603748233804e-07
2036,1994,115164,2.9723538210924615e-06,7.919603748233804e-07
2037,1994,115164,2.9723538210924615e-06,7.919603748233804e-07
2056,1994,115164,2.9723538210924615e-06,7.919603748233804e-07
2067,1994,115164,2.9723538210924615e-06,7.919603748233804e-07
2077,1994,115164,2.9723538210924615e-06,7.919603748233804e-07
2079,1994,115164,2.9723538210924615e-06,7.919603748233804e-07
2081,1994,115164,2.9723538210924615e-06,7.919603748233804e-07
2083,1994,115164,2.9723538210924615e-06,7.919603748233804e-07
2084,1994,115164,2.9723538210924615e-06,7.919603748233804e-07
2085,1994,115164,2.9723538210924615e-06,7.919603748233804e-07
2086,1994,115164,2.9723538210924615e-06,7.919603748233804e-07
2091,1994,115164,2.9723538210924615e-06,7.919603748233804e-07
2101,1994,115164,2.9723538210924615e-06,7.919603748233804e-07
2110,1994,115164,2.9723538210924615e-06,7.919603748233804e-07
2118,1994,115164,2.9723538210924615e-06,7.919603748233804e-07
2122,1994,115164,2.9723538210924615e-06,7.919603748233804e-07
2150,1994,115164,2.9723538210924615e-06,7.919603748233804e-07
2152,1994,115164,2.9723538210924615e-06,7.919603748233804e-07
2159,1994,115164,2.9723538210924615e-06,7.919603748233804e-07
2164,1994,115164,2.9723538210924615e-06,7.919603748233804e-07
2165,1994,115164,2.9723538210924615e-06,7.919603748233804e-07
2168,1994,115164,2.9723538210924615e-06,7.919603748233804e-07
2178,1994,115164,2.9723538210924615e-06,7.919603748233804e-07
1457,1994,115056,2.9723538210924615e-06,7.912176798798137e-07
1012,1994,114912,2.9723538210924615e-06,7.902274199550579e-07
1361,1993,115200,2.970863172235344e-06,7.922079398045693e-07
1414,1993,115200,2.970863172235344e-06,7.922079398045693e-07
1597,1993,115140,2.970863172235344e-06,7.917953315025877e-07
1598,1993,115116,2.970863172235344e-06,7.916302881817951e-07
1606,1993,115140,2.970863172235344e-06,7.917953315025877e-07
1665,1993,115140,2.970863172235344e-06,7.917953315025877e-07
1693,1993,115132,2.970863172235344e-06,7.917403170623235e-07
1705,1993,115140,2.970863172235344e-06,7.917953315025877e-07
1748,1993,115140,2.970863172235344e-06,7.917953315025877e-07
1781,1993,115140,2.970863172235344e-06,7.917953315025877e-07
1807,1993,115140,2.970863172235344e-06,7.917953315025877e-07
1818,1993,115140,2.970863172235344e-06,7.917953315025877e-07
1821,1993,115140,2.970863172235344e-06,7.917953315025877e-07
1884,1993,115116,2.970863172235344e-06,7.916302881817951e-07
1916,1993,115116,2.970863172235344e-06,7.916302881817951e-07
1934,1993,115116,2.970863172235344e-06,7.916302881817951e-07
1939,1993,115116,2.970863172235344e-06,7.916302881817951e-07
1949,1993,115116,2.970863172235344e-06,7.916302881817951e-07
1951,1993,115116,2.970863172235344e-06,7.916302881817951e-07
1968,1993,115116,2.970863172235344e-06,7.916302881817951e-07
1975,1993,115116,2.970863172235344e-06,7.916302881817951e-07
1980,1993,115116,2.970863172235344e-06,7.916302881817951e-07
1986,1993,115116,2.970863172235344e-06,7.916302881817951e-07
1992,1993,115116,2.970863172235344e-06,7.916302881817951e-07
1994,1993,115116,2.970863172235344e-06,7.916302881817951e-07
1995,1993,115116,2.970863172235344e-06,7.916302881817951e-07
2012,1993,115116,2.970863172235344e-06,7.916302881817951e-07
2016,1993,115116,2.970863172235344e-06,7.916302881817951e-07
2028,1993,115116,2.970863172235344e-06,7.916302881817951e-07
2044,1993,115104,2.970863172235344e-06,7.915477665213989e-07
2052,1993,115104,2.970863172235344e-06,7.915477665213989e-07
2053,1993,115104,2.970863172235344e-06,7.915477665213989e-07
2054,1993,115104,2.970863172235344e-06,7.915477665213989e-07
2055,1993,115104,2.970863172235344e-06,7.915477665213989e-07
2057,1993,115104,2.970863172235344e-06,7.915477665213989e-07
2061,1993,115104,2.970863172235344e-06,7.915477665213989e-07
2063,1993,115104,2.970863172235344e-06,7.915477665213989e-07
2070,1993,115104,2.970863172235344e-06,7.915477665213989e-07
2075,1993,115104,2.970863172235344e-06,7.915477665213989e-07
2087,1993,115104,2.970863172235344e-06,7.915477665213989e-07
2092,1993,115104,2.970863172235344e-06,7.915477665213989e-07
2093,1993,115104,2.970863172235344e-06,7.915477665213989e-07
2095,1993,115104,2.970863172235344e-06,7.915477665213989e-07
2114,1993,115104,2.970863172235344e-06,7.915477665213989e-07
2140,1993,115104,2.970863172235344e-06,7.915477665213989e-07
2145,1993,115104,2.970863172235344e-06,7.915477665213989e-07
2180,1993,115104,2.970863172235344e-06,7.915477665213989e-07
2182,1993,115104,2.970863172235344e-06,7.915477665213989e-07
1532,1992,115080,2.9693725233782263e-06,7.913827232006063e-07
1558,1992,115080,2.9693725233782263e-06,7.913827232006063e-07
1566,1992,115080,2.9693725233782263e-06,7.913827232006063e-07
1633,1992,115076,2.9693725233782263e-06,7.913552159804741e-07
1643,1992,115080,2.9693725233782263e-06,7.913827232006063e-07
1773,1992,115076,2.9693725233782263e-06,7.913552159804741e-07
1792,1992,115076,2.9693725233782263e-06,7.913552159804741e-07
1798,1992,115056,2.9693725233782263e-06,7.912176798798137e-07
1815,1992,115080,2.9693725233782263e-06,7.913827232006063e-07
1843,1992,115060,2.9693725233782263e-06,7.912451870999457e-07
1857,1992,115056,2.9693725233782263e-06,7.912176798798137e-07
1874,1992,115056,2.9693725233782263e-06,7.912176798798137e-07
1904,1992,115056,2.9693725233782263e-06,7.912176798798137e-07
1910,1992,115056,2.9693725233782263e-06,7.912176798798137e-07
1920,1992,115056,2.9693725233782263e-06,7.912176798798137e-07
1925,1992,115056,2.9693725233782263e-06,7.912176798798137e-07
1927,1992,115056,2.9693725233782263e-06,7.912176798798137e-07
1936,1992,115056,2.9693725233782263e-06,7.912176798798137e-07
1943,1992,115056,2.9693725233782263e-06,7.912176798798137e-07
1945,1992,115056,2.9693725233782263e-06,7.912176798798137e-07
1956,1992,115056,2.9693725233782263e-06,7.912176798798137e-07
1959,1992,115056,2.9693725233782263e-06,7.912176798798137e-07
1961,1992,115056,2.9693725233782263e-06,7.912176798798137e-07
1981,1992,115056,2.9693725233782263e-06,7.912176798798137e-07
1988,1992,115056,2.9693725233782263e-06,7.912176798798137e-07
1993,1992,115056,2.9693725233782263e-06,7.912176798798137e-07
2017,1992,115056,2.9693725233782263e-06,7.912176798798137e-07
2018,1992,115056,2.9693725233782263e-06,7.912176798798137e-07
2027,1992,115056,2.9693725233782263e-06,7.912176798798137e-07
2088,1992,115044,2.9693725233782263e-06,7.911351582194173e-07
1527,1991,115032,2.9678818745211087e-06,7.91052636559021e-07
1557,1991,115020,2.9678818745211087e-06,7.909701148986247e-07
1676,1991,114996,2.9678818745211087e-06,7.908050715778321e-07
1771,1991,115000,2.9678818745211087e-06,7.908325787979641e-07
1808,1991,114996,2.9678818745211087e-06,7.908050715778321e-07
1811,1991,114996,2.9678818745211087e-06,7.908050715778321e-07
1846,1991,114996,2.9678818745211087e-06,7.908050715778321e-07
1851,1991,114996,2.9678818745211087e-06,7.908050715778321e-07
1853,1991,114996,2.9678818745211087e-06,7.908050715778321e-07
1872,1991,114996,2.9678818745211087e-06,7.908050715778321e-07
1880,1991,114996,2.9678818745211087e-06,7.908050715778321e-07
1881,1991,114996,2.9678818745211087e-06,7.908050715778321e-07
1886,1991,114996,2.9678818745211087e-06,7.908050715778321e-07
1889,1991,114996,2.9678818745211087e-06,7.908050715778321e-07
1891,1991,114996,2.9678818745211087e-06,7.908050715778321e-07
1897,1991,114996,2.9678818745211087e-06,7.908050715778321e-07
1908,1991,114996,2.9678818745211087e-06,7.908050715778321e-07
1911,1991,114996,2.9678818745211087e-06,7.908050715778321e-07
1923,1991,114996,2.9678818745211087e-06,7.908050715778321e-07
1924,1991,114996,2.9678818745211087e-06,7.908050715778321e-07
1931,1991,114996,2.9678818745211087e-06,7.908050715778321e-07
1937,1991,114996,2.9678818745211087e-06,7.908050715778321e-07
1938,1991,114996,2.9678818745211087e-06,7.908050715778321e-07
1941,1991,114996,2.9678818745211087e-06,7.908050715778321e-07
1944,1991,114996,2.9678818745211087e-06,7.908050715778321e-07
1950,1991,114996,2.9678818745211087e-06,7.908050715778321e-07
1952,1991,114996,2.9678818745211087e-06,7.908050715778321e-07
1953,1991,114996,2.9678818745211087e-06,7.908050715778321e-07
1958,1991,114996,2.9678818745211087e-06,7.908050715778321e-07
1962,1991,114996,2.9678818745211087e-06,7.908050715778321e-07
1987,1991,114996,2.9678818745211087e-06,7.908050715778321e-07
2025,1991,114996,2.9678818745211087e-06,7.908050715778321e-07
1419,1991,115368,2.9678818745211087e-06,7.933632430501176e-07
1013,1991,114900,2.9678818745211087e-06,7.901448982946616e-07
1408,1990,114996,2.966391225663991e-06,7.908050715778321e-07
1469,1990,114984,2.966391225663991e-06,7.907225499174357e-07
1520,1990,114972,2.966391225663991e-06,7.906400282570395e-07
1560,1990,114940,2.966391225663991e-06,7.904199704959826e-07
1561,1990,114960,2.966391225663991e-06,7.905575065966431e-07
1569,1990,114936,2.966391225663991e-06,7.903924632758505e-07
1610,1990,114960,2.966391225663991e-06,7.905575065966431e-07
1620,1990,114940,2.966391225663991e-06,7.904199704959826e-07
1682,1990,114936,2.966391225663991e-06,7.903924632758505e-07
1744,1990,114936,2.966391225663991e-06,7.903924632758505e-07
1754,1990,114940,2.966391225663991e-06,7.904199704959826e-07
1776,1990,114936,2.966391225663991e-06,7.903924632758505e-07
1806,1990,114936,2.966391225663991e-06,7.903924632758505e-07
1856,1990,114936,2.966391225663991e-06,7.903924632758505e-07
1868,1990,114936,2.966391225663991e-06,7.903924632758505e-07
1876,1990,114936,2.966391225663991e-06,7.903924632758505e-07
1878,1990,114936,2.966391225663991e-06,7.903924632758505e-07
1879,1990,114936,2.966391225663991e-06,7.903924632758505e-07
1882,1990,114936,2.966391225663991e-06,7.903924632758505e-07
1885,1990,114936,2.966391225663991e-06,7.903924632758505e-07
1887,1990,114936,2.966391225663991e-06,7.903924632758505e-07
1888,1990,114936,2.966391225663991e-06,7.903924632758505e-07
1890,1990,114936,2.966391225663991e-06,7.903924632758505e-07
1913,1990,114936,2.966391225663991e-06,7.903924632758505e-07
1915,1990,114936,2.966391225663991e-06,7.903924632758505e-07
1918,1990,114936,2.966391225663991e-06,7.903924632758505e-07
1928,1990,114936,2.966391225663991e-06,7.903924632758505e-07
1932,1990,114936,2.966391225663991e-06,7.903924632758505e-07
1933,1990,114936,2.966391225663991e-06,7.903924632758505e-07
1940,1990,114936,2.966391225663991e-06,7.903924632758505e-07
1946,1990,114936,2.966391225663991e-06,7.903924632758505e-07
1973,1990,114936,2.966391225663991e-06,7.903924632758505e-07
2011,1990,114936,2.966391225663991e-06,7.903924632758505e-07
2014,1990,114936,2.966391225663991e-06,7.903924632758505e-07
2019,1990,114936,2.966391225663991e-06,7.903924632758505e-07
1382,1989,114940,2.9649005768068736e-06,7.904199704959826e-07
1451,1989,114924,2.9649005768068736e-06,7.903099416154542e-07
1490,1989,114912,2.9649005768068736e-06,7.902274199550579e-07
1499,1989,114912,2.9649005768068736e-06,7.902274199550579e-07
1531,1989,114900,2.9649005768068736e-06,7.901448982946616e-07
1563,1989,114876,2.9649005768068736e-06,7.89979854973869e-07
1571,1989,114880,2.9649005768068736e-06,7.900073621940011e-07
1577,1989,114876,2.9649005768068736e-06,7.89979854973869e-07
1601,1989,114876,2.9649005768068736e-06,7.89979854973869e-07
1670,1989,114876,2.9649005768068736e-06,7.89979854973869e-07
1679,1989,114876,2.9649005768068736e-06,7.89979854973869e-07
1683,1989,114876,2.9649005768068736e-06,7.89979854973869e-07
1702,1989,114876,2.9649005768068736e-06,7.89979854973869e-07
1704,1989,114876,2.9649005768068736e-06,7.89979854973869e-07
1708,1989,114876,2.9649005768068736e-06,7.89979854973869e-07
1731,1989,114876,2.9649005768068736e-06,7.89979854973869e-07
1740,1989,114876,2.9649005768068736e-06,7.89979854973869e-07
1746,1989,114876,2.9649005768068736e-06,7.89979854973869e-07
1758,1989,114876,2.9649005768068736e-06,7.89979854973869e-07
1765,1989,114876,2.9649005768068736e-06,7.89979854973869e-07
1766,1989,114876,2.9649005768068736e-06,7.89979854973869e-07
1777,1989,114876,2.9649005768068736e-06,7.89979854973869e-07
1788,1989,114876,2.9649005768068736e-06,7.89979854973869e-07
1802,1989,114876,2.9649005768068736e-06,7.89979854973869e-07
1817,1989,114876,2.9649005768068736e-06,7.89979854973869e-07
1825,1989,114880,2.9649005768068736e-06,7.900073621940011e-07
1830,1989,114876,2.9649005768068736e-06,7.89979854973869e-07
1835,1989,114876,2.9649005768068736e-06,7.89979854973869e-07
1844,1989,114876,2.9649005768068736e-06,7.89979854973869e-07
1850,1989,114876,2.9649005768068736e-06,7.89979854973869e-07
1869,1989,114876,2.9649005768068736e-06,7.89979854973869e-07
1870,1989,114876,2.9649005768068736e-06,7.89979854973869e-07
1877,1989,114876,2.9649005768068736e-06,7.89979854973869e-07
1893,1989,114876,2.9649005768068736e-06,7.89979854973869e-07
1899,1989,114876,2.9649005768068736e-06,7.89979854973869e-07
1909,1989,114876,2.9649005768068736e-06,7.89979854973869e-07
1912,1989,114876,2.9649005768068736e-06,7.89979854973869e-07
1919,1989,114876,2.9649005768068736e-06,7.89979854973869e-07
1921,1989,114876,2.9649005768068736e-06,7.89979854973869e-07
1922,1989,114876,2.9649005768068736e-06,7.89979854973869e-07
1942,1989,114876,2.9649005768068736e-06,7.89979854973869e-07
217,1989,114648,2.9649005768068736e-06,7.884119434263391e-07
1265,1988,114912,2.963409927949756e-06,7.902274199550579e-07
1323,1988,114872,2.963409927949756e-06,7.899523477537369e-07
1525,1988,114848,2.963409927949756e-06,7.897873044329442e-07
1567,1988,114820,2.963409927949756e-06,7.895947538920196e-07
1572,1988,114816,2.963409927949756e-06,7.895672466718874e-07
1632,1988,114816,2.963409927949756e-06,7.895672466718874e-07
1648,1988,114816,2.963409927949756e-06,7.895672466718874e-07
1657,1988,114816,2.963409927949756e-06,7.895672466718874e-07
1659,1988,114816,2.963409927949756e-06,7.895672466718874e-07
1663,1988,114816,2.963409927949756e-06,7.895672466718874e-07
1664,1988,114816,2.963409927949756e-06,7.895672466718874e-07
1681,1988,114816,2.963409927949756e-06,7.895672466718874e-07
1684,1988,114816,2.963409927949756e-06,7.895672466718874e-07
1685,1988,114816,2.963409927949756e-06,7.895672466718874e-07
1690,1988,114816,2.963409927949756e-06,7.895672466718874e-07
1691,1988,114816,2.963409927949756e-06,7.895672466718874e-07
1696,1988,114816,2.963409927949756e-06,7.895672466718874e-07
1706,1988,114816,2.963409927949756e-06,7.895672466718874e-07
1707,1988,114816,2.963409927949756e-06,7.895672466718874e-07
1709,1988,114816,2.963409927949756e-06,7.895672466718874e-07
1714,1988,114816,2.963409927949756e-06,7.895672466718874e-07
1726,1988,114816,2.963409927949756e-06,7.895672466718874e-07
1729,1988,114816,2.963409927949756e-06,7.895672466718874e-07
1741,1988,114816,2.963409927949756e-06,7.895672466718874e-07
1745,1988,114816,2.963409927949756e-06,7.895672466718874e-07
1753,1988,114816,2.963409927949756e-06,7.895672466718874e-07
1756,1988,114816,2.963409927949756e-06,7.895672466718874e-07
1764,1988,114816,2.963409927949756e-06,7.895672466718874e-07
1772,1988,114816,2.963409927949756e-06,7.895672466718874e-07
1785,1988,114816,2.963409927949756e-06,7.895672466718874e-07
1793,1988,114816,2.963409927949756e-06,7.895672466718874e-07
1803,1988,114816,2.963409927949756e-06,7.895672466718874e-07
1824,1988,114816,2.963409927949756e-06,7.895672466718874e-07
1833,1988,114816,2.963409927949756e-06,7.895672466718874e-07
1834,1988,114816,2.963409927949756e-06,7.895672466718874e-07
1838,1988,114816,2.963409927949756e-06,7.895672466718874e-07
1842,1988,114816,2.963409927949756e-06,7.895672466718874e-07
1849,1988,114816,2.963409927949756e-06,7.895672466718874e-07
1858,1988,114816,2.963409927949756e-06,7.895672466718874e-07
1859,1988,114816,2.963409927949756e-06,7.895672466718874e-07
1865,1988,114816,2.963409927949756e-06,7.895672466718874e-07
1867,1988,114816,2.963409927949756e-06,7.895672466718874e-07
1873,1988,114816,2.963409927949756e-06,7.895672466718874e-07
1892,1988,114816,2.963409927949756e-06,7.895672466718874e-07
1895,1988,114816,2.963409927949756e-06,7.895672466718874e-07
1896,1988,114816,2.963409927949756e-06,7.895672466718874e-07
1898,1988,114816,2.963409927949756e-06,7.895672466718874e-07
1902,1988,114816,2.963409927949756e-06,7.895672466718874e-07
1392,1987,114816,2.9619192790926384e-06,7.895672466718874e-07
1416,1987,114808,2.9619192790926384e-06,7.895122322316232e-07
1436,1987,114816,2.9619192790926384e-06,7.895672466718874e-07
1464,1987,114804,2.9619192790926384e-06,7.894847250114912e-07
1478,1987,114804,2.9619192790926384e-06,7.894847250114912e-07
1551,1987,114756,2.9619192790926384e-06,7.891546383699058e-07
1564,1987,114756,2.9619192790926384e-06,7.891546383699058e-07
1588,1987,114756,2.9619192790926384e-06,7.891546383699058e-07
1592,1987,114756,2.9619192790926384e-06,7.891546383699058e-07
1614,1987,114756,2.9619192790926384e-06,7.891546383699058e-07
1615,1987,114756,2.9619192790926384e-06,7.891546383699058e-07
1617,1987,114756,2.9619192790926384e-06,7.891546383699058e-07
1621,1987,114756,2.9619192790926384e-06,7.891546383699058e-07
1622,1987,114756,2.9619192790926384e-06,7.891546383699058e-07
1631,1987,114756,2.9619192790926384e-06,7.891546383699058e-07
1634,1987,114756,2.9619192790926384e-06,7.891546383699058e-07
1640,1987,114756,2.9619192790926384e-06,7.891546383699058e-07
1642,1987,114756,2.9619192790926384e-06,7.891546383699058e-07
1644,1987,114756,2.9619192790926384e-06,7.891546383699058e-07
1646,1987,114756,2.9619192790926384e-06,7.891546383699058e-07
1651,1987,114756,2.9619192790926384e-06,7.891546383699058e-07
1668,1987,114756,2.9619192790926384e-06,7.891546383699058e-07
1669,1987,114756,2.9619192790926384e-06,7.891546383699058e-07
1671,1987,114756,2.9619192790926384e-06,7.891546383699058e-07
1672,1987,114756,2.9619192790926384e-06,7.891546383699058e-07
1674,1987,114756,2.9619192790926384e-06,7.891546383699058e-07
1686,1987,114756,2.9619192790926384e-06,7.891546383699058e-07
1689,1987,114756,2.9619192790926384e-06,7.891546383699058e-07
1692,1987,114756,2.9619192790926384e-06,7.891546383699058e-07
1694,1987,114756,2.9619192790926384e-06,7.891546383699058e-07
1697,1987,114756,2.9619192790926384e-06,7.891546383699058e-07
1711,1987,114756,2.9619192790926384e-06,7.891546383699058e-07
1712,1987,114756,2.9619192790926384e-06,7.891546383699058e-07
1732,1987,114756,2.9619192790926384e-06,7.891546383699058e-07
1734,1987,114756,2.9619192790926384e-06,7.891546383699058e-07
1735,1987,114756,2.9619192790926384e-06,7.891546383699058e-07
1749,1987,114756,2.9619192790926384e-06,7.891546383699058e-07
1751,1987,114756,2.9619192790926384e-06,7.891546383699058e-07
1767,1987,114756,2.9619192790926384e-06,7.891546383699058e-07
1768,1987,114756,2.9619192790926384e-06,7.891546383699058e-07
1769,1987,114756,2.9619192790926384e-06,7.891546383699058e-07
1775,1987,114756,2.9619192790926384e-06,7.891546383699058e-07
1779,1987,114756,2.9619192790926384e-06,7.891546383699058e-07
1784,1987,114756,2.9619192790926384e-06,7.891546383699058e-07
1786,1987,114756,2.9619192790926384e-06,7.891546383699058e-07
1791,1987,114756,2.9619192790926384e-06,7.891546383699058e-07
1809,1987,114756,2.9619192790926384e-06,7.891546383699058e-07
1810,1987,114756,2.9619192790926384e-06,7.891546383699058e-07
1814,1987,114756,2.9619192790926384e-06,7.891546383699058e-07
1819,1987,114756,2.9619192790926384e-06,7.891546383699058e-07
1820,1987,114756,2.9619192790926384e-06,7.891546383699058e-07
1822,1987,114756,2.9619192790926384e-06,7.891546383699058e-07
1829,1987,114756,2.9619192790926384e-06,7.891546383699058e-07
1841,1987,114756,2.9619192790926384e-06,7.891546383699058e-07
1845,1987,114756,2.9619192790926384e-06,7.891546383699058e-07
1847,1987,114756,2.9619192790926384e-06,7.891546383699058e-07
1861,1987,114756,2.9619192790926384e-06,7.891546383699058e-07
1866,1987,114756,2.9619192790926384e-06,7.891546383699058e-07
1903,1987,114756,2.9619192790926384e-06,7.891546383699058e-07
1905,1987,114756,2.9619192790926384e-06,7.891546383699058e-07
1907,1987,114756,2.9619192790926384e-06,7.891546383699058e-07
1214,1986,114784,2.960428630235521e-06,7.893471889108306e-07
1348,1986,114756,2.960428630235521e-06,7.891546383699058e-07
1390,1986,114756,2.960428630235521e-06,7.891546383699058e-07
1393,1986,114756,2.960428630235521e-06,7.891546383699058e-07
1396,1986,114756,2.960428630235521e-06,7.891546383699058e-07
1544,1986,114696,2.960428630235521e-06,7.887420300679244e-07
1549,1986,114696,2.960428630235521e-06,7.887420300679244e-07
1550,1986,114696,2.960428630235521e-06,7.887420300679244e-07
1573,1986,114696,2.960428630235521e-06,7.887420300679244e-07
1575,1986,114696,2.960428630235521e-06,7.887420300679244e-07
1591,1986,114696,2.960428630235521e-06,7.887420300679244e-07
1595,1986,114696,2.960428630235521e-06,7.887420300679244e-07
1596,1986,114696,2.960428630235521e-06,7.887420300679244e-07
1605,1986,114696,2.960428630235521e-06,7.887420300679244e-07
1607,1986,114696,2.960428630235521e-06,7.887420300679244e-07
1608,1986,114696,2.960428630235521e-06,7.887420300679244e-07
1613,1986,114696,2.960428630235521e-06,7.887420300679244e-07
1619,1986,114696,2.960428630235521e-06,7.887420300679244e-07
1623,1986,114696,2.960428630235521e-06,7.887420300679244e-07
1626,1986,114696,2.960428630235521e-06,7.887420300679244e-07
1628,1986,114696,2.960428630235521e-06,7.887420300679244e-07
1629,1986,114696,2.960428630235521e-06,7.887420300679244e-07
1630,1986,114696,2.960428630235521e-06,7.887420300679244e-07
1635,1986,114696,2.960428630235521e-06,7.887420300679244e-07
1637,1986,114696,2.960428630235521e-06,7.887420300679244e-07
1638,1986,114696,2.960428630235521e-06,7.887420300679244e-07
1639,1986,114696,2.960428630235521e-06,7.887420300679244e-07
1649,1986,114696,2.960428630235521e-06,7.887420300679244e-07
1650,1986,114696,2.960428630235521e-06,7.887420300679244e-07
1653,1986,114696,2.960428630235521e-06,7.887420300679244e-07
1660,1986,114696,2.960428630235521e-06,7.887420300679244e-07
1677,1986,114696,2.960428630235521e-06,7.887420300679244e-07
1678,1986,114696,2.960428630235521e-06,7.887420300679244e-07
1680,1986,114696,2.960428630235521e-06,7.887420300679244e-07
1699,1986,114696,2.960428630235521e-06,7.887420300679244e-07
1703,1986,114696,2.960428630235521e-06,7.887420300679244e-07
1710,1986,114696,2.960428630235521e-06,7.887420300679244e-07
1713,1986,114696,2.960428630235521e-06,7.887420300679244e-07
1715,1986,114696,2.960428630235521e-06,7.887420300679244e-07
1716,1986,114696,2.960428630235521e-06,7.887420300679244e-07
1722,1986,114696,2.960428630235521e-06,7.887420300679244e-07
1727,1986,114696,2.960428630235521e-06,7.887420300679244e-07
1728,1986,114696,2.960428630235521e-06,7.887420300679244e-07
1730,1986,114696,2.960428630235521e-06,7.887420300679244e-07
1737,1986,114696,2.960428630235521e-06,7.887420300679244e-07
1743,1986,114696,2.960428630235521e-06,7.887420300679244e-07
1747,1986,114696,2.960428630235521e-06,7.887420300679244e-07
1757,1986,114696,2.960428630235521e-06,7.887420300679244e-07
1762,1986,114696,2.960428630235521e-06,7.887420300679244e-07
1774,1986,114696,2.960428630235521e-06,7.887420300679244e-07
1789,1986,114696,2.960428630235521e-06,7.887420300679244e-07
1790,1986,114696,2.960428630235521e-06,7.887420300679244e-07
1795,1986,114696,2.960428630235521e-06,7.887420300679244e-07
1797,1986,114696,2.960428630235521e-06,7.887420300679244e-07
1799,1986,114696,2.960428630235521e-06,7.887420300679244e-07
1800,1986,114696,2.960428630235521e-06,7.887420300679244e-07
1813,1986,114696,2.960428630235521e-06,7.887420300679244e-07
1816,1986,114696,2.960428630235521e-06,7.887420300679244e-07
1826,1986,114696,2.960428630235521e-06,7.887420300679244e-07
1828,1986,114696,2.960428630235521e-06,7.887420300679244e-07
1837,1986,114696,2.960428630235521e-06,7.887420300679244e-07
1848,1986,114696,2.960428630235521e-06,7.887420300679244e-07
1852,1986,114696,2.960428630235521e-06,7.887420300679244e-07
1139,1985,114744,2.9589379813784033e-06,7.890721167095096e-07
1347,1985,114696,2.9589379813784033e-06,7.887420300679244e-07
1360,1985,114696,2.9589379813784033e-06,7.887420300679244e-07
1394,1985,114688,2.9589379813784033e-06,7.886870156276602e-07
1406,1985,114696,2.9589379813784033e-06,7.887420300679244e-07
1460,1985,114664,2.9589379813784033e-06,7.885219723068675e-07
1486,1985,114660,2.9589379813784033e-06,7.884944650867354e-07
1493,1985,114648,2.9589379813784033e-06,7.884119434263391e-07
1519,1985,114648,2.9589379813784033e-06,7.884119434263391e-07
1529,1985,114636,2.9589379813784033e-06,7.883294217659428e-07
1537,1985,114636,2.9589379813784033e-06,7.883294217659428e-07
1538,1985,114636,2.9589379813784033e-06,7.883294217659428e-07
1545,1985,114636,2.9589379813784033e-06,7.883294217659428e-07
1553,1985,114636,2.9589379813784033e-06,7.883294217659428e-07
1555,1985,114636,2.9589379813784033e-06,7.883294217659428e-07
1562,1985,114636,2.9589379813784033e-06,7.883294217659428e-07
1568,1985,114636,2.9589379813784033e-06,7.883294217659428e-07
1570,1985,114636,2.9589379813784033e-06,7.883294217659428e-07
1578,1985,114636,2.9589379813784033e-06,7.883294217659428e-07
1579,1985,114636,2.9589379813784033e-06,7.883294217659428e-07
1585,1985,114636,2.9589379813784033e-06,7.883294217659428e-07
1586,1985,114636,2.9589379813784033e-06,7.883294217659428e-07
1589,1985,114636,2.9589379813784033e-06,7.883294217659428e-07
1602,1985,114636,2.9589379813784033e-06,7.883294217659428e-07
1609,1985,114636,2.9589379813784033e-06,7.883294217659428e-07
1612,1985,114636,2.9589379813784033e-06,7.883294217659428e-07
1616,1985,114636,2.9589379813784033e-06,7.883294217659428e-07
1618,1985,114636,2.9589379813784033e-06,7.883294217659428e-07
1625,1985,114636,2.9589379813784033e-06,7.883294217659428e-07
1636,1985,114636,2.9589379813784033e-06,7.883294217659428e-07
1654,1985,114636,2.9589379813784033e-06,7.883294217659428e-07
1655,1985,114636,2.9589379813784033e-06,7.883294217659428e-07
1661,1985,114636,2.9589379813784033e-06,7.883294217659428e-07
1662,1985,114636,2.9589379813784033e-06,7.883294217659428e-07
1675,1985,114636,2.9589379813784033e-06,7.883294217659428e-07
1698,1985,114636,2.9589379813784033e-06,7.883294217659428e-07
1724,1985,114636,2.9589379813784033e-06,7.883294217659428e-07
1736,1985,114636,2.9589379813784033e-06,7.883294217659428e-07
1760,1985,114636,2.9589379813784033e-06,7.883294217659428e-07
1763,1985,114636,2.9589379813784033e-06,7.883294217659428e-07
1770,1985,114636,2.9589379813784033e-06,7.883294217659428e-07
1780,1985,114636,2.9589379813784033e-06,7.883294217659428e-07
1787,1985,114636,2.9589379813784033e-06,7.883294217659428e-07
1827,1985,114636,2.9589379813784033e-06,7.883294217659428e-07
1836,1985,114636,2.9589379813784033e-06,7.883294217659428e-07
1219,1984,114656,2.9574473325212853e-06,7.884669578666033e-07
1288,1984,114648,2.9574473325212853e-06,7.884119434263391e-07
1313,1984,114648,2.9574473325212853e-06,7.884119434263391e-07
1345,1984,114636,2.9574473325212853e-06,7.883294217659428e-07
1367,1984,114636,2.9574473325212853e-06,7.883294217659428e-07
1418,1984,114616,2.9574473325212853e-06,7.881918856652823e-07
1482,1984,114600,2.9574473325212853e-06,7.880818567847539e-07
1487,1984,114600,2.9574473325212853e-06,7.880818567847539e-07
1488,1984,114600,2.9574473325212853e-06,7.880818567847539e-07
1492,1984,114588,2.9574473325212853e-06,7.879993351243575e-07
1514,1984,114588,2.9574473325212853e-06,7.879993351243575e-07
1517,1984,114588,2.9574473325212853e-06,7.879993351243575e-07
1526,1984,114588,2.9574473325212853e-06,7.879993351243575e-07
1536,1984,114576,2.9574473325212853e-06,7.879168134639612e-07
1539,1984,114576,2.9574473325212853e-06,7.879168134639612e-07
1540,1984,114576,2.9574473325212853e-06,7.879168134639612e-07
1542,1984,114576,2.9574473325212853e-06,7.879168134639612e-07
1543,1984,114576,2.9574473325212853e-06,7.879168134639612e-07
1552,1984,114576,2.9574473325212853e-06,7.879168134639612e-07
1559,1984,114576,2.9574473325212853e-06,7.879168134639612e-07
1565,1984,114576,2.9574473325212853e-06,7.879168134639612e-07
1574,1984,114576,2.9574473325212853e-06,7.879168134639612e-07
1576,1984,114576,2.9574473325212853e-06,7.879168134639612e-07
1581,1984,114576,2.9574473325212853e-06,7.879168134639612e-07
1584,1984,114576,2.9574473325212853e-06,7.879168134639612e-07
1590,1984,114576,2.9574473325212853e-06,7.879168134639612e-07
1593,1984,114576,2.9574473325212853e-06,7.879168134639612e-07
1599,1984,114576,2.9574473325212853e-06,7.879168134639612e-07
1603,1984,114576,2.9574473325212853e-06,7.879168134639612e-07
1604,1984,114576,2.9574473325212853e-06,7.879168134639612e-07
1611,1984,114576,2.9574473325212853e-06,7.879168134639612e-07
1624,1984,114576,2.9574473325212853e-06,7.879168134639612e-07
1627,1984,114576,2.9574473325212853e-06,7.879168134639612e-07
1647,1984,114576,2.9574473325212853e-06,7.879168134639612e-07
1652,1984,114576,2.9574473325212853e-06,7.879168134639612e-07
539,1984,114408,2.9574473325212853e-06,7.867615102184129e-07
782,1984,114408,2.9574473325212853e-06,7.867615102184129e-07
1238,1983,114600,2.9559566836641677e-06,7.880818567847539e-07
1307,1983,114588,2.9559566836641677e-06,7.879993351243575e-07
1340,1983,114552,2.9559566836641677e-06,7.877517701431686e-07
1437,1983,114552,2.9559566836641677e-06,7.877517701431686e-07
1445,1983,114540,2.9559566836641677e-06,7.876692484827723e-07
1448,1983,114540,2.9559566836641677e-06,7.876692484827723e-07
1453,1983,114540,2.9559566836641677e-06,7.876692484827723e-07
1483,1983,114540,2.9559566836641677e-06,7.876692484827723e-07
1485,1983,114540,2.9559566836641677e-06,7.876692484827723e-07
1498,1983,114528,2.9559566836641677e-06,7.87586726822376e-07
1505,1983,114528,2.9559566836641677e-06,7.87586726822376e-07
1507,1983,114528,2.9559566836641677e-06,7.87586726822376e-07
1509,1983,114528,2.9559566836641677e-06,7.87586726822376e-07
1511,1983,114528,2.9559566836641677e-06,7.87586726822376e-07
1522,1983,114528,2.9559566836641677e-06,7.87586726822376e-07
1528,1983,114516,2.9559566836641677e-06,7.875042051619797e-07
1530,1983,114516,2.9559566836641677e-06,7.875042051619797e-07
1534,1983,114516,2.9559566836641677e-06,7.875042051619797e-07
1535,1983,114516,2.9559566836641677e-06,7.875042051619797e-07
1541,1983,114516,2.9559566836641677e-06,7.875042051619797e-07
1546,1983,114516,2.9559566836641677e-06,7.875042051619797e-07
1554,1983,114516,2.9559566836641677e-06,7.875042051619797e-07
1582,1983,114516,2.9559566836641677e-06,7.875042051619797e-07
1224,1982,114536,2.95446603480705e-06,7.876417412626402e-07
1246,1982,114540,2.95446603480705e-06,7.876692484827723e-07
1254,1982,114528,2.95446603480705e-06,7.87586726822376e-07
1372,1982,114512,2.95446603480705e-06,7.874766979418476e-07
1405,1982,114492,2.95446603480705e-06,7.873391618411871e-07
1410,1982,114492,2.95446603480705e-06,7.873391618411871e-07
1415,1982,114492,2.95446603480705e-06,7.873391618411871e-07
1421,1982,114492,2.95446603480705e-06,7.873391618411871e-07
1447,1982,114480,2.95446603480705e-06,7.872566401807907e-07
1458,1982,114480,2.95446603480705e-06,7.872566401807907e-07
1459,1982,114480,2.95446603480705e-06,7.872566401807907e-07
1465,1982,114480,2.95446603480705e-06,7.872566401807907e-07
1471,1982,114480,2.95446603480705e-06,7.872566401807907e-07
1474,1982,114480,2.95446603480705e-06,7.872566401807907e-07
1496,1982,114468,2.95446603480705e-06,7.871741185203945e-07
1506,1982,114468,2.95446603480705e-06,7.871741185203945e-07
1508,1982,114468,2.95446603480705e-06,7.871741185203945e-07
1512,1982,114468,2.95446603480705e-06,7.871741185203945e-07
1515,1982,114468,2.95446603480705e-06,7.871741185203945e-07
1518,1982,114468,2.95446603480705e-06,7.871741185203945e-07
1548,1982,114456,2.95446603480705e-06,7.870915968599981e-07
1160,1981,114480,2.9529753859499325e-06,7.872566401807907e-07
1195,1981,114480,2.9529753859499325e-06,7.872566401807907e-07
1197,1981,114480,2.9529753859499325e-06,7.872566401807907e-07
1243,1981,114476,2.9529753859499325e-06,7.872291329606587e-07
1256,1981,114468,2.9529753859499325e-06,7.871741185203945e-07
1283,1981,114468,2.9529753859499325e-06,7.871741185203945e-07
1305,1981,114468,2.9529753859499325e-06,7.871741185203945e-07
1319,1981,114448,2.9529753859499325e-06,7.870365824197339e-07
1350,1981,114432,2.9529753859499325e-06,7.869265535392055e-07
1359,1981,114432,2.9529753859499325e-06,7.869265535392055e-07
1384,1981,114432,2.9529753859499325e-06,7.869265535392055e-07
1386,1981,114432,2.9529753859499325e-06,7.869265535392055e-07
1409,1981,114432,2.9529753859499325e-06,7.869265535392055e-07
1425,1981,114432,2.9529753859499325e-06,7.869265535392055e-07
1444,1981,114432,2.9529753859499325e-06,7.869265535392055e-07
1449,1981,114420,2.9529753859499325e-06,7.868440318788093e-07
1463,1981,114420,2.9529753859499325e-06,7.868440318788093e-07
1466,1981,114420,2.9529753859499325e-06,7.868440318788093e-07
1473,1981,114420,2.9529753859499325e-06,7.868440318788093e-07
1479,1981,114420,2.9529753859499325e-06,7.868440318788093e-07
1480,1981,114420,2.9529753859499325e-06,7.868440318788093e-07
1484,1981,114420,2.9529753859499325e-06,7.868440318788093e-07
1491,1981,114408,2.9529753859499325e-06,7.867615102184129e-07
1497,1981,114408,2.9529753859499325e-06,7.867615102184129e-07
1502,1981,114408,2.9529753859499325e-06,7.867615102184129e-07
1510,1981,114408,2.9529753859499325e-06,7.867615102184129e-07
1513,1981,114408,2.9529753859499325e-06,7.867615102184129e-07
1516,1981,114408,2.9529753859499325e-06,7.867615102184129e-07
1523,1981,114408,2.9529753859499325e-06,7.867615102184129e-07
1193,1980,114420,2.951484737092815e-06,7.868440318788093e-07
1196,1980,114420,2.951484737092815e-06,7.868440318788093e-07
1292,1980,114404,2.951484737092815e-06,7.867340029982808e-07
1355,1980,114372,2.951484737092815e-06,7.86513945237224e-07
1356,1980,114372,2.951484737092815e-06,7.86513945237224e-07
1362,1980,114372,2.951484737092815e-06,7.86513945237224e-07
1364,1980,114372,2.951484737092815e-06,7.86513945237224e-07
1375,1980,114372,2.951484737092815e-06,7.86513945237224e-07
1377,1980,114372,2.951484737092815e-06,7.86513945237224e-07
1380,1980,114376,2.951484737092815e-06,7.865414524573561e-07
1381,1980,114372,2.951484737092815e-06,7.86513945237224e-07
1383,1980,114372,2.951484737092815e-06,7.86513945237224e-07
1395,1980,114372,2.951484737092815e-06,7.86513945237224e-07
1401,1980,114372,2.951484737092815e-06,7.86513945237224e-07
1407,1980,114372,2.951484737092815e-06,7.86513945237224e-07
1413,1980,114372,2.951484737092815e-06,7.86513945237224e-07
1424,1980,114372,2.951484737092815e-06,7.86513945237224e-07
1432,1980,114372,2.951484737092815e-06,7.86513945237224e-07
1438,1980,114372,2.951484737092815e-06,7.86513945237224e-07
1439,1980,114372,2.951484737092815e-06,7.86513945237224e-07
1440,1980,114372,2.951484737092815e-06,7.86513945237224e-07
1442,1980,114372,2.951484737092815e-06,7.86513945237224e-07
1446,1980,114360,2.951484737092815e-06,7.864314235768277e-07
1452,1980,114360,2.951484737092815e-06,7.864314235768277e-07
1456,1980,114360,2.951484737092815e-06,7.864314235768277e-07
1467,1980,114360,2.951484737092815e-06,7.864314235768277e-07
1468,1980,114360,2.951484737092815e-06,7.864314235768277e-07
1470,1980,114360,2.951484737092815e-06,7.864314235768277e-07
1472,1980,114360,2.951484737092815e-06,7.864314235768277e-07
1476,1980,114360,2.951484737092815e-06,7.864314235768277e-07
1477,1980,114360,2.951484737092815e-06,7.864314235768277e-07
1489,1980,114360,2.951484737092815e-06,7.864314235768277e-07
1495,1980,114348,2.951484737092815e-06,7.863489019164313e-07
1504,1980,114348,2.951484737092815e-06,7.863489019164313e-07
623,1980,114496,2.951484737092815e-06,7.873666690613191e-07
1150,1979,114336,2.9499940882356974e-06,7.862663802560351e-07
1209,1979,114360,2.9499940882356974e-06,7.864314235768277e-07
1221,1979,114356,2.9499940882356974e-06,7.864039163566955e-07
1261,1979,114324,2.9499940882356974e-06,7.861838585956387e-07
1286,1979,114324,2.9499940882356974e-06,7.861838585956387e-07
1315,1979,114324,2.9499940882356974e-06,7.861838585956387e-07
1336,1979,114312,2.9499940882356974e-06,7.861013369352424e-07
1342,1979,114312,2.9499940882356974e-06,7.861013369352424e-07
1343,1979,114312,2.9499940882356974e-06,7.861013369352424e-07
1344,1979,114312,2.9499940882356974e-06,7.861013369352424e-07
1358,1979,114312,2.9499940882356974e-06,7.861013369352424e-07
1365,1979,114312,2.9499940882356974e-06,7.861013369352424e-07
1366,1979,114312,2.9499940882356974e-06,7.861013369352424e-07
1369,1979,114312,2.9499940882356974e-06,7.861013369352424e-07
1370,1979,114312,2.9499940882356974e-06,7.861013369352424e-07
1371,1979,114312,2.9499940882356974e-06,7.861013369352424e-07
1379,1979,114312,2.9499940882356974e-06,7.861013369352424e-07
1387,1979,114312,2.9499940882356974e-06,7.861013369352424e-07
1388,1979,114312,2.9499940882356974e-06,7.861013369352424e-07
1391,1979,114312,2.9499940882356974e-06,7.861013369352424e-07
1399,1979,114312,2.9499940882356974e-06,7.861013369352424e-07
1400,1979,114312,2.9499940882356974e-06,7.861013369352424e-07
1411,1979,114312,2.9499940882356974e-06,7.861013369352424e-07
1420,1979,114312,2.9499940882356974e-06,7.861013369352424e-07
1428,1979,114312,2.9499940882356974e-06,7.861013369352424e-07
1441,1979,114312,2.9499940882356974e-06,7.861013369352424e-07
1450,1979,114300,2.9499940882356974e-06,7.860188152748461e-07
1454,1979,114300,2.9499940882356974e-06,7.860188152748461e-07
1462,1979,114300,2.9499940882356974e-06,7.860188152748461e-07
1475,1979,114300,2.9499940882356974e-06,7.860188152748461e-07
1481,1979,114300,2.9499940882356974e-06,7.860188152748461e-07
162,1979,114168,2.9499940882356974e-06,7.851110770104868e-07
177,1979,114266,2.9499940882356974e-06,7.857850039037233e-07
1146,1978,114296,2.9485034393785798e-06,7.85991308054714e-07
1262,1978,114264,2.9485034393785798e-06,7.857712502936572e-07
1263,1978,114264,2.9485034393785798e-06,7.857712502936572e-07
1306,1978,114264,2.9485034393785798e-06,7.857712502936572e-07
1327,1978,114252,2.9485034393785798e-06,7.856887286332609e-07
1330,1978,114252,2.9485034393785798e-06,7.856887286332609e-07
1333,1978,114252,2.9485034393785798e-06,7.856887286332609e-07
1335,1978,114252,2.9485034393785798e-06,7.856887286332609e-07
1341,1978,114252,2.9485034393785798e-06,7.856887286332609e-07
1346,1978,114252,2.9485034393785798e-06,7.856887286332609e-07
1353,1978,114252,2.9485034393785798e-06,7.856887286332609e-07
1354,1978,114252,2.9485034393785798e-06,7.856887286332609e-07
1368,1978,114252,2.9485034393785798e-06,7.856887286332609e-07
1373,1978,114252,2.9485034393785798e-06,7.856887286332609e-07
1385,1978,114252,2.9485034393785798e-06,7.856887286332609e-07
1389,1978,114252,2.9485034393785798e-06,7.856887286332609e-07
1398,1978,114252,2.9485034393785798e-06,7.856887286332609e-07
1402,1978,114252,2.9485034393785798e-06,7.856887286332609e-07
1403,1978,114252,2.9485034393785798e-06,7.856887286332609e-07
1404,1978,114252,2.9485034393785798e-06,7.856887286332609e-07
1422,1978,114252,2.9485034393785798e-06,7.856887286332609e-07
1423,1978,114252,2.9485034393785798e-06,7.856887286332609e-07
1426,1978,114252,2.9485034393785798e-06,7.856887286332609e-07
1427,1978,114252,2.9485034393785798e-06,7.856887286332609e-07
1429,1978,114252,2.9485034393785798e-06,7.856887286332609e-07
1430,1978,114252,2.9485034393785798e-06,7.856887286332609e-07
1431,1978,114252,2.9485034393785798e-06,7.856887286332609e-07
402,1978,114120,2.9485034393785798e-06,7.847809903689014e-07
664,1978,114120,2.9485034393785798e-06,7.847809903689014e-07
772,1978,114120,2.9485034393785798e-06,7.847809903689014e-07
1182,1977,114216,2.947012790521462e-06,7.85441163652072e-07
1237,1977,114216,2.947012790521462e-06,7.85441163652072e-07
1240,1977,114216,2.947012790521462e-06,7.85441163652072e-07
1260,1977,114204,2.947012790521462e-06,7.853586419916756e-07
1269,1977,114204,2.947012790521462e-06,7.853586419916756e-07
1273,1977,114204,2.947012790521462e-06,7.853586419916756e-07
1274,1977,114204,2.947012790521462e-06,7.853586419916756e-07
1284,1977,114204,2.947012790521462e-06,7.853586419916756e-07
1290,1977,114204,2.947012790521462e-06,7.853586419916756e-07
1297,1977,114204,2.947012790521462e-06,7.853586419916756e-07
1308,1977,114204,2.947012790521462e-06,7.853586419916756e-07
1314,1977,114204,2.947012790521462e-06,7.853586419916756e-07
1324,1977,114192,2.947012790521462e-06,7.852761203312794e-07
1325,1977,114192,2.947012790521462e-06,7.852761203312794e-07
1329,1977,114192,2.947012790521462e-06,7.852761203312794e-07
1337,1977,114192,2.947012790521462e-06,7.852761203312794e-07
1357,1977,114192,2.947012790521462e-06,7.852761203312794e-07
1363,1977,114192,2.947012790521462e-06,7.852761203312794e-07
1376,1977,114192,2.947012790521462e-06,7.852761203312794e-07
1378,1977,114192,2.947012790521462e-06,7.852761203312794e-07
1397,1977,114192,2.947012790521462e-06,7.852761203312794e-07
1412,1977,114192,2.947012790521462e-06,7.852761203312794e-07
1435,1977,114192,2.947012790521462e-06,7.852761203312794e-07
38,1977,114072,2.947012790521462e-06,7.844509037273162e-07
192,1977,114072,2.947012790521462e-06,7.844509037273162e-07
207,1977,114072,2.947012790521462e-06,7.844509037273162e-07
363,1977,114072,2.947012790521462e-06,7.844509037273162e-07
997,1977,114060,2.947012790521462e-06,7.8436838206692e-07
1189,1976,114156,2.9455221416643446e-06,7.850285553500904e-07
1202,1976,114156,2.9455221416643446e-06,7.850285553500904e-07
1204,1976,114156,2.9455221416643446e-06,7.850285553500904e-07
1205,1976,114156,2.9455221416643446e-06,7.850285553500904e-07
1241,1976,114156,2.9455221416643446e-06,7.850285553500904e-07
1255,1976,114144,2.9455221416643446e-06,7.849460336896941e-07
1257,1976,114144,2.9455221416643446e-06,7.849460336896941e-07
1258,1976,114144,2.9455221416643446e-06,7.849460336896941e-07
1270,1976,114144,2.9455221416643446e-06,7.849460336896941e-07
1281,1976,114148,2.9455221416643446e-06,7.849735409098262e-07
1291,1976,114144,2.9455221416643446e-06,7.849460336896941e-07
1294,1976,114144,2.9455221416643446e-06,7.849460336896941e-07
1298,1976,114144,2.9455221416643446e-06,7.849460336896941e-07
1302,1976,114144,2.9455221416643446e-06,7.849460336896941e-07
1303,1976,114144,2.9455221416643446e-06,7.849460336896941e-07
1304,1976,114144,2.9455221416643446e-06,7.849460336896941e-07
1321,1976,114144,2.9455221416643446e-06,7.849460336896941e-07
1326,1976,114132,2.9455221416643446e-06,7.848635120292978e-07
1331,1976,114132,2.9455221416643446e-06,7.848635120292978e-07
1338,1976,114132,2.9455221416643446e-06,7.848635120292978e-07
1339,1976,114132,2.9455221416643446e-06,7.848635120292978e-07
1349,1976,114132,2.9455221416643446e-06,7.848635120292978e-07
1351,1976,114132,2.9455221416643446e-06,7.848635120292978e-07
1374,1976,114132,2.9455221416643446e-06,7.848635120292978e-07
682,1976,114024,2.9455221416643446e-06,7.84120817085731e-07
781,1976,114024,2.9455221416643446e-06,7.84120817085731e-07
1115,1975,114120,2.944031492807227e-06,7.847809903689014e-07
1134,1975,114096,2.944031492807227e-06,7.846159470481088e-07
1158,1975,114096,2.944031492807227e-06,7.846159470481088e-07
1161,1975,114096,2.944031492807227e-06,7.846159470481088e-07
1170,1975,114096,2.944031492807227e-06,7.846159470481088e-07
1176,1975,114096,2.944031492807227e-06,7.846159470481088e-07
1194,1975,114096,2.944031492807227e-06,7.846159470481088e-07
1208,1975,114096,2.944031492807227e-06,7.846159470481088e-07
1211,1975,114096,2.944031492807227e-06,7.846159470481088e-07
1215,1975,114096,2.944031492807227e-06,7.846159470481088e-07
1220,1975,114096,2.944031492807227e-06,7.846159470481088e-07
1229,1975,114096,2.944031492807227e-06,7.846159470481088e-07
1239,1975,114096,2.944031492807227e-06,7.846159470481088e-07
1252,1975,114084,2.944031492807227e-06,7.845334253877126e-07
1264,1975,114084,2.944031492807227e-06,7.845334253877126e-07
1266,1975,114084,2.944031492807227e-06,7.845334253877126e-07
1267,1975,114084,2.944031492807227e-06,7.845334253877126e-07
1268,1975,114084,2.944031492807227e-06,7.845334253877126e-07
1276,1975,114084,2.944031492807227e-06,7.845334253877126e-07
1278,1975,114084,2.944031492807227e-06,7.845334253877126e-07
1279,1975,114084,2.944031492807227e-06,7.845334253877126e-07
1280,1975,114084,2.944031492807227e-06,7.845334253877126e-07
1295,1975,114084,2.944031492807227e-06,7.845334253877126e-07
1312,1975,114084,2.944031492807227e-06,7.845334253877126e-07
1316,1975,114084,2.944031492807227e-06,7.845334253877126e-07
1318,1975,114084,2.944031492807227e-06,7.845334253877126e-07
1200,1975,114072,2.944031492807227e-06,7.844509037273162e-07
1332,1975,114072,2.944031492807227e-06,7.844509037273162e-07
944,1975,113964,2.944031492807227e-06,7.837082087837495e-07
1120,1974,114060,2.9425408439501095e-06,7.8436838206692e-07
1155,1974,114036,2.9425408439501095e-06,7.842033387461273e-07
1157,1974,114036,2.9425408439501095e-06,7.842033387461273e-07
1172,1974,114036,2.9425408439501095e-06,7.842033387461273e-07
1173,1974,114036,2.9425408439501095e-06,7.842033387461273e-07
1177,1974,114036,2.9425408439501095e-06,7.842033387461273e-07
1191,1974,114036,2.9425408439501095e-06,7.842033387461273e-07
1203,1974,114036,2.9425408439501095e-06,7.842033387461273e-07
1207,1974,114036,2.9425408439501095e-06,7.842033387461273e-07
1212,1974,114036,2.9425408439501095e-06,7.842033387461273e-07
1222,1974,114036,2.9425408439501095e-06,7.842033387461273e-07
1226,1974,114036,2.9425408439501095e-06,7.842033387461273e-07
1227,1974,114036,2.9425408439501095e-06,7.842033387461273e-07
1242,1974,114036,2.9425408439501095e-06,7.842033387461273e-07
1250,1974,114036,2.9425408439501095e-06,7.842033387461273e-07
1253,1974,114024,2.9425408439501095e-06,7.84120817085731e-07
1275,1974,114024,2.9425408439501095e-06,7.84120817085731e-07
1282,1974,114024,2.9425408439501095e-06,7.84120817085731e-07
1293,1974,114024,2.9425408439501095e-06,7.84120817085731e-07
1299,1974,114024,2.9425408439501095e-06,7.84120817085731e-07
1317,1974,114024,2.9425408439501095e-06,7.84120817085731e-07
1320,1974,114024,2.9425408439501095e-06,7.84120817085731e-07
502,1974,113928,2.9425408439501095e-06,7.834606438025605e-07
1003,1973,114012,2.941050195092992e-06,7.840382954253347e-07
1156,1973,113976,2.941050195092992e-06,7.837907304441458e-07
1159,1973,113976,2.941050195092992e-06,7.837907304441458e-07
1167,1973,113976,2.941050195092992e-06,7.837907304441458e-07
1179,1973,113976,2.941050195092992e-06,7.837907304441458e-07
1184,1973,113976,2.941050195092992e-06,7.837907304441458e-07
1190,1973,113976,2.941050195092992e-06,7.837907304441458e-07
1223,1973,113976,2.941050195092992e-06,7.837907304441458e-07
1225,1973,113976,2.941050195092992e-06,7.837907304441458e-07
1230,1973,113976,2.941050195092992e-06,7.837907304441458e-07
1231,1973,113976,2.941050195092992e-06,7.837907304441458e-07
1245,1973,113976,2.941050195092992e-06,7.837907304441458e-07
1249,1973,113976,2.941050195092992e-06,7.837907304441458e-07
1251,1973,113976,2.941050195092992e-06,7.837907304441458e-07
1285,1973,113964,2.941050195092992e-06,7.837082087837495e-07
1289,1973,113964,2.941050195092992e-06,7.837082087837495e-07
136,1973,113880,2.941050195092992e-06,7.831305571609753e-07
1140,1972,113916,2.9395595462358743e-06,7.833781221421642e-07
1143,1972,113916,2.9395595462358743e-06,7.833781221421642e-07
1153,1972,113916,2.9395595462358743e-06,7.833781221421642e-07
1168,1972,113916,2.9395595462358743e-06,7.833781221421642e-07
1178,1972,113916,2.9395595462358743e-06,7.833781221421642e-07
1188,1972,113916,2.9395595462358743e-06,7.833781221421642e-07
1206,1972,113916,2.9395595462358743e-06,7.833781221421642e-07
1210,1972,113916,2.9395595462358743e-06,7.833781221421642e-07
1228,1972,113916,2.9395595462358743e-06,7.833781221421642e-07
1232,1972,113916,2.9395595462358743e-06,7.833781221421642e-07
1235,1972,113916,2.9395595462358743e-06,7.833781221421642e-07
639,1972,113832,2.9395595462358743e-06,7.828004705193901e-07
657,1972,113832,2.9395595462358743e-06,7.828004705193901e-07
688,1972,113832,2.9395595462358743e-06,7.828004705193901e-07
767,1972,113832,2.9395595462358743e-06,7.828004705193901e-07
786,1972,113832,2.9395595462358743e-06,7.828004705193901e-07
826,1972,113832,2.9395595462358743e-06,7.828004705193901e-07
829,1972,113832,2.9395595462358743e-06,7.828004705193901e-07
1018,1971,113892,2.9380688973787567e-06,7.832130788213716e-07
1127,1971,113872,2.9380688973787567e-06,7.830755427207111e-07
1142,1971,113856,2.9380688973787567e-06,7.829655138401827e-07
1144,1971,113856,2.9380688973787567e-06,7.829655138401827e-07
1162,1971,113856,2.9380688973787567e-06,7.829655138401827e-07
1171,1971,113856,2.9380688973787567e-06,7.829655138401827e-07
1180,1971,113856,2.9380688973787567e-06,7.829655138401827e-07
1181,1971,113856,2.9380688973787567e-06,7.829655138401827e-07
965,1971,113772,2.9380688973787567e-06,7.823878622174085e-07
996,1971,113772,2.9380688973787567e-06,7.823878622174085e-07
1017,1970,113808,2.936578248521639e-06,7.826354271985975e-07
1133,1970,113796,2.936578248521639e-06,7.825529055382011e-07
1101,1969,113736,2.9350875996645216e-06,7.821402972362195e-07
1128,1969,113736,2.9350875996645216e-06,7.821402972362195e-07
1129,1969,113736,2.9350875996645216e-06,7.821402972362195e-07
1135,1969,113736,2.9350875996645216e-06,7.821402972362195e-07
1136,1969,113736,2.9350875996645216e-06,7.821402972362195e-07
1109,1968,113676,2.933596950807404e-06,7.817276889342381e-07
1118,1968,113676,2.933596950807404e-06,7.817276889342381e-07
789,1968,113640,2.933596950807404e-06,7.814801239530491e-07
1103,1967,113616,2.9321063019502864e-06,7.813150806322565e-07
1125,1967,113616,2.9321063019502864e-06,7.813150806322565e-07
1116,1966,113556,2.930615653093169e-06,7.80902472330275e-07
517,1966,113624,2.930615653093169e-06,7.813700950725207e-07
1004,1965,113508,2.9291250042360513e-06,7.805723856886897e-07
1005,1965,113508,2.9291250042360513e-06,7.805723856886897e-07
1014,1965,113508,2.9291250042360513e-06,7.805723856886897e-07
1015,1965,113508,2.9291250042360513e-06,7.805723856886897e-07
1020,1965,113508,2.9291250042360513e-06,7.805723856886897e-07
0,1965,113496,2.9291250042360513e-06,7.804898640282934e-07
2,1965,113496,2.9291250042360513e-06,7.804898640282934e-07
5,1965,113496,2.9291250042360513e-06,7.804898640282934e-07
8,1965,113496,2.9291250042360513e-06,7.804898640282934e-07
10,1965,113496,2.9291250042360513e-06,7.804898640282934e-07
11,1965,113496,2.9291250042360513e-06,7.804898640282934e-07
12,1965,113496,2.9291250042360513e-06,7.804898640282934e-07
14,1965,113496,2.9291250042360513e-06,7.804898640282934e-07
15,1965,113496,2.9291250042360513e-06,7.804898640282934e-07
16,1965,113496,2.9291250042360513e-06,7.804898640282934e-07
18,1965,113496,2.9291250042360513e-06,7.804898640282934e-07
27,1965,113496,2.9291250042360513e-06,7.804898640282934e-07
28,1965,113496,2.9291250042360513e-06,7.804898640282934e-07
29,1965,113496,2.9291250042360513e-06,7.804898640282934e-07
31,1965,113496,2.9291250042360513e-06,7.804898640282934e-07
34,1965,113496,2.9291250042360513e-06,7.804898640282934e-07
35,1965,113496,2.9291250042360513e-06,7.804898640282934e-07
36,1965,113496,2.9291250042360513e-06,7.804898640282934e-07
39,1965,113496,2.9291250042360513e-06,7.804898640282934e-07
40,1965,113496,2.9291250042360513e-06,7.804898640282934e-07
41,1965,113496,2.9291250042360513e-06,7.804898640282934e-07
44,1965,113496,2.9291250042360513e-06,7.804898640282934e-07
45,1965,113496,2.9291250042360513e-06,7.804898640282934e-07
46,1965,113496,2.9291250042360513e-06,7.804898640282934e-07
47,1965,113496,2.9291250042360513e-06,7.804898640282934e-07
48,1965,113496,2.9291250042360513e-06,7.804898640282934e-07
50,1965,113496,2.9291250042360513e-06,7.804898640282934e-07
51,1965,113496,2.9291250042360513e-06,7.804898640282934e-07
52,1965,113496,2.9291250042360513e-06,7.804898640282934e-07
54,1965,113496,2.9291250042360513e-06,7.804898640282934e-07
55,1965,113496,2.9291250042360513e-06,7.804898640282934e-07
56,1965,113496,2.9291250042360513e-06,7.804898640282934e-07
57,1965,113496,2.9291250042360513e-06,7.804898640282934e-07
58,1965,113496,2.9291250042360513e-06,7.804898640282934e-07
59,1965,113496,2.9291250042360513e-06,7.804898640282934e-07
60,1965,113496,2.9291250042360513e-06,7.804898640282934e-07
61,1965,113496,2.9291250042360513e-06,7.804898640282934e-07
62,1965,113496,2.9291250042360513e-06,7.804898640282934e-07
63,1965,113496,2.9291250042360513e-06,7.804898640282934e-07
64,1965,113496,2.9291250042360513e-06,7.804898640282934e-07
65,1965,113496,2.9291250042360513e-06,7.804898640282934e-07
66,1965,113496,2.9291250042360513e-06,7.804898640282934e-07
68,1965,113496,2.9291250042360513e-06,7.804898640282934e-07
69,1965,113496,2.9291250042360513e-06,7.804898640282934e-07
71,1965,113496,2.9291250042360513e-06,7.804898640282934e-07
72,1965,113496,2.9291250042360513e-06,7.804898640282934e-07
73,1965,113496,2.9291250042360513e-06,7.804898640282934e-07
74,1965,113496,2.9291250042360513e-06,7.804898640282934e-07
75,1965,113496,2.9291250042360513e-06,7.804898640282934e-07
76,1965,113496,2.9291250042360513e-06,7.804898640282934e-07
77,1965,113496,2.9291250042360513e-06,7.804898640282934e-07
78,1965,113496,2.9291250042360513e-06,7.804898640282934e-07
86,1965,113496,2.9291250042360513e-06,7.804898640282934e-07
87,1965,113496,2.9291250042360513e-06,7.804898640282934e-07
91,1965,113496,2.9291250042360513e-06,7.804898640282934e-07
92,1965,113496,2.9291250042360513e-06,7.804898640282934e-07
93,1965,113496,2.9291250042360513e-06,7.804898640282934e-07
94,1965,113496,2.9291250042360513e-06,7.804898640282934e-07
95,1965,113496,2.9291250042360513e-06,7.804898640282934e-07
96,1965,113496,2.9291250042360513e-06,7.804898640282934e-07
97,1965,113496,2.9291250042360513e-06,7.804898640282934e-07
98,1965,113496,2.9291250042360513e-06,7.804898640282934e-07
101,1965,113496,2.9291250042360513e-06,7.804898640282934e-07
102,1965,113496,2.9291250042360513e-06,7.804898640282934e-07
103,1965,113496,2.9291250042360513e-06,7.804898640282934e-07
104,1965,113496,2.9291250042360513e-06,7.804898640282934e-07
105,1965,113496,2.9291250042360513e-06,7.804898640282934e-07
107,1965,113496,2.9291250042360513e-06,7.804898640282934e-07
108,1965,113496,2.9291250042360513e-06,7.804898640282934e-07
112,1965,113496,2.9291250042360513e-06,7.804898640282934e-07
114,1965,113496,2.9291250042360513e-06,7.804898640282934e-07
115,1965,113496,2.9291250042360513e-06,7.804898640282934e-07
116,1965,113496,2.9291250042360513e-06,7.804898640282934e-07
117,1965,113496,2.9291250042360513e-06,7.804898640282934e-07
118,1965,113496,2.9291250042360513e-06,7.804898640282934e-07
120,1965,113496,2.9291250042360513e-06,7.804898640282934e-07
121,1965,113496,2.9291250042360513e-06,7.804898640282934e-07
122,1965,113496,2.9291250042360513e-06,7.804898640282934e-07
124,1965,113496,2.9291250042360513e-06,7.804898640282934e-07
126,1965,113496,2.9291250042360513e-06,7.804898640282934e-07
127,1965,113496,2.9291250042360513e-06,7.804898640282934e-07
128,1965,113496,2.9291250042360513e-06,7.804898640282934e-07
129,1965,113496,2.9291250042360513e-06,7.804898640282934e-07
130,1965,113496,2.9291250042360513e-06,7.804898640282934e-07
131,1965,113496,2.9291250042360513e-06,7.804898640282934e-07
132,1965,113496,2.9291250042360513e-06,7.804898640282934e-07
133,1965,113496,2.9291250042360513e-06,7.804898640282934e-07
134,1965,113496,2.9291250042360513e-06,7.804898640282934e-07
140,1965,113496,2.9291250042360513e-06,7.804898640282934e-07
141,1965,113496,2.9291250042360513e-06,7.804898640282934e-07
142,1965,113496,2.9291250042360513e-06,7.804898640282934e-07
145,1965,113496,2.9291250042360513e-06,7.804898640282934e-07
147,1965,113496,2.9291250042360513e-06,7.804898640282934e-07
148,1965,113496,2.9291250042360513e-06,7.804898640282934e-07
149,1965,113496,2.9291250042360513e-06,7.804898640282934e-07
150,1965,113496,2.9291250042360513e-06,7.804898640282934e-07
151,1965,113496,2.9291250042360513e-06,7.804898640282934e-07
152,1965,113496,2.9291250042360513e-06,7.804898640282934e-07
153,1965,113496,2.9291250042360513e-06,7.804898640282934e-07
154,1965,113496,2.9291250042360513e-06,7.804898640282934e-07
155,1965,113496,2.9291250042360513e-06,7.804898640282934e-07
156,1965,113496,2.9291250042360513e-06,7.804898640282934e-07
157,1965,113496,2.9291250042360513e-06,7.804898640282934e-07
158,1965,113496,2.9291250042360513e-06,7.804898640282934e-07
159,1965,113496,2.9291250042360513e-06,7.804898640282934e-07
160,1965,113496,2.9291250042360513e-06,7.804898640282934e-07
164,1965,113496,2.9291250042360513e-06,7.804898640282934e-07
165,1965,113496,2.9291250042360513e-06,7.804898640282934e-07
166,1965,113496,2.9291250042360513e-06,7.804898640282934e-07
167,1965,113496,2.9291250042360513e-06,7.804898640282934e-07
168,1965,113496,2.9291250042360513e-06,7.804898640282934e-07
169,1965,113496,2.9291250042360513e-06,7.804898640282934e-07
170,1965,113496,2.9291250042360513e-06,7.804898640282934e-07
171,1965,113496,2.9291250042360513e-06,7.804898640282934e-07
172,1965,113496,2.9291250042360513e-06,7.804898640282934e-07
173,1965,113496,2.9291250042360513e-06,7.804898640282934e-07
174,1965,113496,2.9291250042360513e-06,7.804898640282934e-07
175,1965,113496,2.9291250042360513e-06,7.804898640282934e-07
176,1965,113496,2.9291250042360513e-06,7.804898640282934e-07
178,1965,113496,2.9291250042360513e-06,7.804898640282934e-07
180,1965,113496,2.9291250042360513e-06,7.804898640282934e-07
181,1965,113496,2.9291250042360513e-06,7.804898640282934e-07
182,1965,113496,2.9291250042360513e-06,7.804898640282934e-07
183,1965,113496,2.9291250042360513e-06,7.804898640282934e-07
184,1965,113496,2.9291250042360513e-06,7.804898640282934e-07
185,1965,113496,2.9291250042360513e-06,7.804898640282934e-07
186,1965,113496,2.9291250042360513e-06,7.804898640282934e-07
187,1965,113496,2.9291250042360513e-06,7.804898640282934e-07
188,1965,113496,2.9291250042360513e-06,7.804898640282934e-07
189,1965,113496,2.9291250042360513e-06,7.804898640282934e-07
190,1965,113496,2.9291250042360513e-06,7.804898640282934e-07
191,1965,113496,2.9291250042360513e-06,7.804898640282934e-07
193,1965,113496,2.9291250042360513e-06,7.804898640282934e-07
194,1965,113496,2.9291250042360513e-06,7.804898640282934e-07
195,1965,113496,2.9291250042360513e-06,7.804898640282934e-07
196,1965,113496,2.9291250042360513e-06,7.804898640282934e-07
197,1965,113496,2.9291250042360513e-06,7.804898640282934e-07
198,1965,113496,2.9291250042360513e-06,7.804898640282934e-07
200,1965,113496,2.9291250042360513e-06,7.804898640282934e-07
201,1965,113496,2.9291250042360513e-06,7.804898640282934e-07
202,1965,113496,2.9291250042360513e-06,7.804898640282934e-07
203,1965,113496,2.9291250042360513e-06,7.804898640282934e-07
204,1965,113496,2.9291250042360513e-06,7.804898640282934e-07
205,1965,113496,2.9291250042360513e-06,7.804898640282934e-07
206,1965,113496,2.9291250042360513e-06,7.804898640282934e-07
208,1965,113496,2.9291250042360513e-06,7.804898640282934e-07
209,1965,113496,2.9291250042360513e-06,7.804898640282934e-07
210,1965,113496,2.9291250042360513e-06,7.804898640282934e-07
213,1965,113496,2.9291250042360513e-06,7.804898640282934e-07
214,1965,113496,2.9291250042360513e-06,7.804898640282934e-07
215,1965,113496,2.9291250042360513e-06,7.804898640282934e-07
216,1965,113496,2.9291250042360513e-06,7.804898640282934e-07
218,1965,113496,2.9291250042360513e-06,7.804898640282934e-07
219,1965,113496,2.9291250042360513e-06,7.804898640282934e-07
220,1965,113496,2.9291250042360513e-06,7.804898640282934e-07
221,1965,113496,2.9291250042360513e-06,7.804898640282934e-07
223,1965,113496,2.9291250042360513e-06,7.804898640282934e-07
224,1965,113496,2.9291250042360513e-06,7.804898640282934e-07
225,1965,113496,2.9291250042360513e-06,7.804898640282934e-07
226,1965,113496,2.9291250042360513e-06,7.804898640282934e-07
227,1965,113496,2.9291250042360513e-06,7.804898640282934e-07
228,1965,113496,2.9291250042360513e-06,7.804898640282934e-07
229,1965,113496,2.9291250042360513e-06,7.804898640282934e-07
230,1965,113496,2.9291250042360513e-06,7.804898640282934e-07
231,1965,113496,2.9291250042360513e-06,7.804898640282934e-07
232,1965,113496,2.9291250042360513e-06,7.804898640282934e-07
233,1965,113496,2.9291250042360513e-06,7.804898640282934e-07
234,1965,113496,2.9291250042360513e-06,7.804898640282934e-07
235,1965,113496,2.9291250042360513e-06,7.804898640282934e-07
236,1965,113496,2.9291250042360513e-06,7.804898640282934e-07
237,1965,113496,2.9291250042360513e-06,7.804898640282934e-07
238,1965,113496,2.9291250042360513e-06,7.804898640282934e-07
239,1965,113496,2.9291250042360513e-06,7.804898640282934e-07
240,1965,113496,2.9291250042360513e-06,7.804898640282934e-07
241,1965,113496,2.9291250042360513e-06,7.804898640282934e-07
242,1965,113496,2.9291250042360513e-06,7.804898640282934e-07
243,1965,113496,2.9291250042360513e-06,7.804898640282934e-07
244,1965,113496,2.9291250042360513e-06,7.804898640282934e-07
245,1965,113496,2.9291250042360513e-06,7.804898640282934e-07
246,1965,113496,2.9291250042360513e-06,7.804898640282934e-07
247,1965,113496,2.9291250042360513e-06,7.804898640282934e-07
248,1965,113496,2.9291250042360513e-06,7.804898640282934e-07
249,1965,113496,2.9291250042360513e-06,7.804898640282934e-07
250,1965,113496,2.9291250042360513e-06,7.804898640282934e-07
251,1965,113496,2.9291250042360513e-06,7.804898640282934e-07
252,1965,113496,2.9291250042360513e-06,7.804898640282934e-07
253,1965,113496,2.9291250042360513e-06,7.804898640282934e-07
257,1965,113496,2.9291250042360513e-06,7.804898640282934e-07
258,1965,113496,2.9291250042360513e-06,7.804898640282934e-07
260,1965,113496,2.9291250042360513e-06,7.804898640282934e-07
261,1965,113496,2.9291250042360513e-06,7.804898640282934e-07
262,1965,113496,2.9291250042360513e-06,7.804898640282934e-07
263,1965,113496,2.9291250042360513e-06,7.804898640282934e-07
265,1965,113496,2.9291250042360513e-06,7.804898640282934e-07
266,1965,113496,2.9291250042360513e-06,7.804898640282934e-07
267,1965,113496,2.9291250042360513e-06,7.804898640282934e-07
268,1965,113496,2.9291250042360513e-06,7.804898640282934e-07
269,1965,113496,2.9291250042360513e-06,7.804898640282934e-07
270,1965,113496,2.9291250042360513e-06,7.804898640282934e-07
271,1965,113496,2.9291250042360513e-06,7.804898640282934e-07
272,1965,113496,2.9291250042360513e-06,7.804898640282934e-07
273,1965,113496,2.9291250042360513e-06,7.804898640282934e-07
274,1965,113496,2.9291250042360513e-06,7.804898640282934e-07
275,1965,113496,2.9291250042360513e-06,7.804898640282934e-07
276,1965,113496,2.9291250042360513e-06,7.804898640282934e-07
277,1965,113496,2.9291250042360513e-06,7.804898640282934e-07
278,1965,113496,2.9291250042360513e-06,7.804898640282934e-07
279,1965,113496,2.9291250042360513e-06,7.804898640282934e-07
281,1965,113496,2.9291250042360513e-06,7.804898640282934e-07
282,1965,113496,2.9291250042360513e-06,7.804898640282934e-07
283,1965,113496,2.9291250042360513e-06,7.804898640282934e-07
284,1965,113496,2.9291250042360513e-06,7.804898640282934e-07
285,1965,113496,2.9291250042360513e-06,7.804898640282934e-07
286,1965,113496,2.9291250042360513e-06,7.804898640282934e-07
287,1965,113496,2.9291250042360513e-06,7.804898640282934e-07
288,1965,113496,2.9291250042360513e-06,7.804898640282934e-07
289,1965,113496,2.9291250042360513e-06,7.804898640282934e-07
290,1965,113496,2.9291250042360513e-06,7.804898640282934e-07
291,1965,113496,2.9291250042360513e-06,7.804898640282934e-07
292,1965,113496,2.9291250042360513e-06,7.804898640282934e-07
293,1965,113496,2.9291250042360513e-06,7.804898640282934e-07
294,1965,113496,2.9291250042360513e-06,7.804898640282934e-07
295,1965,113496,2.9291250042360513e-06,7.804898640282934e-07
296,1965,113496,2.9291250042360513e-06,7.804898640282934e-07
297,1965,113496,2.9291250042360513e-06,7.804898640282934e-07
298,1965,113496,2.9291250042360513e-06,7.804898640282934e-07
299,1965,113496,2.9291250042360513e-06,7.804898640282934e-07
300,1965,113496,2.9291250042360513e-06,7.804898640282934e-07
302,1965,113496,2.9291250042360513e-06,7.804898640282934e-07
303,1965,113496,2.9291250042360513e-06,7.804898640282934e-07
304,1965,113496,2.9291250042360513e-06,7.804898640282934e-07
305,1965,113496,2.9291250042360513e-06,7.804898640282934e-07
307,1965,113496,2.9291250042360513e-06,7.804898640282934e-07
308,1965,113496,2.9291250042360513e-06,7.804898640282934e-07
309,1965,113496,2.9291250042360513e-06,7.804898640282934e-07
310,1965,113496,2.9291250042360513e-06,7.804898640282934e-07
312,1965,113496,2.9291250042360513e-06,7.804898640282934e-07
313,1965,113496,2.9291250042360513e-06,7.804898640282934e-07
314,1965,113496,2.9291250042360513e-06,7.804898640282934e-07
315,1965,113496,2.9291250042360513e-06,7.804898640282934e-07
316,1965,113496,2.9291250042360513e-06,7.804898640282934e-07
317,1965,113496,2.9291250042360513e-06,7.804898640282934e-07
318,1965,113496,2.9291250042360513e-06,7.804898640282934e-07
319,1965,113496,2.9291250042360513e-06,7.804898640282934e-07
320,1965,113496,2.9291250042360513e-06,7.804898640282934e-07
321,1965,113496,2.9291250042360513e-06,7.804898640282934e-07
322,1965,113496,2.9291250042360513e-06,7.804898640282934e-07
323,1965,113496,2.9291250042360513e-06,7.804898640282934e-07
324,1965,113496,2.9291250042360513e-06,7.804898640282934e-07
325,1965,113496,2.9291250042360513e-06,7.804898640282934e-07
326,1965,113496,2.9291250042360513e-06,7.804898640282934e-07
327,1965,113496,2.9291250042360513e-06,7.804898640282934e-07
328,1965,113496,2.9291250042360513e-06,7.804898640282934e-07
329,1965,113496,2.9291250042360513e-06,7.804898640282934e-07
330,1965,113496,2.9291250042360513e-06,7.804898640282934e-07
331,1965,113496,2.9291250042360513e-06,7.804898640282934e-07
332,1965,113496,2.9291250042360513e-06,7.804898640282934e-07
333,1965,113496,2.9291250042360513e-06,7.804898640282934e-07
334,1965,113496,2.9291250042360513e-06,7.804898640282934e-07
335,1965,113496,2.9291250042360513e-06,7.804898640282934e-07
336,1965,113496,2.9291250042360513e-06,7.804898640282934e-07
337,1965,113496,2.9291250042360513e-06,7.804898640282934e-07
338,1965,113496,2.9291250042360513e-06,7.804898640282934e-07
339,1965,113496,2.9291250042360513e-06,7.804898640282934e-07
341,1965,113496,2.9291250042360513e-06,7.804898640282934e-07
342,1965,113496,2.9291250042360513e-06,7.804898640282934e-07
343,1965,113496,2.9291250042360513e-06,7.804898640282934e-07
344,1965,113496,2.9291250042360513e-06,7.804898640282934e-07
345,1965,113496,2.9291250042360513e-06,7.804898640282934e-07
346,1965,113496,2.9291250042360513e-06,7.804898640282934e-07
347,1965,113496,2.9291250042360513e-06,7.804898640282934e-07
348,1965,113496,2.9291250042360513e-06,7.804898640282934e-07
349,1965,113496,2.9291250042360513e-06,7.804898640282934e-07
350,1965,113496,2.9291250042360513e-06,7.804898640282934e-07
351,1965,113496,2.9291250042360513e-06,7.804898640282934e-07
352,1965,113496,2.9291250042360513e-06,7.804898640282934e-07
353,1965,113496,2.9291250042360513e-06,7.804898640282934e-07
354,1965,113496,2.9291250042360513e-06,7.804898640282934e-07
355,1965,113496,2.9291250042360513e-06,7.804898640282934e-07
356,1965,113496,2.9291250042360513e-06,7.804898640282934e-07
357,1965,113496,2.9291250042360513e-06,7.804898640282934e-07
358,1965,113496,2.9291250042360513e-06,7.804898640282934e-07
359,1965,113496,2.9291250042360513e-06,7.804898640282934e-07
360,1965,113496,2.9291250042360513e-06,7.804898640282934e-07
361,1965,113496,2.9291250042360513e-06,7.804898640282934e-07
362,1965,113496,2.9291250042360513e-06,7.804898640282934e-07
364,1965,113496,2.9291250042360513e-06,7.804898640282934e-07
365,1965,113496,2.9291250042360513e-06,7.804898640282934e-07
367,1965,113496,2.9291250042360513e-06,7.804898640282934e-07
368,1965,113496,2.9291250042360513e-06,7.804898640282934e-07
369,1965,113496,2.9291250042360513e-06,7.804898640282934e-07
370,1965,113496,2.9291250042360513e-06,7.804898640282934e-07
371,1965,113496,2.9291250042360513e-06,7.804898640282934e-07
372,1965,113496,2.9291250042360513e-06,7.804898640282934e-07
373,1965,113496,2.9291250042360513e-06,7.804898640282934e-07
374,1965,113496,2.9291250042360513e-06,7.804898640282934e-07
375,1965,113496,2.9291250042360513e-06,7.804898640282934e-07
376,1965,113496,2.9291250042360513e-06,7.804898640282934e-07
377,1965,113496,2.9291250042360513e-06,7.804898640282934e-07
378,1965,113496,2.9291250042360513e-06,7.804898640282934e-07
379,1965,113496,2.9291250042360513e-06,7.804898640282934e-07
380,1965,113496,2.9291250042360513e-06,7.804898640282934e-07
381,1965,113496,2.9291250042360513e-06,7.804898640282934e-07
382,1964,113448,2.9276343553789337e-06,7.801597773867082e-07
383,1964,113448,2.9276343553789337e-06,7.801597773867082e-07
384,1964,113448,2.9276343553789337e-06,7.801597773867082e-07
385,1964,113448,2.9276343553789337e-06,7.801597773867082e-07
386,1964,113448,2.9276343553789337e-06,7.801597773867082e-07
387,1964,113448,2.9276343553789337e-06,7.801597773867082e-07
388,1964,113448,2.9276343553789337e-06,7.801597773867082e-07
390,1964,113448,2.9276343553789337e-06,7.801597773867082e-07
391,1964,113448,2.9276343553789337e-06,7.801597773867082e-07
392,1964,113448,2.9276343553789337e-06,7.801597773867082e-07
393,1964,113448,2.9276343553789337e-06,7.801597773867082e-07
394,1964,113448,2.9276343553789337e-06,7.801597773867082e-07
395,1964,113448,2.9276343553789337e-06,7.801597773867082e-07
396,1964,113448,2.9276343553789337e-06,7.801597773867082e-07
397,1964,113448,2.9276343553789337e-06,7.801597773867082e-07
398,1964,113448,2.9276343553789337e-06,7.801597773867082e-07
399,1964,113448,2.9276343553789337e-06,7.801597773867082e-07
400,1964,113448,2.9276343553789337e-06,7.801597773867082e-07
401,1964,113448,2.9276343553789337e-06,7.801597773867082e-07
403,1964,113448,2.9276343553789337e-06,7.801597773867082e-07
404,1964,113448,2.9276343553789337e-06,7.801597773867082e-07
405,1964,113448,2.9276343553789337e-06,7.801597773867082e-07
408,1964,113448,2.9276343553789337e-06,7.801597773867082e-07
409,1964,113448,2.9276343553789337e-06,7.801597773867082e-07
410,1964,113448,2.9276343553789337e-06,7.801597773867082e-07
411,1964,113448,2.9276343553789337e-06,7.801597773867082e-07
412,1964,113448,2.9276343553789337e-06,7.801597773867082e-07
413,1964,113448,2.9276343553789337e-06,7.801597773867082e-07
414,1964,113448,2.9276343553789337e-06,7.801597773867082e-07
415,1964,113448,2.9276343553789337e-06,7.801597773867082e-07
418,1964,113448,2.9276343553789337e-06,7.801597773867082e-07
419,1964,113448,2.9276343553789337e-06,7.801597773867082e-07
420,1964,113448,2.9276343553789337e-06,7.801597773867082e-07
421,1964,113448,2.9276343553789337e-06,7.801597773867082e-07
422,1964,113448,2.9276343553789337e-06,7.801597773867082e-07
423,1964,113448,2.9276343553789337e-06,7.801597773867082e-07
424,1964,113448,2.9276343553789337e-06,7.801597773867082e-07
426,1964,113448,2.9276343553789337e-06,7.801597773867082e-07
428,1964,113448,2.9276343553789337e-06,7.801597773867082e-07
429,1964,113448,2.9276343553789337e-06,7.801597773867082e-07
430,1964,113448,2.9276343553789337e-06,7.801597773867082e-07
431,1964,113448,2.9276343553789337e-06,7.801597773867082e-07
432,1964,113448,2.9276343553789337e-06,7.801597773867082e-07
433,1964,113448,2.9276343553789337e-06,7.801597773867082e-07
434,1964,113448,2.9276343553789337e-06,7.801597773867082e-07
435,1964,113448,2.9276343553789337e-06,7.801597773867082e-07
436,1964,113448,2.9276343553789337e-06,7.801597773867082e-07
437,1964,113448,2.9276343553789337e-06,7.801597773867082e-07
438,1964,113448,2.9276343553789337e-06,7.801597773867082e-07
439,1964,113448,2.9276343553789337e-06,7.801597773867082e-07
440,1964,113448,2.9276343553789337e-06,7.801597773867082e-07
441,1964,113448,2.9276343553789337e-06,7.801597773867082e-07
442,1964,113448,2.9276343553789337e-06,7.801597773867082e-07
446,1964,113448,2.9276343553789337e-06,7.801597773867082e-07
447,1964,113448,2.9276343553789337e-06,7.801597773867082e-07
448,1964,113448,2.9276343553789337e-06,7.801597773867082e-07
449,1964,113448,2.9276343553789337e-06,7.801597773867082e-07
450,1964,113448,2.9276343553789337e-06,7.801597773867082e-07
451,1964,113448,2.9276343553789337e-06,7.801597773867082e-07
452,1964,113448,2.9276343553789337e-06,7.801597773867082e-07
453,1964,113448,2.9276343553789337e-06,7.801597773867082e-07
454,1964,113448,2.9276343553789337e-06,7.801597773867082e-07
455,1964,113448,2.9276343553789337e-06,7.801597773867082e-07
456,1964,113448,2.9276343553789337e-06,7.801597773867082e-07
457,1964,113448,2.9276343553789337e-06,7.801597773867082e-07
459,1964,113448,2.9276343553789337e-06,7.801597773867082e-07
460,1964,113448,2.9276343553789337e-06,7.801597773867082e-07
461,1964,113448,2.9276343553789337e-06,7.801597773867082e-07
462,1964,113448,2.9276343553789337e-06,7.801597773867082e-07
463,1964,113448,2.9276343553789337e-06,7.801597773867082e-07
466,1964,113448,2.9276343553789337e-06,7.801597773867082e-07
467,1964,113448,2.9276343553789337e-06,7.801597773867082e-07
468,1964,113448,2.9276343553789337e-06,7.801597773867082e-07
469,1964,113448,2.9276343553789337e-06,7.801597773867082e-07
470,1964,113448,2.9276343553789337e-06,7.801597773867082e-07
471,1964,113448,2.9276343553789337e-06,7.801597773867082e-07
472,1964,113448,2.9276343553789337e-06,7.801597773867082e-07
473,1964,113448,2.9276343553789337e-06,7.801597773867082e-07
474,1964,113448,2.9276343553789337e-06,7.801597773867082e-07
475,1964,113448,2.9276343553789337e-06,7.801597773867082e-07
476,1964,113448,2.9276343553789337e-06,7.801597773867082e-07
477,1964,113448,2.9276343553789337e-06,7.801597773867082e-07
478,1964,113448,2.9276343553789337e-06,7.801597773867082e-07
479,1964,113448,2.9276343553789337e-06,7.801597773867082e-07
480,1964,113448,2.9276343553789337e-06,7.801597773867082e-07
482,1964,113448,2.9276343553789337e-06,7.801597773867082e-07
483,1964,113448,2.9276343553789337e-06,7.801597773867082e-07
484,1964,113448,2.9276343553789337e-06,7.801597773867082e-07
485,1964,113448,2.9276343553789337e-06,7.801597773867082e-07
486,1964,113448,2.9276343553789337e-06,7.801597773867082e-07
487,1964,113448,2.9276343553789337e-06,7.801597773867082e-07
488,1964,113448,2.9276343553789337e-06,7.801597773867082e-07
489,1964,113448,2.9276343553789337e-06,7.801597773867082e-07
490,1964,113448,2.9276343553789337e-06,7.801597773867082e-07
491,1964,113448,2.9276343553789337e-06,7.801597773867082e-07
492,1964,113448,2.9276343553789337e-06,7.801597773867082e-07
493,1964,113448,2.9276343553789337e-06,7.801597773867082e-07
494,1964,113448,2.9276343553789337e-06,7.801597773867082e-07
495,1964,113448,2.9276343553789337e-06,7.801597773867082e-07
496,1964,113448,2.9276343553789337e-06,7.801597773867082e-07
498,1964,113448,2.9276343553789337e-06,7.801597773867082e-07
499,1964,113448,2.9276343553789337e-06,7.801597773867082e-07
501,1964,113448,2.9276343553789337e-06,7.801597773867082e-07
503,1964,113448,2.9276343553789337e-06,7.801597773867082e-07
504,1964,113448,2.9276343553789337e-06,7.801597773867082e-07
505,1964,113448,2.9276343553789337e-06,7.801597773867082e-07
506,1964,113448,2.9276343553789337e-06,7.801597773867082e-07
507,1964,113448,2.9276343553789337e-06,7.801597773867082e-07
508,1964,113448,2.9276343553789337e-06,7.801597773867082e-07
509,1964,113448,2.9276343553789337e-06,7.801597773867082e-07
510,1964,113448,2.9276343553789337e-06,7.801597773867082e-07
511,1964,113448,2.9276343553789337e-06,7.801597773867082e-07
516,1964,113448,2.9276343553789337e-06,7.801597773867082e-07
518,1964,113448,2.9276343553789337e-06,7.801597773867082e-07
519,1964,113448,2.9276343553789337e-06,7.801597773867082e-07
520,1964,113448,2.9276343553789337e-06,7.801597773867082e-07
521,1964,113448,2.9276343553789337e-06,7.801597773867082e-07
522,1964,113448,2.9276343553789337e-06,7.801597773867082e-07
523,1964,113448,2.9276343553789337e-06,7.801597773867082e-07
525,1964,113448,2.9276343553789337e-06,7.801597773867082e-07
526,1964,113448,2.9276343553789337e-06,7.801597773867082e-07
527,1964,113448,2.9276343553789337e-06,7.801597773867082e-07
528,1964,113448,2.9276343553789337e-06,7.801597773867082e-07
529,1964,113448,2.9276343553789337e-06,7.801597773867082e-07
530,1964,113448,2.9276343553789337e-06,7.801597773867082e-07
531,1964,113448,2.9276343553789337e-06,7.801597773867082e-07
532,1964,113448,2.9276343553789337e-06,7.801597773867082e-07
533,1964,113448,2.9276343553789337e-06,7.801597773867082e-07
534,1964,113448,2.9276343553789337e-06,7.801597773867082e-07
535,1964,113448,2.9276343553789337e-06,7.801597773867082e-07
536,1964,113448,2.9276343553789337e-06,7.801597773867082e-07
537,1964,113448,2.9276343553789337e-06,7.801597773867082e-07
538,1964,113448,2.9276343553789337e-06,7.801597773867082e-07
540,1964,113448,2.9276343553789337e-06,7.801597773867082e-07
542,1964,113448,2.9276343553789337e-06,7.801597773867082e-07
546,1964,113448,2.9276343553789337e-06,7.801597773867082e-07
547,1964,113448,2.9276343553789337e-06,7.801597773867082e-07
549,1964,113448,2.9276343553789337e-06,7.801597773867082e-07
550,1964,113448,2.9276343553789337e-06,7.801597773867082e-07
551,1964,113448,2.9276343553789337e-06,7.801597773867082e-07
552,1964,113448,2.9276343553789337e-06,7.801597773867082e-07
553,1964,113448,2.9276343553789337e-06,7.801597773867082e-07
556,1964,113448,2.9276343553789337e-06,7.801597773867082e-07
557,1964,113448,2.9276343553789337e-06,7.801597773867082e-07
558,1964,113448,2.9276343553789337e-06,7.801597773867082e-07
559,1964,113448,2.9276343553789337e-06,7.801597773867082e-07
560,1964,113448,2.9276343553789337e-06,7.801597773867082e-07
561,1964,113448,2.9276343553789337e-06,7.801597773867082e-07
562,1964,113448,2.9276343553789337e-06,7.801597773867082e-07
564,1964,113448,2.9276343553789337e-06,7.801597773867082e-07
565,1964,113448,2.9276343553789337e-06,7.801597773867082e-07
566,1964,113448,2.9276343553789337e-06,7.801597773867082e-07
567,1964,113448,2.9276343553789337e-06,7.801597773867082e-07
568,1964,113448,2.9276343553789337e-06,7.801597773867082e-07
569,1964,113448,2.9276343553789337e-06,7.801597773867082e-07
570,1964,113448,2.9276343553789337e-06,7.801597773867082e-07
571,1964,113448,2.9276343553789337e-06,7.801597773867082e-07
572,1964,113448,2.9276343553789337e-06,7.801597773867082e-07
573,1964,113448,2.9276343553789337e-06,7.801597773867082e-07
574,1964,113448,2.9276343553789337e-06,7.801597773867082e-07
575,1964,113448,2.9276343553789337e-06,7.801597773867082e-07
576,1964,113448,2.9276343553789337e-06,7.801597773867082e-07
577,1964,113448,2.9276343553789337e-06,7.801597773867082e-07
578,1964,113448,2.9276343553789337e-06,7.801597773867082e-07
579,1964,113448,2.9276343553789337e-06,7.801597773867082e-07
580,1964,113448,2.9276343553789337e-06,7.801597773867082e-07
581,1964,113448,2.9276343553789337e-06,7.801597773867082e-07
582,1964,113448,2.9276343553789337e-06,7.801597773867082e-07
583,1964,113448,2.9276343553789337e-06,7.801597773867082e-07
584,1964,113448,2.9276343553789337e-06,7.801597773867082e-07
585,1964,113448,2.9276343553789337e-06,7.801597773867082e-07
586,1964,113448,2.9276343553789337e-06,7.801597773867082e-07
588,1964,113448,2.9276343553789337e-06,7.801597773867082e-07
589,1964,113448,2.9276343553789337e-06,7.801597773867082e-07
590,1964,113448,2.9276343553789337e-06,7.801597773867082e-07
591,1964,113448,2.9276343553789337e-06,7.801597773867082e-07
592,1964,113448,2.9276343553789337e-06,7.801597773867082e-07
594,1964,113448,2.9276343553789337e-06,7.801597773867082e-07
595,1964,113448,2.9276343553789337e-06,7.801597773867082e-07
596,1964,113448,2.9276343553789337e-06,7.801597773867082e-07
597,1964,113448,2.9276343553789337e-06,7.801597773867082e-07
598,1964,113448,2.9276343553789337e-06,7.801597773867082e-07
599,1964,113448,2.9276343553789337e-06,7.801597773867082e-07
600,1964,113448,2.9276343553789337e-06,7.801597773867082e-07
601,1964,113448,2.9276343553789337e-06,7.801597773867082e-07
602,1964,113448,2.9276343553789337e-06,7.801597773867082e-07
603,1964,113448,2.9276343553789337e-06,7.801597773867082e-07
604,1964,113448,2.9276343553789337e-06,7.801597773867082e-07
605,1964,113448,2.9276343553789337e-06,7.801597773867082e-07
606,1964,113448,2.9276343553789337e-06,7.801597773867082e-07
607,1964,113448,2.9276343553789337e-06,7.801597773867082e-07
608,1964,113448,2.9276343553789337e-06,7.801597773867082e-07
609,1964,113448,2.9276343553789337e-06,7.801597773867082e-07
610,1964,113448,2.9276343553789337e-06,7.801597773867082e-07
611,1964,113448,2.9276343553789337e-06,7.801597773867082e-07
612,1964,113448,2.9276343553789337e-06,7.801597773867082e-07
613,1964,113448,2.9276343553789337e-06,7.801597773867082e-07
614,1964,113448,2.9276343553789337e-06,7.801597773867082e-07
615,1964,113448,2.9276343553789337e-06,7.801597773867082e-07
618,1964,113448,2.9276343553789337e-06,7.801597773867082e-07
619,1964,113448,2.9276343553789337e-06,7.801597773867082e-07
620,1964,113448,2.9276343553789337e-06,7.801597773867082e-07
621,1964,113448,2.9276343553789337e-06,7.801597773867082e-07
622,1964,113448,2.9276343553789337e-06,7.801597773867082e-07
624,1964,113448,2.9276343553789337e-06,7.801597773867082e-07
626,1964,113448,2.9276343553789337e-06,7.801597773867082e-07
627,1964,113448,2.9276343553789337e-06,7.801597773867082e-07
628,1964,113448,2.9276343553789337e-06,7.801597773867082e-07
629,1964,113448,2.9276343553789337e-06,7.801597773867082e-07
630,1964,113448,2.9276343553789337e-06,7.801597773867082e-07
632,1964,113448,2.9276343553789337e-06,7.801597773867082e-07
633,1964,113448,2.9276343553789337e-06,7.801597773867082e-07
634,1964,113448,2.9276343553789337e-06,7.801597773867082e-07
635,1964,113448,2.9276343553789337e-06,7.801597773867082e-07
637,1964,113448,2.9276343553789337e-06,7.801597773867082e-07
638,1964,113448,2.9276343553789337e-06,7.801597773867082e-07
640,1964,113448,2.9276343553789337e-06,7.801597773867082e-07
641,1964,113448,2.9276343553789337e-06,7.801597773867082e-07
642,1964,113448,2.9276343553789337e-06,7.801597773867082e-07
643,1964,113448,2.9276343553789337e-06,7.801597773867082e-07
644,1964,113448,2.9276343553789337e-06,7.801597773867082e-07
645,1964,113448,2.9276343553789337e-06,7.801597773867082e-07
647,1964,113448,2.9276343553789337e-06,7.801597773867082e-07
649,1964,113448,2.9276343553789337e-06,7.801597773867082e-07
650,1964,113448,2.9276343553789337e-06,7.801597773867082e-07
651,1964,113448,2.9276343553789337e-06,7.801597773867082e-07
652,1964,113448,2.9276343553789337e-06,7.801597773867082e-07
653,1964,113448,2.9276343553789337e-06,7.801597773867082e-07
654,1964,113448,2.9276343553789337e-06,7.801597773867082e-07
655,1964,113448,2.9276343553789337e-06,7.801597773867082e-07
656,1964,113448,2.9276343553789337e-06,7.801597773867082e-07
658,1964,113448,2.9276343553789337e-06,7.801597773867082e-07
659,1964,113448,2.9276343553789337e-06,7.801597773867082e-07
660,1964,113448,2.9276343553789337e-06,7.801597773867082e-07
661,1964,113448,2.9276343553789337e-06,7.801597773867082e-07
662,1964,113448,2.9276343553789337e-06,7.801597773867082e-07
663,1964,113448,2.9276343553789337e-06,7.801597773867082e-07
665,1964,113448,2.9276343553789337e-06,7.801597773867082e-07
669,1964,113448,2.9276343553789337e-06,7.801597773867082e-07
670,1964,113448,2.9276343553789337e-06,7.801597773867082e-07
671,1964,113448,2.9276343553789337e-06,7.801597773867082e-07
672,1964,113448,2.9276343553789337e-06,7.801597773867082e-07
673,1964,113448,2.9276343553789337e-06,7.801597773867082e-07
674,1964,113448,2.9276343553789337e-06,7.801597773867082e-07
675,1964,113448,2.9276343553789337e-06,7.801597773867082e-07
676,1964,113448,2.9276343553789337e-06,7.801597773867082e-07
677,1964,113448,2.9276343553789337e-06,7.801597773867082e-07
678,1964,113448,2.9276343553789337e-06,7.801597773867082e-07
679,1964,113448,2.9276343553789337e-06,7.801597773867082e-07
680,1964,113448,2.9276343553789337e-06,7.801597773867082e-07
681,1964,113448,2.9276343553789337e-06,7.801597773867082e-07
684,1964,113448,2.9276343553789337e-06,7.801597773867082e-07
685,1964,113448,2.9276343553789337e-06,7.801597773867082e-07
686,1964,113448,2.9276343553789337e-06,7.801597773867082e-07
689,1964,113448,2.9276343553789337e-06,7.801597773867082e-07
690,1964,113448,2.9276343553789337e-06,7.801597773867082e-07
692,1964,113448,2.9276343553789337e-06,7.801597773867082e-07
693,1964,113448,2.9276343553789337e-06,7.801597773867082e-07
694,1964,113448,2.9276343553789337e-06,7.801597773867082e-07
695,1964,113448,2.9276343553789337e-06,7.801597773867082e-07
696,1964,113448,2.9276343553789337e-06,7.801597773867082e-07
697,1964,113448,2.9276343553789337e-06,7.801597773867082e-07
698,1964,113448,2.9276343553789337e-06,7.801597773867082e-07
699,1964,113448,2.9276343553789337e-06,7.801597773867082e-07
701,1964,113448,2.9276343553789337e-06,7.801597773867082e-07
702,1964,113448,2.9276343553789337e-06,7.801597773867082e-07
703,1964,113448,2.9276343553789337e-06,7.801597773867082e-07
704,1964,113448,2.9276343553789337e-06,7.801597773867082e-07
706,1964,113448,2.9276343553789337e-06,7.801597773867082e-07
707,1964,113448,2.9276343553789337e-06,7.801597773867082e-07
708,1964,113448,2.9276343553789337e-06,7.801597773867082e-07
709,1964,113448,2.9276343553789337e-06,7.801597773867082e-07
710,1964,113448,2.9276343553789337e-06,7.801597773867082e-07
712,1964,113448,2.9276343553789337e-06,7.801597773867082e-07
713,1964,113448,2.9276343553789337e-06,7.801597773867082e-07
715,1964,113448,2.9276343553789337e-06,7.801597773867082e-07
716,1964,113448,2.9276343553789337e-06,7.801597773867082e-07
717,1964,113448,2.9276343553789337e-06,7.801597773867082e-07
718,1964,113448,2.9276343553789337e-06,7.801597773867082e-07
719,1964,113448,2.9276343553789337e-06,7.801597773867082e-07
721,1964,113448,2.9276343553789337e-06,7.801597773867082e-07
723,1964,113448,2.9276343553789337e-06,7.801597773867082e-07
724,1964,113448,2.9276343553789337e-06,7.801597773867082e-07
725,1964,113448,2.9276343553789337e-06,7.801597773867082e-07
727,1964,113448,2.9276343553789337e-06,7.801597773867082e-07
728,1964,113448,2.9276343553789337e-06,7.801597773867082e-07
729,1964,113448,2.9276343553789337e-06,7.801597773867082e-07
730,1964,113448,2.9276343553789337e-06,7.801597773867082e-07
731,1964,113448,2.9276343553789337e-06,7.801597773867082e-07
732,1964,113448,2.9276343553789337e-06,7.801597773867082e-07
733,1964,113448,2.9276343553789337e-06,7.801597773867082e-07
734,1964,113448,2.9276343553789337e-06,7.801597773867082e-07
735,1964,113448,2.9276343553789337e-06,7.801597773867082e-07
736,1964,113448,2.9276343553789337e-06,7.801597773867082e-07
737,1964,113448,2.9276343553789337e-06,7.801597773867082e-07
738,1964,113448,2.9276343553789337e-06,7.801597773867082e-07
739,1964,113448,2.9276343553789337e-06,7.801597773867082e-07
740,1964,113448,2.9276343553789337e-06,7.801597773867082e-07
741,1964,113448,2.9276343553789337e-06,7.801597773867082e-07
742,1964,113448,2.9276343553789337e-06,7.801597773867082e-07
743,1964,113448,2.9276343553789337e-06,7.801597773867082e-07
744,1964,113448,2.9276343553789337e-06,7.801597773867082e-07
745,1964,113448,2.9276343553789337e-06,7.801597773867082e-07
746,1964,113448,2.9276343553789337e-06,7.801597773867082e-07
747,1964,113448,2.9276343553789337e-06,7.801597773867082e-07
748,1964,113448,2.9276343553789337e-06,7.801597773867082e-07
750,1964,113448,2.9276343553789337e-06,7.801597773867082e-07
751,1964,113448,2.9276343553789337e-06,7.801597773867082e-07
752,1964,113448,2.9276343553789337e-06,7.801597773867082e-07
753,1964,113448,2.9276343553789337e-06,7.801597773867082e-07
754,1964,113448,2.9276343553789337e-06,7.801597773867082e-07
755,1964,113448,2.9276343553789337e-06,7.801597773867082e-07
756,1964,113448,2.9276343553789337e-06,7.801597773867082e-07
757,1964,113448,2.9276343553789337e-06,7.801597773867082e-07
758,1964,113448,2.9276343553789337e-06,7.801597773867082e-07
759,1964,113448,2.9276343553789337e-06,7.801597773867082e-07
760,1964,113448,2.9276343553789337e-06,7.801597773867082e-07
761,1964,113448,2.9276343553789337e-06,7.801597773867082e-07
762,1964,113448,2.9276343553789337e-06,7.801597773867082e-07
763,1964,113448,2.9276343553789337e-06,7.801597773867082e-07
764,1964,113448,2.9276343553789337e-06,7.801597773867082e-07
766,1964,113448,2.9276343553789337e-06,7.801597773867082e-07
768,1964,113448,2.9276343553789337e-06,7.801597773867082e-07
769,1964,113448,2.9276343553789337e-06,7.801597773867082e-07
770,1964,113448,2.9276343553789337e-06,7.801597773867082e-07
771,1964,113448,2.9276343553789337e-06,7.801597773867082e-07
773,1964,113448,2.9276343553789337e-06,7.801597773867082e-07
774,1964,113448,2.9276343553789337e-06,7.801597773867082e-07
775,1964,113448,2.9276343553789337e-06,7.801597773867082e-07
776,1964,113448,2.9276343553789337e-06,7.801597773867082e-07
778,1964,113448,2.9276343553789337e-06,7.801597773867082e-07
779,1964,113448,2.9276343553789337e-06,7.801597773867082e-07
780,1964,113448,2.9276343553789337e-06,7.801597773867082e-07
784,1964,113448,2.9276343553789337e-06,7.801597773867082e-07
785,1964,113448,2.9276343553789337e-06,7.801597773867082e-07
788,1964,113448,2.9276343553789337e-06,7.801597773867082e-07
790,1964,113448,2.9276343553789337e-06,7.801597773867082e-07
791,1964,113448,2.9276343553789337e-06,7.801597773867082e-07
792,1964,113448,2.9276343553789337e-06,7.801597773867082e-07
793,1964,113448,2.9276343553789337e-06,7.801597773867082e-07
794,1964,113448,2.9276343553789337e-06,7.801597773867082e-07
795,1964,113448,2.9276343553789337e-06,7.801597773867082e-07
796,1964,113448,2.9276343553789337e-06,7.801597773867082e-07
797,1964,113448,2.9276343553789337e-06,7.801597773867082e-07
798,1964,113448,2.9276343553789337e-06,7.801597773867082e-07
799,1964,113448,2.9276343553789337e-06,7.801597773867082e-07
802,1964,113448,2.9276343553789337e-06,7.801597773867082e-07
803,1964,113448,2.9276343553789337e-06,7.801597773867082e-07
804,1964,113448,2.9276343553789337e-06,7.801597773867082e-07
805,1964,113448,2.9276343553789337e-06,7.801597773867082e-07
806,1964,113448,2.9276343553789337e-06,7.801597773867082e-07
807,1964,113448,2.9276343553789337e-06,7.801597773867082e-07
809,1964,113448,2.9276343553789337e-06,7.801597773867082e-07
810,1964,113448,2.9276343553789337e-06,7.801597773867082e-07
811,1964,113448,2.9276343553789337e-06,7.801597773867082e-07
812,1964,113448,2.9276343553789337e-06,7.801597773867082e-07
813,1964,113448,2.9276343553789337e-06,7.801597773867082e-07
814,1964,113448,2.9276343553789337e-06,7.801597773867082e-07
815,1964,113448,2.9276343553789337e-06,7.801597773867082e-07
816,1964,113448,2.9276343553789337e-06,7.801597773867082e-07
817,1964,113448,2.9276343553789337e-06,7.801597773867082e-07
818,1964,113448,2.9276343553789337e-06,7.801597773867082e-07
819,1964,113448,2.9276343553789337e-06,7.801597773867082e-07
820,1964,113448,2.9276343553789337e-06,7.801597773867082e-07
821,1964,113448,2.9276343553789337e-06,7.801597773867082e-07
822,1964,113448,2.9276343553789337e-06,7.801597773867082e-07
823,1964,113448,2.9276343553789337e-06,7.801597773867082e-07
824,1964,113448,2.9276343553789337e-06,7.801597773867082e-07
825,1964,113448,2.9276343553789337e-06,7.801597773867082e-07
827,1964,113448,2.9276343553789337e-06,7.801597773867082e-07
828,1964,113448,2.9276343553789337e-06,7.801597773867082e-07
830,1964,113448,2.9276343553789337e-06,7.801597773867082e-07
831,1964,113448,2.9276343553789337e-06,7.801597773867082e-07
832,1964,113448,2.9276343553789337e-06,7.801597773867082e-07
833,1964,113448,2.9276343553789337e-06,7.801597773867082e-07
834,1964,113448,2.9276343553789337e-06,7.801597773867082e-07
835,1964,113448,2.9276343553789337e-06,7.801597773867082e-07
836,1964,113448,2.9276343553789337e-06,7.801597773867082e-07
837,1964,113448,2.9276343553789337e-06,7.801597773867082e-07
838,1964,113448,2.9276343553789337e-06,7.801597773867082e-07
839,1964,113448,2.9276343553789337e-06,7.801597773867082e-07
840,1964,113448,2.9276343553789337e-06,7.801597773867082e-07
841,1964,113448,2.9276343553789337e-06,7.801597773867082e-07
842,1964,113448,2.9276343553789337e-06,7.801597773867082e-07
844,1964,113448,2.9276343553789337e-06,7.801597773867082e-07
845,1964,113448,2.9276343553789337e-06,7.801597773867082e-07
846,1964,113448,2.9276343553789337e-06,7.801597773867082e-07
847,1964,113448,2.9276343553789337e-06,7.801597773867082e-07
848,1964,113448,2.9276343553789337e-06,7.801597773867082e-07
849,1964,113448,2.9276343553789337e-06,7.801597773867082e-07
850,1964,113448,2.9276343553789337e-06,7.801597773867082e-07
851,1964,113448,2.9276343553789337e-06,7.801597773867082e-07
852,1964,113448,2.9276343553789337e-06,7.801597773867082e-07
853,1964,113448,2.9276343553789337e-06,7.801597773867082e-07
1006,1964,113448,2.9276343553789337e-06,7.801597773867082e-07
1016,1964,113448,2.9276343553789337e-06,7.801597773867082e-07
1019,1964,113448,2.9276343553789337e-06,7.801597773867082e-07
854,1963,113388,2.926143706521816e-06,7.797471690847266e-07
855,1963,113388,2.926143706521816e-06,7.797471690847266e-07
856,1963,113388,2.926143706521816e-06,7.797471690847266e-07
857,1963,113388,2.926143706521816e-06,7.797471690847266e-07
858,1963,113388,2.926143706521816e-06,7.797471690847266e-07
859,1963,113388,2.926143706521816e-06,7.797471690847266e-07
860,1963,113388,2.926143706521816e-06,7.797471690847266e-07
861,1963,113388,2.926143706521816e-06,7.797471690847266e-07
862,1963,113388,2.926143706521816e-06,7.797471690847266e-07
863,1963,113388,2.926143706521816e-06,7.797471690847266e-07
864,1963,113388,2.926143706521816e-06,7.797471690847266e-07
865,1963,113388,2.926143706521816e-06,7.797471690847266e-07
866,1963,113388,2.926143706521816e-06,7.797471690847266e-07
867,1963,113388,2.926143706521816e-06,7.797471690847266e-07
868,1963,113388,2.926143706521816e-06,7.797471690847266e-07
869,1963,113388,2.926143706521816e-06,7.797471690847266e-07
870,1963,113388,2.926143706521816e-06,7.797471690847266e-07
871,1963,113388,2.926143706521816e-06,7.797471690847266e-07
872,1963,113388,2.926143706521816e-06,7.797471690847266e-07
874,1963,113388,2.926143706521816e-06,7.797471690847266e-07
875,1963,113388,2.926143706521816e-06,7.797471690847266e-07
876,1963,113388,2.926143706521816e-06,7.797471690847266e-07
877,1963,113388,2.926143706521816e-06,7.797471690847266e-07
878,1963,113388,2.926143706521816e-06,7.797471690847266e-07
879,1963,113388,2.926143706521816e-06,7.797471690847266e-07
881,1963,113388,2.926143706521816e-06,7.797471690847266e-07
882,1963,113388,2.926143706521816e-06,7.797471690847266e-07
883,1963,113388,2.926143706521816e-06,7.797471690847266e-07
884,1963,113388,2.926143706521816e-06,7.797471690847266e-07
885,1963,113388,2.926143706521816e-06,7.797471690847266e-07
886,1963,113388,2.926143706521816e-06,7.797471690847266e-07
887,1963,113388,2.926143706521816e-06,7.797471690847266e-07
889,1963,113388,2.926143706521816e-06,7.797471690847266e-07
890,1963,113388,2.926143706521816e-06,7.797471690847266e-07
891,1963,113388,2.926143706521816e-06,7.797471690847266e-07
892,1963,113388,2.926143706521816e-06,7.797471690847266e-07
893,1963,113388,2.926143706521816e-06,7.797471690847266e-07
894,1963,113388,2.926143706521816e-06,7.797471690847266e-07
895,1963,113388,2.926143706521816e-06,7.797471690847266e-07
896,1963,113388,2.926143706521816e-06,7.797471690847266e-07
897,1963,113388,2.926143706521816e-06,7.797471690847266e-07
899,1963,113388,2.926143706521816e-06,7.797471690847266e-07
904,1963,113388,2.926143706521816e-06,7.797471690847266e-07
905,1963,113388,2.926143706521816e-06,7.797471690847266e-07
906,1963,113388,2.926143706521816e-06,7.797471690847266e-07
907,1963,113388,2.926143706521816e-06,7.797471690847266e-07
908,1963,113388,2.926143706521816e-06,7.797471690847266e-07
909,1963,113388,2.926143706521816e-06,7.797471690847266e-07
910,1963,113388,2.926143706521816e-06,7.797471690847266e-07
913,1963,113388,2.926143706521816e-06,7.797471690847266e-07
914,1963,113388,2.926143706521816e-06,7.797471690847266e-07
915,1963,113388,2.926143706521816e-06,7.797471690847266e-07
916,1963,113388,2.926143706521816e-06,7.797471690847266e-07
917,1963,113388,2.926143706521816e-06,7.797471690847266e-07
918,1963,113388,2.926143706521816e-06,7.797471690847266e-07
919,1963,113388,2.926143706521816e-06,7.797471690847266e-07
920,1963,113388,2.926143706521816e-06,7.797471690847266e-07
921,1963,113388,2.926143706521816e-06,7.797471690847266e-07
922,1963,113388,2.926143706521816e-06,7.797471690847266e-07
923,1963,113388,2.926143706521816e-06,7.797471690847266e-07
924,1963,113388,2.926143706521816e-06,7.797471690847266e-07
925,1963,113388,2.926143706521816e-06,7.797471690847266e-07
926,1963,113388,2.926143706521816e-06,7.797471690847266e-07
927,1963,113388,2.926143706521816e-06,7.797471690847266e-07
928,1963,113388,2.926143706521816e-06,7.797471690847266e-07
929,1963,113388,2.926143706521816e-06,7.797471690847266e-07
930,1963,113388,2.926143706521816e-06,7.797471690847266e-07
931,1963,113388,2.926143706521816e-06,7.797471690847266e-07
932,1963,113388,2.926143706521816e-06,7.797471690847266e-07
933,1963,113388,2.926143706521816e-06,7.797471690847266e-07
934,1963,113388,2.926143706521816e-06,7.797471690847266e-07
935,1963,113388,2.926143706521816e-06,7.797471690847266e-07
936,1963,113388,2.926143706521816e-06,7.797471690847266e-07
937,1963,113388,2.926143706521816e-06,7.797471690847266e-07
938,1963,113388,2.926143706521816e-06,7.797471690847266e-07
939,1963,113388,2.926143706521816e-06,7.797471690847266e-07
940,1963,113388,2.926143706521816e-06,7.797471690847266e-07
941,1963,113388,2.926143706521816e-06,7.797471690847266e-07
942,1963,113388,2.926143706521816e-06,7.797471690847266e-07
943,1963,113388,2.926143706521816e-06,7.797471690847266e-07
945,1963,113388,2.926143706521816e-06,7.797471690847266e-07
946,1963,113388,2.926143706521816e-06,7.797471690847266e-07
947,1963,113388,2.926143706521816e-06,7.797471690847266e-07
948,1963,113388,2.926143706521816e-06,7.797471690847266e-07
949,1963,113388,2.926143706521816e-06,7.797471690847266e-07
950,1963,113388,2.926143706521816e-06,7.797471690847266e-07
951,1963,113388,2.926143706521816e-06,7.797471690847266e-07
952,1963,113388,2.926143706521816e-06,7.797471690847266e-07
953,1963,113388,2.926143706521816e-06,7.797471690847266e-07
954,1963,113388,2.926143706521816e-06,7.797471690847266e-07
955,1963,113388,2.926143706521816e-06,7.797471690847266e-07
956,1963,113388,2.926143706521816e-06,7.797471690847266e-07
957,1963,113388,2.926143706521816e-06,7.797471690847266e-07
958,1963,113388,2.926143706521816e-06,7.797471690847266e-07
959,1963,113388,2.926143706521816e-06,7.797471690847266e-07
960,1963,113388,2.926143706521816e-06,7.797471690847266e-07
961,1963,113388,2.926143706521816e-06,7.797471690847266e-07
962,1963,113388,2.926143706521816e-06,7.797471690847266e-07
963,1963,113388,2.926143706521816e-06,7.797471690847266e-07
964,1963,113388,2.926143706521816e-06,7.797471690847266e-07
966,1963,113388,2.926143706521816e-06,7.797471690847266e-07
967,1963,113388,2.926143706521816e-06,7.797471690847266e-07
968,1963,113388,2.926143706521816e-06,7.797471690847266e-07
969,1963,113388,2.926143706521816e-06,7.797471690847266e-07
970,1963,113388,2.926143706521816e-06,7.797471690847266e-07
971,1963,113388,2.926143706521816e-06,7.797471690847266e-07
972,1963,113388,2.926143706521816e-06,7.797471690847266e-07
973,1963,113388,2.926143706521816e-06,7.797471690847266e-07
974,1963,113388,2.926143706521816e-06,7.797471690847266e-07
975,1963,113388,2.926143706521816e-06,7.797471690847266e-07
976,1963,113388,2.926143706521816e-06,7.797471690847266e-07
977,1963,113388,2.926143706521816e-06,7.797471690847266e-07
978,1963,113388,2.926143706521816e-06,7.797471690847266e-07
979,1963,113388,2.926143706521816e-06,7.797471690847266e-07
980,1963,113388,2.926143706521816e-06,7.797471690847266e-07
982,1963,113388,2.926143706521816e-06,7.797471690847266e-07
983,1963,113388,2.926143706521816e-06,7.797471690847266e-07
984,1963,113388,2.926143706521816e-06,7.797471690847266e-07
985,1963,113388,2.926143706521816e-06,7.797471690847266e-07
986,1963,113388,2.926143706521816e-06,7.797471690847266e-07
988,1963,113388,2.926143706521816e-06,7.797471690847266e-07
989,1963,113388,2.926143706521816e-06,7.797471690847266e-07
991,1963,113388,2.926143706521816e-06,7.797471690847266e-07
994,1963,113388,2.926143706521816e-06,7.797471690847266e-07
998,1963,113388,2.926143706521816e-06,7.797471690847266e-07
1008,1963,113388,2.926143706521816e-06,7.797471690847266e-07
33036,288,17856,4.29306870849864e-07,1.2279223066970823e-07
33057,288,17856,4.29306870849864e-07,1.2279223066970823e-07
33735,284,17608,4.233442754213937e-07,1.2108678302151785e-07
35930,268,16648,3.9949389370751235e-07,1.1448505018981311e-07
35450,268,16616,3.9949389370751235e-07,1.1426499242875628e-07
32771,268,17824,3.9949389370751235e-07,1.2257217290865143e-07
35553,264,16368,3.9353129827904204e-07,1.1255954478056589e-07
37727,264,16368,3.9353129827904204e-07,1.1255954478056589e-07
32769,264,17472,3.9353129827904204e-07,1.2015153753702634e-07
32778,256,16768,3.8160610742210135e-07,1.153102667937762e-07
8181,254,16032,3.786248097078662e-07,1.1024893828946923e-07
9877,254,16032,3.786248097078662e-07,1.1024893828946923e-07
20031,252,15936,3.7564351199363103e-07,1.0958876500629876e-07
41924,248,15376,3.6968091656516066e-07,1.0573775418780433e-07
8193,248,15744,3.6968091656516066e-07,1.082684184399578e-07
9000,248,15744,3.6968091656516066e-07,1.082684184399578e-07
19315,246,15648,3.666996188509255e-07,1.0760824515678733e-07
33354,246,16096,3.666996188509255e-07,1.1068905381158288e-07
42675,244,15128,3.6371832113669034e-07,1.0403230653961393e-07
42658,244,15128,3.6371832113669034e-07,1.0403230653961393e-07
42795,244,15128,3.6371832113669034e-07,1.0403230653961393e-07
43394,244,15128,3.6371832113669034e-07,1.0403230653961393e-07
44161,244,15128,3.6371832113669034e-07,1.0403230653961393e-07
31337,244,15628,3.6371832113669034e-07,1.0747070905612681e-07
32780,244,15712,3.6371832113669034e-07,1.0804836067890098e-07
9200,244,15552,3.6371832113669034e-07,1.0694807187361686e-07
9001,242,15456,3.607370234224552e-07,1.0628789859044638e-07
32773,240,15360,3.5775572570822e-07,1.0562772530727591e-07
28201,240,15360,3.5775572570822e-07,1.0562772530727591e-07
19350,240,15360,3.5775572570822e-07,1.0562772530727591e-07
8651,240,15360,3.5775572570822e-07,1.0562772530727591e-07
8090,240,15360,3.5775572570822e-07,1.0562772530727591e-07
13456,240,15360,3.5775572570822e-07,1.0562772530727591e-07
8701,240,15360,3.5775572570822e-07,1.0562772530727591e-07
9009,240,15360,3.5775572570822e-07,1.0562772530727591e-07
8100,240,15360,3.5775572570822e-07,1.0562772530727591e-07
8500,240,15360,3.5775572570822e-07,1.0562772530727591e-07
9090,240,15360,3.5775572570822e-07,1.0562772530727591e-07
9415,240,15360,3.5775572570822e-07,1.0562772530727591e-07
8654,240,15360,3.5775572570822e-07,1.0562772530727591e-07
8081,240,15360,3.5775572570822e-07,1.0562772530727591e-07
15000,240,15360,3.5775572570822e-07,1.0562772530727591e-07
10215,240,15360,3.5775572570822e-07,1.0562772530727591e-07
9050,240,15360,3.5775572570822e-07,1.0562772530727591e-07
10000,240,15360,3.5775572570822e-07,1.0562772530727591e-07
32782,240,15360,3.5775572570822e-07,1.0562772530727591e-07
20828,240,15360,3.5775572570822e-07,1.0562772530727591e-07
16993,240,15360,3.5775572570822e-07,1.0562772530727591e-07
8087,240,15360,3.5775572570822e-07,1.0562772530727591e-07
10025,240,15360,3.5775572570822e-07,1.0562772530727591e-07
8194,240,15360,3.5775572570822e-07,1.0562772530727591e-07
8400,240,15360,3.5775572570822e-07,1.0562772530727591e-07
23502,240,15360,3.5775572570822e-07,1.0562772530727591e-07
14238,240,15360,3.5775572570822e-07,1.0562772530727591e-07
8082,240,15360,3.5775572570822e-07,1.0562772530727591e-07
8652,240,15360,3.5775572570822e-07,1.0562772530727591e-07
8291,240,15360,3.5775572570822e-07,1.0562772530727591e-07
10617,240,15360,3.5775572570822e-07,1.0562772530727591e-07
30951,240,15360,3.5775572570822e-07,1.0562772530727591e-07
10001,240,15360,3.5775572570822e-07,1.0562772530727591e-07
9010,240,15360,3.5775572570822e-07,1.0562772530727591e-07
32785,240,15360,3.5775572570822e-07,1.0562772530727591e-07
9418,240,15360,3.5775572570822e-07,1.0562772530727591e-07
9500,240,15360,3.5775572570822e-07,1.0562772530727591e-07
27352,240,15360,3.5775572570822e-07,1.0562772530727591e-07
19842,240,15360,3.5775572570822e-07,1.0562772530727591e-07
8292,240,15360,3.5775572570822e-07,1.0562772530727591e-07
17877,240,15360,3.5775572570822e-07,1.0562772530727591e-07
9102,240,15360,3.5775572570822e-07,1.0562772530727591e-07
10180,240,15360,3.5775572570822e-07,1.0562772530727591e-07
24800,240,15360,3.5775572570822e-07,1.0562772530727591e-07
32777,240,15360,3.5775572570822e-07,1.0562772530727591e-07
27353,240,15360,3.5775572570822e-07,1.0562772530727591e-07
10009,240,15360,3.5775572570822e-07,1.0562772530727591e-07
19780,240,15360,3.5775572570822e-07,1.0562772530727591e-07
32783,240,15360,3.5775572570822e-07,1.0562772530727591e-07
9080,240,15360,3.5775572570822e-07,1.0562772530727591e-07
10002,240,15360,3.5775572570822e-07,1.0562772530727591e-07
8402,240,15360,3.5775572570822e-07,1.0562772530727591e-07
9535,240,15360,3.5775572570822e-07,1.0562772530727591e-07
15002,240,15360,3.5775572570822e-07,1.0562772530727591e-07
13782,240,15360,3.5775572570822e-07,1.0562772530727591e-07
9099,240,15360,3.5775572570822e-07,1.0562772530727591e-07
8222,240,15360,3.5775572570822e-07,1.0562772530727591e-07
9929,240,15360,3.5775572570822e-07,1.0562772530727591e-07
15003,240,15360,3.5775572570822e-07,1.0562772530727591e-07
16001,240,15360,3.5775572570822e-07,1.0562772530727591e-07
9081,240,15360,3.5775572570822e-07,1.0562772530727591e-07
8899,240,15360,3.5775572570822e-07,1.0562772530727591e-07
9502,240,15360,3.5775572570822e-07,1.0562772530727591e-07
10004,240,15360,3.5775572570822e-07,1.0562772530727591e-07
14000,240,15360,3.5775572570822e-07,1.0562772530727591e-07
27715,240,15360,3.5775572570822e-07,1.0562772530727591e-07
10621,240,15360,3.5775572570822e-07,1.0562772530727591e-07
9898,240,15360,3.5775572570822e-07,1.0562772530727591e-07
20005,240,15360,3.5775572570822e-07,1.0562772530727591e-07
32772,240,15360,3.5775572570822e-07,1.0562772530727591e-07
24444,240,15360,3.5775572570822e-07,1.0562772530727591e-07
31038,240,15360,3.5775572570822e-07,1.0562772530727591e-07
10082,240,15360,3.5775572570822e-07,1.0562772530727591e-07
8084,240,15360,3.5775572570822e-07,1.0562772530727591e-07
12174,240,15360,3.5775572570822e-07,1.0562772530727591e-07
30000,240,15360,3.5775572570822e-07,1.0562772530727591e-07
9998,240,15360,3.5775572570822e-07,1.0562772530727591e-07
9878,240,15360,3.5775572570822e-07,1.0562772530727591e-07
14441,240,15360,3.5775572570822e-07,1.0562772530727591e-07
10616,240,15360,3.5775572570822e-07,1.0562772530727591e-07
32770,240,15360,3.5775572570822e-07,1.0562772530727591e-07
16113,240,15360,3.5775572570822e-07,1.0562772530727591e-07
9290,240,15360,3.5775572570822e-07,1.0562772530727591e-07
9207,240,15360,3.5775572570822e-07,1.0562772530727591e-07
25735,240,15360,3.5775572570822e-07,1.0562772530727591e-07
9917,240,15360,3.5775572570822e-07,1.0562772530727591e-07
8088,240,15360,3.5775572570822e-07,1.0562772530727591e-07
15742,240,15360,3.5775572570822e-07,1.0562772530727591e-07
18040,240,15360,3.5775572570822e-07,1.0562772530727591e-07
19101,240,15360,3.5775572570822e-07,1.0562772530727591e-07
9101,240,15360,3.5775572570822e-07,1.0562772530727591e-07
8200,240,15360,3.5775572570822e-07,1.0562772530727591e-07
9618,240,15360,3.5775572570822e-07,1.0562772530727591e-07
32774,240,15360,3.5775572570822e-07,1.0562772530727591e-07
8649,240,15360,3.5775572570822e-07,1.0562772530727591e-07
9595,240,15360,3.5775572570822e-07,1.0562772530727591e-07
9040,240,15360,3.5775572570822e-07,1.0562772530727591e-07
8254,240,15360,3.5775572570822e-07,1.0562772530727591e-07
9666,240,15360,3.5775572570822e-07,1.0562772530727591e-07
9011,240,15360,3.5775572570822e-07,1.0562772530727591e-07
9110,240,15360,3.5775572570822e-07,1.0562772530727591e-07
8089,240,15360,3.5775572570822e-07,1.0562772530727591e-07
27000,240,15360,3.5775572570822e-07,1.0562772530727591e-07
32779,240,15360,3.5775572570822e-07,1.0562772530727591e-07
20221,240,15360,3.5775572570822e-07,1.0562772530727591e-07
9593,240,15360,3.5775572570822e-07,1.0562772530727591e-07
12000,240,15360,3.5775572570822e-07,1.0562772530727591e-07
27356,240,15360,3.5775572570822e-07,1.0562772530727591e-07
9944,240,15360,3.5775572570822e-07,1.0562772530727591e-07
9100,240,15360,3.5775572570822e-07,1.0562772530727591e-07
16016,240,15360,3.5775572570822e-07,1.0562772530727591e-07
9968,240,15360,3.5775572570822e-07,1.0562772530727591e-07
8085,240,15360,3.5775572570822e-07,1.0562772530727591e-07
8192,240,15360,3.5775572570822e-07,1.0562772530727591e-07
13783,240,15360,3.5775572570822e-07,1.0562772530727591e-07
16080,240,15360,3.5775572570822e-07,1.0562772530727591e-07
15660,240,15360,3.5775572570822e-07,1.0562772530727591e-07
10003,240,15360,3.5775572570822e-07,1.0562772530727591e-07
9111,240,15360,3.5775572570822e-07,1.0562772530727591e-07
18988,240,15360,3.5775572570822e-07,1.0562772530727591e-07
8093,240,15360,3.5775572570822e-07,1.0562772530727591e-07
32776,240,15360,3.5775572570822e-07,1.0562772530727591e-07
8300,240,15360,3.5775572570822e-07,1.0562772530727591e-07
13722,240,15360,3.5775572570822e-07,1.0562772530727591e-07
8290,240,15360,3.5775572570822e-07,1.0562772530727591e-07
9003,240,15360,3.5775572570822e-07,1.0562772530727591e-07
10626,240,15360,3.5775572570822e-07,1.0562772530727591e-07
11110,240,15360,3.5775572570822e-07,1.0562772530727591e-07
9999,240,15360,3.5775572570822e-07,1.0562772530727591e-07
8083,240,15360,3.5775572570822e-07,1.0562772530727591e-07
9485,240,15360,3.5775572570822e-07,1.0562772530727591e-07
12265,240,15360,3.5775572570822e-07,1.0562772530727591e-07
30718,240,15360,3.5775572570822e-07,1.0562772530727591e-07
8086,240,15360,3.5775572570822e-07,1.0562772530727591e-07
8994,240,15360,3.5775572570822e-07,1.0562772530727591e-07
16012,240,15360,3.5775572570822e-07,1.0562772530727591e-07
15004,240,15360,3.5775572570822e-07,1.0562772530727591e-07
9876,240,15360,3.5775572570822e-07,1.0562772530727591e-07
11967,240,15360,3.5775572570822e-07,1.0562772530727591e-07
16992,240,15360,3.5775572570822e-07,1.0562772530727591e-07
10024,240,15360,3.5775572570822e-07,1.0562772530727591e-07
9575,240,15360,3.5775572570822e-07,1.0562772530727591e-07
32768,240,15360,3.5775572570822e-07,1.0562772530727591e-07
18101,240,15360,3.5775572570822e-07,1.0562772530727591e-07
19801,240,15360,3.5775572570822e-07,1.0562772530727591e-07
10566,240,15360,3.5775572570822e-07,1.0562772530727591e-07
27355,240,15360,3.5775572570822e-07,1.0562772530727591e-07
9943,240,15360,3.5775572570822e-07,1.0562772530727591e-07
21571,240,15360,3.5775572570822e-07,1.0562772530727591e-07
8873,240,15360,3.5775572570822e-07,1.0562772530727591e-07
9103,240,15360,3.5775572570822e-07,1.0562772530727591e-07
16018,240,15360,3.5775572570822e-07,1.0562772530727591e-07
20000,240,15360,3.5775572570822e-07,1.0562772530727591e-07
8333,240,15360,3.5775572570822e-07,1.0562772530727591e-07
8800,240,15360,3.5775572570822e-07,1.0562772530727591e-07
10629,240,15360,3.5775572570822e-07,1.0562772530727591e-07
10012,240,15360,3.5775572570822e-07,1.0562772530727591e-07
10778,240,15360,3.5775572570822e-07,1.0562772530727591e-07
8600,240,15360,3.5775572570822e-07,1.0562772530727591e-07
9091,240,15360,3.5775572570822e-07,1.0562772530727591e-07
19283,240,15360,3.5775572570822e-07,1.0562772530727591e-07
25734,240,15360,3.5775572570822e-07,1.0562772530727591e-07
9071,240,15360,3.5775572570822e-07,1.0562772530727591e-07
26214,240,15360,3.5775572570822e-07,1.0562772530727591e-07
32784,240,15360,3.5775572570822e-07,1.0562772530727591e-07
9503,240,15360,3.5775572570822e-07,1.0562772530727591e-07
10243,240,15360,3.5775572570822e-07,1.0562772530727591e-07
9900,240,15360,3.5775572570822e-07,1.0562772530727591e-07
11111,240,15360,3.5775572570822e-07,1.0562772530727591e-07
32781,240,15360,3.5775572570822e-07,1.0562772530727591e-07
12345,240,15360,3.5775572570822e-07,1.0562772530727591e-07
14442,240,15360,3.5775572570822e-07,1.0562772530727591e-07
16000,240,15360,3.5775572570822e-07,1.0562772530727591e-07
10010,240,15360,3.5775572570822e-07,1.0562772530727591e-07
17988,240,15360,3.5775572570822e-07,1.0562772530727591e-07
9002,240,15360,3.5775572570822e-07,1.0562772530727591e-07
9594,240,15360,3.5775572570822e-07,1.0562772530727591e-07
22939,240,15360,3.5775572570822e-07,1.0562772530727591e-07
8180,240,15360,3.5775572570822e-07,1.0562772530727591e-07
10628,240,15360,3.5775572570822e-07,1.0562772530727591e-07
8383,240,15360,3.5775572570822e-07,1.0562772530727591e-07
8099,240,15360,3.5775572570822e-07,1.0562772530727591e-07
9220,240,15360,3.5775572570822e-07,1.0562772530727591e-07
32775,240,15360,3.5775572570822e-07,1.0562772530727591e-07
20222,240,15360,3.5775572570822e-07,1.0562772530727591e-07
34571,224,14336,3.339053439943387e-07,9.858587695345752e-08
34573,224,14336,3.339053439943387e-07,9.858587695345752e-08
33899,224,14336,3.339053439943387e-07,9.858587695345752e-08
34572,224,14336,3.339053439943387e-07,9.858587695345752e-08
47121,224,13888,3.339053439943387e-07,9.550506829866197e-08
45424,224,13888,3.339053439943387e-07,9.550506829866197e-08
45301,224,13888,3.339053439943387e-07,9.550506829866197e-08
46561,224,13888,3.339053439943387e-07,9.550506829866197e-08
47373,224,13888,3.339053439943387e-07,9.550506829866197e-08
47107,224,13888,3.339053439943387e-07,9.550506829866197e-08
48729,220,13640,3.2794274856586833e-07,9.379962065047157e-08
35500,212,13528,3.160175577089277e-07,9.30294184867727e-08
38292,200,12784,2.981297714235167e-07,8.791307554220151e-08
41511,200,12784,2.981297714235167e-07,8.791307554220151e-08
40193,196,12504,2.9216717599504637e-07,8.598757013295429e-08
49154,196,13984,2.9216717599504637e-07,9.616524158183244e-08
40911,192,12224,2.86204580566576e-07,8.406206472370708e-08
42510,188,11976,2.802419851381057e-07,8.235661707551668e-08
44442,168,10736,2.5042900799575404e-07,7.382937883456473e-08
44501,168,10736,2.5042900799575404e-07,7.382937883456473e-08
44443,164,10456,2.4446641256728367e-07,7.190387342531751e-08
49314,160,9920,2.3850381713881335e-07,6.821790592761569e-08
49156,160,10932,2.3850381713881335e-07,7.517723262103777e-08
49800,156,9672,2.32541221710343e-07,6.65124582794253e-08
49761,156,9672,2.32541221710343e-07,6.65124582794253e-08
44176,148,9336,2.2061603085340234e-07,6.420185178832864e-08
49153,148,10016,2.2061603085340234e-07,6.887807921078617e-08
45100,144,9056,2.14653435424932e-07,6.227634637908142e-08
49159,136,8864,2.0272824456799134e-07,6.095599981274048e-08
49165,136,8864,2.0272824456799134e-07,6.095599981274048e-08
49160,132,8440,1.9676564913952102e-07,5.8040234478737547e-08
49152,132,8440,1.9676564913952102e-07,5.8040234478737547e-08
49167,132,8440,1.9676564913952102e-07,5.8040234478737547e-08
50255,132,8184,1.9676564913952102e-07,5.627977239028294e-08
49163,128,8160,1.9080305371105067e-07,5.6114729069490324e-08
48080,128,8128,1.9080305371105067e-07,5.5894671308433505e-08
49400,128,8192,1.9080305371105067e-07,5.633478683054715e-08
49155,128,8160,1.9080305371105067e-07,5.6114729069490324e-08
49175,124,7880,1.8484045828258033e-07,5.418922366024311e-08
49157,124,7880,1.8484045828258033e-07,5.418922366024311e-08
49176,116,7320,1.7291526742563967e-07,5.033821284174868e-08
50001,116,7416,1.7291526742563967e-07,5.099838612491915e-08
50003,116,7416,1.7291526742563967e-07,5.099838612491915e-08
50500,112,7168,1.6695267199716935e-07,4.929293847672876e-08
50000,112,7136,1.6695267199716935e-07,4.9072880715671935e-08
50006,112,7136,1.6695267199716935e-07,4.9072880715671935e-08
51493,112,7200,1.6695267199716935e-07,4.951299623778558e-08
50800,112,7168,1.6695267199716935e-07,4.929293847672876e-08
50002,112,7136,1.6695267199716935e-07,4.9072880715671935e-08
49158,112,7040,1.6695267199716935e-07,4.8412707432501456e-08
50860,112,6944,1.6695267199716935e-07,4.7752534149330983e-08
50389,108,6888,1.60990076568699e-07,4.736743306748154e-08
49161,108,6760,1.60990076568699e-07,4.648720202325424e-08
50636,108,6888,1.60990076568699e-07,4.736743306748154e-08
49999,104,6576,1.550274811402287e-07,4.52218698971775e-08
52218,104,6448,1.550274811402287e-07,4.43416388529502e-08
50300,100,6328,1.4906488571175834e-07,4.351642224898711e-08
54045,92,5896,1.3713969485481768e-07,4.054564247471997e-08
51103,92,5800,1.3713969485481768e-07,3.9885469191549497e-08
52869,92,5832,1.3713969485481768e-07,4.010552695260632e-08
52673,92,5832,1.3713969485481768e-07,4.010552695260632e-08
52822,88,5552,1.3117709942634734e-07,3.818002154335911e-08
52848,88,5552,1.3117709942634734e-07,3.818002154335911e-08
54066,88,5488,1.3117709942634734e-07,3.7739906021245455e-08
53394,88,5456,1.3117709942634734e-07,3.751984826018863e-08
53339,88,5456,1.3117709942634734e-07,3.751984826018863e-08
55555,84,5400,1.2521450399787702e-07,3.7134747178339184e-08
54230,84,5208,1.2521450399787702e-07,3.581440061199824e-08
54328,80,5120,1.1925190856940667e-07,3.520924176909197e-08
55600,76,4872,1.1328931314093634e-07,3.350379412090158e-08
55056,68,4280,1.0136412228399567e-07,2.943272554135032e-08
16433,68,3264,1.0136412228399567e-07,2.244589162779613e-08
55591,68,4216,1.0136412228399567e-07,2.899261001923667e-08
55055,64,4000,9.540152685552534e-08,2.7507220132103103e-08
55601,64,3968,9.540152685552534e-08,2.7287162371046277e-08
56738,60,3784,8.9438931427055e-08,2.6021830244969534e-08
56737,56,3504,8.347633599858467e-08,2.4096324835722318e-08
57294,56,3536,8.347633599858467e-08,2.431638259677914e-08
57107,56,3472,8.347633599858467e-08,2.3876267074665492e-08
57429,52,3224,7.751374057011434e-08,2.21708194264751e-08
57468,52,3224,7.751374057011434e-08,2.21708194264751e-08
60006,44,2728,6.558854971317367e-08,1.8759924130094314e-08
58080,44,2760,6.558854971317367e-08,1.897998189115114e-08
59157,44,2728,6.558854971317367e-08,1.8759924130094314e-08
58211,44,2728,6.558854971317367e-08,1.8759924130094314e-08
59461,44,2728,6.558854971317367e-08,1.8759924130094314e-08
58112,44,2728,6.558854971317367e-08,1.8759924130094314e-08
34914,42,3696,6.260725199893851e-08,2.5416671402063266e-08
57797,40,2480,5.962595428470334e-08,1.7054476481903922e-08
60264,40,2480,5.962595428470334e-08,1.7054476481903922e-08
34916,40,3520,5.962595428470334e-08,2.4206353716250728e-08
25462,38,1824,5.664465657046817e-08,1.2543292380239015e-08
34918,38,3344,5.664465657046817e-08,2.2996036030438193e-08
34920,36,3168,5.3663358856233e-08,2.1785718344625655e-08
61649,32,1984,4.770076342776267e-08,1.3643581185523138e-08
33478,32,2816,4.770076342776267e-08,1.9365082973000585e-08
50164,32,2816,4.770076342776267e-08,1.9365082973000585e-08
37414,30,2640,4.47194657135275e-08,1.8154765287188047e-08
37416,30,2640,4.47194657135275e-08,1.8154765287188047e-08
37418,30,2640,4.47194657135275e-08,1.8154765287188047e-08
37420,30,2640,4.47194657135275e-08,1.8154765287188047e-08
37444,30,2640,4.47194657135275e-08,1.8154765287188047e-08
22914,28,1344,4.173816799929234e-08,9.242425964386641e-09
20842,28,1344,4.173816799929234e-08,9.242425964386641e-09
34922,28,2464,4.173816799929234e-08,1.6944447601375512e-08
33480,26,2288,3.875687028505717e-08,1.5734129915562974e-08
21621,26,1248,3.875687028505717e-08,8.582252681216167e-09
34924,26,2288,3.875687028505717e-08,1.5734129915562974e-08
19717,26,1248,3.875687028505717e-08,8.582252681216167e-09
16919,26,1248,3.875687028505717e-08,8.582252681216167e-09
49208,26,2288,3.875687028505717e-08,1.5734129915562974e-08
33459,24,2112,3.5775572570822e-08,1.4523812229750437e-08
25931,24,1152,3.5775572570822e-08,7.922079398045693e-09
34855,24,2112,3.5775572570822e-08,1.4523812229750437e-08
35777,24,2112,3.5775572570822e-08,1.4523812229750437e-08
49190,24,2112,3.5775572570822e-08,1.4523812229750437e-08
33468,22,1936,3.2794274856586834e-08,1.33134945439379e-08
17754,22,1056,3.2794274856586834e-08,7.2619061148752185e-09
60020,20,1240,2.981297714235167e-08,8.527238240951961e-09
63484,20,1240,2.981297714235167e-08,8.527238240951961e-09
64285,20,1240,2.981297714235167e-08,8.527238240951961e-09
37422,20,1760,2.981297714235167e-08,1.2103176858125364e-08
37424,20,1760,2.981297714235167e-08,1.2103176858125364e-08
21902,20,960,2.981297714235167e-08,6.6017328317047445e-09
16708,20,960,2.981297714235167e-08,6.6017328317047445e-09
43038,20,1760,2.981297714235167e-08,1.2103176858125364e-08
17077,20,960,2.981297714235167e-08,6.6017328317047445e-09
23679,20,960,2.981297714235167e-08,6.6017328317047445e-09
33482,20,1760,2.981297714235167e-08,1.2103176858125364e-08
17205,20,960,2.981297714235167e-08,6.6017328317047445e-09
64517,20,1240,2.981297714235167e-08,8.527238240951961e-09
18987,18,864,2.68316794281165e-08,5.94155954853427e-09
25157,18,864,2.68316794281165e-08,5.94155954853427e-09
21663,18,864,2.68316794281165e-08,5.94155954853427e-09
20129,18,864,2.68316794281165e-08,5.94155954853427e-09
49306,18,1584,2.68316794281165e-08,1.0892859172312827e-08
33470,18,1584,2.68316794281165e-08,1.0892859172312827e-08
25375,18,864,2.68316794281165e-08,5.94155954853427e-09
37843,18,1584,2.68316794281165e-08,1.0892859172312827e-08
16680,18,864,2.68316794281165e-08,5.94155954853427e-09
41774,18,1512,2.68316794281165e-08,1.0397729209934973e-08
60443,16,992,2.3850381713881334e-08,6.821790592761569e-09
61532,16,992,2.3850381713881334e-08,6.821790592761569e-09
25541,16,768,2.3850381713881334e-08,5.281386265363796e-09
19728,16,768,2.3850381713881334e-08,5.281386265363796e-09
43040,16,1408,2.3850381713881334e-08,9.682541486500292e-09
43042,16,1408,2.3850381713881334e-08,9.682541486500292e-09
43044,16,1408,2.3850381713881334e-08,9.682541486500292e-09
33472,16,1408,2.3850381713881334e-08,9.682541486500292e-09
33474,16,1408,2.3850381713881334e-08,9.682541486500292e-09
18605,16,768,2.3850381713881334e-08,5.281386265363796e-09
30975,16,768,2.3850381713881334e-08,5.281386265363796e-09
22105,16,768,2.3850381713881334e-08,5.281386265363796e-09
43121,16,1408,2.3850381713881334e-08,9.682541486500292e-09
17605,16,768,2.3850381713881334e-08,5.281386265363796e-09
49198,16,1408,2.3850381713881334e-08,9.682541486500292e-09
17616,16,768,2.3850381713881334e-08,5.281386265363796e-09
22799,16,768,2.3850381713881334e-08,5.281386265363796e-09
49184,16,1336,2.3850381713881334e-08,9.187411524122437e-09
21060,14,672,2.086908399964617e-08,4.621212982193321e-09
17592,14,672,2.086908399964617e-08,4.621212982193321e-09
16896,14,672,2.086908399964617e-08,4.621212982193321e-09
18258,14,672,2.086908399964617e-08,4.621212982193321e-09
37212,14,1232,2.086908399964617e-08,8.472223800687756e-09
19789,14,672,2.086908399964617e-08,4.621212982193321e-09
17332,14,672,2.086908399964617e-08,4.621212982193321e-09
18156,14,672,2.086908399964617e-08,4.621212982193321e-09
49200,14,1232,2.086908399964617e-08,8.472223800687756e-09
21698,14,672,2.086908399964617e-08,4.621212982193321e-09
21576,14,672,2.086908399964617e-08,4.621212982193321e-09
42627,14,1232,2.086908399964617e-08,8.472223800687756e-09
24910,14,672,2.086908399964617e-08,4.621212982193321e-09
20560,14,672,2.086908399964617e-08,4.621212982193321e-09
33484,14,1232,2.086908399964617e-08,8.472223800687756e-09
21207,14,672,2.086908399964617e-08,4.621212982193321e-09
17814,14,672,2.086908399964617e-08,4.621212982193321e-09
16838,14,672,2.086908399964617e-08,4.621212982193321e-09
17282,14,672,2.086908399964617e-08,4.621212982193321e-09
21366,14,672,2.086908399964617e-08,4.621212982193321e-09
18449,14,672,2.086908399964617e-08,4.621212982193321e-09
25337,14,672,2.086908399964617e-08,4.621212982193321e-09
19722,14,672,2.086908399964617e-08,4.621212982193321e-09
22986,14,672,2.086908399964617e-08,4.621212982193321e-09
19197,14,672,2.086908399964617e-08,4.621212982193321e-09
49216,14,1232,2.086908399964617e-08,8.472223800687756e-09
19792,14,672,2.086908399964617e-08,4.621212982193321e-09
20851,14,672,2.086908399964617e-08,4.621212982193321e-09
39683,14,1232,2.086908399964617e-08,8.472223800687756e-09
42577,14,1232,2.086908399964617e-08,8.472223800687756e-09
20425,14,672,2.086908399964617e-08,4.621212982193321e-09
49181,14,1232,2.086908399964617e-08,8.472223800687756e-09
34125,14,1232,2.086908399964617e-08,8.472223800687756e-09
21842,14,672,2.086908399964617e-08,4.621212982193321e-09
22695,14,672,2.086908399964617e-08,4.621212982193321e-09
23176,14,672,2.086908399964617e-08,4.621212982193321e-09
20679,14,672,2.086908399964617e-08,4.621212982193321e-09
18835,14,672,2.086908399964617e-08,4.621212982193321e-09
49226,14,1232,2.086908399964617e-08,8.472223800687756e-09
63331,12,744,1.7887786285411e-08,5.116342944571177e-09
62078,12,744,1.7887786285411e-08,5.116342944571177e-09
61900,12,744,1.7887786285411e-08,5.116342944571177e-09
37080,12,840,1.7887786285411e-08,5.7765162277416515e-09
9199,12,576,1.7887786285411e-08,3.961039699022847e-09
18669,12,576,1.7887786285411e-08,3.961039699022847e-09
21405,12,576,1.7887786285411e-08,3.961039699022847e-09
17018,12,576,1.7887786285411e-08,3.961039699022847e-09
27707,12,576,1.7887786285411e-08,3.961039699022847e-09
16700,12,576,1.7887786285411e-08,3.961039699022847e-09
19154,12,576,1.7887786285411e-08,3.961039699022847e-09
19273,12,576,1.7887786285411e-08,3.961039699022847e-09
26872,12,576,1.7887786285411e-08,3.961039699022847e-09
19161,12,576,1.7887786285411e-08,3.961039699022847e-09
35702,12,1056,1.7887786285411e-08,7.2619061148752185e-09
33569,12,1056,1.7887786285411e-08,7.2619061148752185e-09
20876,12,576,1.7887786285411e-08,3.961039699022847e-09
29977,12,576,1.7887786285411e-08,3.961039699022847e-09
40711,12,1056,1.7887786285411e-08,7.2619061148752185e-09
20313,12,576,1.7887786285411e-08,3.961039699022847e-09
19682,12,576,1.7887786285411e-08,3.961039699022847e-09
41081,12,1056,1.7887786285411e-08,7.2619061148752185e-09
20525,12,576,1.7887786285411e-08,3.961039699022847e-09
17219,12,576,1.7887786285411e-08,3.961039699022847e-09
17091,12,576,1.7887786285411e-08,3.961039699022847e-09
23531,12,576,1.7887786285411e-08,3.961039699022847e-09
26407,12,576,1.7887786285411e-08,3.961039699022847e-09
19332,12,576,1.7887786285411e-08,3.961039699022847e-09
33476,12,1056,1.7887786285411e-08,7.2619061148752185e-09
42074,12,1056,1.7887786285411e-08,7.2619061148752185e-09
35438,12,1056,1.7887786285411e-08,7.2619061148752185e-09
21948,12,576,1.7887786285411e-08,3.961039699022847e-09
20540,12,576,1.7887786285411e-08,3.961039699022847e-09
34579,12,1056,1.7887786285411e-08,7.2619061148752185e-09
30697,12,576,1.7887786285411e-08,3.961039699022847e-09
25003,12,576,1.7887786285411e-08,3.961039699022847e-09
9020,12,576,1.7887786285411e-08,3.961039699022847e-09
17146,12,576,1.7887786285411e-08,3.961039699022847e-09
58419,12,1056,1.7887786285411e-08,7.2619061148752185e-09
18255,12,576,1.7887786285411e-08,3.961039699022847e-09
19600,12,576,1.7887786285411e-08,3.961039699022847e-09
17455,12,576,1.7887786285411e-08,3.961039699022847e-09
48078,12,1056,1.7887786285411e-08,7.2619061148752185e-09
49640,12,1056,1.7887786285411e-08,7.2619061148752185e-09
49211,12,1056,1.7887786285411e-08,7.2619061148752185e-09
19181,12,576,1.7887786285411e-08,3.961039699022847e-09
44334,12,1056,1.7887786285411e-08,7.2619061148752185e-09
21923,12,576,1.7887786285411e-08,3.961039699022847e-09
17845,12,576,1.7887786285411e-08,3.961039699022847e-09
21111,12,576,1.7887786285411e-08,3.961039699022847e-09
43370,12,1056,1.7887786285411e-08,7.2619061148752185e-09
21282,12,576,1.7887786285411e-08,3.961039699022847e-09
22055,12,576,1.7887786285411e-08,3.961039699022847e-09
35295,10,3480,1.4906488571175834e-08,2.39312815149297e-08
30412,10,3480,1.4906488571175834e-08,2.39312815149297e-08
24644,10,480,1.4906488571175834e-08,3.3008664158523722e-09
39714,10,880,1.4906488571175834e-08,6.051588429062682e-09
22692,10,480,1.4906488571175834e-08,3.3008664158523722e-09
29256,10,480,1.4906488571175834e-08,3.3008664158523722e-09
33486,10,880,1.4906488571175834e-08,6.051588429062682e-09
23608,10,480,1.4906488571175834e-08,3.3008664158523722e-09
43123,10,880,1.4906488571175834e-08,6.051588429062682e-09
43125,10,880,1.4906488571175834e-08,6.051588429062682e-09
16449,10,480,1.4906488571175834e-08,3.3008664158523722e-09
30656,10,480,1.4906488571175834e-08,3.3008664158523722e-09
33756,8,560,1.1925190856940667e-08,3.851010818494434e-09
45034,8,560,1.1925190856940667e-08,3.851010818494434e-09
47602,8,560,1.1925190856940667e-08,3.851010818494434e-09
37448,8,560,1.1925190856940667e-08,3.851010818494434e-09
37384,8,560,1.1925190856940667e-08,3.851010818494434e-09
42598,8,560,1.1925190856940667e-08,3.851010818494434e-09
34070,8,560,1.1925190856940667e-08,3.851010818494434e-09
35850,8,560,1.1925190856940667e-08,3.851010818494434e-09
42384,8,560,1.1925190856940667e-08,3.851010818494434e-09
48454,8,560,1.1925190856940667e-08,3.851010818494434e-09
35382,8,560,1.1925190856940667e-08,3.851010818494434e-09
34556,8,560,1.1925190856940667e-08,3.851010818494434e-09
37532,8,560,1.1925190856940667e-08,3.851010818494434e-09
45460,8,560,1.1925190856940667e-08,3.851010818494434e-09
37324,8,560,1.1925190856940667e-08,3.851010818494434e-09
40716,8,560,1.1925190856940667e-08,3.851010818494434e-09
44398,8,560,1.1925190856940667e-08,3.851010818494434e-09
26720,8,384,1.1925190856940667e-08,2.640693132681898e-09
20120,8,384,1.1925190856940667e-08,2.640693132681898e-09
20817,8,384,1.1925190856940667e-08,2.640693132681898e-09
33571,8,704,1.1925190856940667e-08,4.841270743250146e-09
33573,8,704,1.1925190856940667e-08,4.841270743250146e-09
33575,8,704,1.1925190856940667e-08,4.841270743250146e-09
18360,8,384,1.1925190856940667e-08,2.640693132681898e-09
26415,8,384,1.1925190856940667e-08,2.640693132681898e-09
19294,8,384,1.1925190856940667e-08,2.640693132681898e-09
43046,8,704,1.1925190856940667e-08,4.841270743250146e-09
43048,8,704,1.1925190856940667e-08,4.841270743250146e-09
19140,8,384,1.1925190856940667e-08,2.640693132681898e-09
35794,8,704,1.1925190856940667e-08,4.841270743250146e-09
37813,8,704,1.1925190856940667e-08,4.841270743250146e-09
9950,8,384,1.1925190856940667e-08,2.640693132681898e-09
22124,8,384,1.1925190856940667e-08,2.640693132681898e-09
16420,8,384,1.1925190856940667e-08,2.640693132681898e-09
20004,8,384,1.1925190856940667e-08,2.640693132681898e-09
42076,8,704,1.1925190856940667e-08,4.841270743250146e-09
32818,8,704,1.1925190856940667e-08,4.841270743250146e-09
33488,8,704,1.1925190856940667e-08,4.841270743250146e-09
33490,8,704,1.1925190856940667e-08,4.841270743250146e-09
9370,8,384,1.1925190856940667e-08,2.640693132681898e-09
19141,8,384,1.1925190856940667e-08,2.640693132681898e-09
21784,8,384,1.1925190856940667e-08,2.640693132681898e-09
43127,8,704,1.1925190856940667e-08,4.841270743250146e-09
43129,8,704,1.1925190856940667e-08,4.841270743250146e-09
43131,8,704,1.1925190856940667e-08,4.841270743250146e-09
19047,8,384,1.1925190856940667e-08,2.640693132681898e-09
28641,8,384,1.1925190856940667e-08,2.640693132681898e-09
20279,8,384,1.1925190856940667e-08,2.640693132681898e-09
40019,8,704,1.1925190856940667e-08,4.841270743250146e-09
19995,8,384,1.1925190856940667e-08,2.640693132681898e-09
20126,8,384,1.1925190856940667e-08,2.640693132681898e-09
21016,8,384,1.1925190856940667e-08,2.640693132681898e-09
45722,8,704,1.1925190856940667e-08,4.841270743250146e-09
49503,8,704,1.1925190856940667e-08,4.841270743250146e-09
16086,8,384,1.1925190856940667e-08,2.640693132681898e-09
17615,6,288,8.9438931427055e-09,1.9805198495114233e-09
29078,6,288,8.9438931427055e-09,1.9805198495114233e-09
24007,6,288,8.9438931427055e-09,1.9805198495114233e-09
49396,6,528,8.9438931427055e-09,3.6309530574376093e-09
21206,6,288,8.9438931427055e-09,1.9805198495114233e-09
19227,6,288,8.9438931427055e-09,1.9805198495114233e-09
21383,6,288,8.9438931427055e-09,1.9805198495114233e-09
19718,6,288,8.9438931427055e-09,1.9805198495114233e-09
18994,6,288,8.9438931427055e-09,1.9805198495114233e-09
42078,6,528,8.9438931427055e-09,3.6309530574376093e-09
42080,6,528,8.9438931427055e-09,3.6309530574376093e-09
42082,6,528,8.9438931427055e-09,3.6309530574376093e-09
42084,6,528,8.9438931427055e-09,3.6309530574376093e-09
42086,6,528,8.9438931427055e-09,3.6309530574376093e-09
16430,6,288,8.9438931427055e-09,1.9805198495114233e-09
33866,6,528,8.9438931427055e-09,3.6309530574376093e-09
21083,6,288,8.9438931427055e-09,1.9805198495114233e-09
43133,6,528,8.9438931427055e-09,3.6309530574376093e-09
50497,6,528,8.9438931427055e-09,3.6309530574376093e-09
43325,6,528,8.9438931427055e-09,3.6309530574376093e-09
25280,6,288,8.9438931427055e-09,1.9805198495114233e-09
30303,6,288,8.9438931427055e-09,1.9805198495114233e-09
37761,6,528,8.9438931427055e-09,3.6309530574376093e-09
33604,4,280,5.9625954284703335e-09,1.925505409247217e-09
33642,4,280,5.9625954284703335e-09,1.925505409247217e-09
37590,4,280,5.9625954284703335e-09,1.925505409247217e-09
35308,4,280,5.9625954284703335e-09,1.925505409247217e-09
45056,4,280,5.9625954284703335e-09,1.925505409247217e-09
39498,4,280,5.9625954284703335e-09,1.925505409247217e-09
37906,4,280,5.9625954284703335e-09,1.925505409247217e-09
56602,4,280,5.9625954284703335e-09,1.925505409247217e-09
37702,4,280,5.9625954284703335e-09,1.925505409247217e-09
37058,4,280,5.9625954284703335e-09,1.925505409247217e-09
42908,4,280,5.9625954284703335e-09,1.925505409247217e-09
34908,4,280,5.9625954284703335e-09,1.925505409247217e-09
47526,4,280,5.9625954284703335e-09,1.925505409247217e-09
44640,4,280,5.9625954284703335e-09,1.925505409247217e-09
33942,4,280,5.9625954284703335e-09,1.925505409247217e-09
44770,4,280,5.9625954284703335e-09,1.925505409247217e-09
33116,4,280,5.9625954284703335e-09,1.925505409247217e-09
35772,4,280,5.9625954284703335e-09,1.925505409247217e-09
51244,4,280,5.9625954284703335e-09,1.925505409247217e-09
47384,4,280,5.9625954284703335e-09,1.925505409247217e-09
35186,4,280,5.9625954284703335e-09,1.925505409247217e-09
34518,4,280,5.9625954284703335e-09,1.925505409247217e-09
43746,4,280,5.9625954284703335e-09,1.925505409247217e-09
40266,4,280,5.9625954284703335e-09,1.925505409247217e-09
38488,4,280,5.9625954284703335e-09,1.925505409247217e-09
34788,4,280,5.9625954284703335e-09,1.925505409247217e-09
56644,4,280,5.9625954284703335e-09,1.925505409247217e-09
47680,4,280,5.9625954284703335e-09,1.925505409247217e-09
58156,4,280,5.9625954284703335e-09,1.925505409247217e-09
36442,4,280,5.9625954284703335e-09,1.925505409247217e-09
41928,4,280,5.9625954284703335e-09,1.925505409247217e-09
56606,4,280,5.9625954284703335e-09,1.925505409247217e-09
49242,4,280,5.9625954284703335e-09,1.925505409247217e-09
34542,4,280,5.9625954284703335e-09,1.925505409247217e-09
39984,4,280,5.9625954284703335e-09,1.925505409247217e-09
42110,4,280,5.9625954284703335e-09,1.925505409247217e-09
34496,4,280,5.9625954284703335e-09,1.925505409247217e-09
43244,4,280,5.9625954284703335e-09,1.925505409247217e-09
44976,4,280,5.9625954284703335e-09,1.925505409247217e-09
50488,4,280,5.9625954284703335e-09,1.925505409247217e-09
51942,4,280,5.9625954284703335e-09,1.925505409247217e-09
41584,4,280,5.9625954284703335e-09,1.925505409247217e-09
36958,4,280,5.9625954284703335e-09,1.925505409247217e-09
49334,4,280,5.9625954284703335e-09,1.925505409247217e-09
40144,4,280,5.9625954284703335e-09,1.925505409247217e-09
42420,4,280,5.9625954284703335e-09,1.925505409247217e-09
39874,4,280,5.9625954284703335e-09,1.925505409247217e-09
58986,4,280,5.9625954284703335e-09,1.925505409247217e-09
43130,4,280,5.9625954284703335e-09,1.925505409247217e-09
42400,4,280,5.9625954284703335e-09,1.925505409247217e-09
34350,4,280,5.9625954284703335e-09,1.925505409247217e-09
44910,4,280,5.9625954284703335e-09,1.925505409247217e-09
59778,4,280,5.9625954284703335e-09,1.925505409247217e-09
46582,4,280,5.9625954284703335e-09,1.925505409247217e-09
33580,4,280,5.9625954284703335e-09,1.925505409247217e-09
40042,4,280,5.9625954284703335e-09,1.925505409247217e-09
44778,4,280,5.9625954284703335e-09,1.925505409247217e-09
41066,4,280,5.9625954284703335e-09,1.925505409247217e-09
37394,4,280,5.9625954284703335e-09,1.925505409247217e-09
52966,4,280,5.9625954284703335e-09,1.925505409247217e-09
38768,4,280,5.9625954284703335e-09,1.925505409247217e-09
47112,4,280,5.9625954284703335e-09,1.925505409247217e-09
53344,4,280,5.9625954284703335e-09,1.925505409247217e-09
47956,4,280,5.9625954284703335e-09,1.925505409247217e-09
35974,4,280,5.9625954284703335e-09,1.925505409247217e-09
36316,4,280,5.9625954284703335e-09,1.925505409247217e-09
34900,4,280,5.9625954284703335e-09,1.925505409247217e-09
41130,4,280,5.9625954284703335e-09,1.925505409247217e-09
47170,4,280,5.9625954284703335e-09,1.925505409247217e-09
39520,4,280,5.9625954284703335e-09,1.925505409247217e-09
44644,4,280,5.9625954284703335e-09,1.925505409247217e-09
55854,4,280,5.9625954284703335e-09,1.925505409247217e-09
45430,4,280,5.9625954284703335e-09,1.925505409247217e-09
41894,4,280,5.9625954284703335e-09,1.925505409247217e-09
49502,4,280,5.9625954284703335e-09,1.925505409247217e-09
35370,4,280,5.9625954284703335e-09,1.925505409247217e-09
36614,4,280,5.9625954284703335e-09,1.925505409247217e-09
49112,4,280,5.9625954284703335e-09,1.925505409247217e-09
50386,4,280,5.9625954284703335e-09,1.925505409247217e-09
35182,4,280,5.9625954284703335e-09,1.925505409247217e-09
44088,4,280,5.9625954284703335e-09,1.925505409247217e-09
50272,4,280,5.9625954284703335e-09,1.925505409247217e-09
32928,4,280,5.9625954284703335e-09,1.925505409247217e-09
45588,4,280,5.9625954284703335e-09,1.925505409247217e-09
36378,4,280,5.9625954284703335e-09,1.925505409247217e-09
50178,4,280,5.9625954284703335e-09,1.925505409247217e-09
33924,4,280,5.9625954284703335e-09,1.925505409247217e-09
50548,4,280,5.9625954284703335e-09,1.925505409247217e-09
49268,4,280,5.9625954284703335e-09,1.925505409247217e-09
37168,4,280,5.9625954284703335e-09,1.925505409247217e-09
48932,4,280,5.9625954284703335e-09,1.925505409247217e-09
45746,4,280,5.9625954284703335e-09,1.925505409247217e-09
35118,4,280,5.9625954284703335e-09,1.925505409247217e-09
43748,4,280,5.9625954284703335e-09,1.925505409247217e-09
39330,4,280,5.9625954284703335e-09,1.925505409247217e-09
38126,4,280,5.9625954284703335e-09,1.925505409247217e-09
50804,4,280,5.9625954284703335e-09,1.925505409247217e-09
36348,4,280,5.9625954284703335e-09,1.925505409247217e-09
33886,4,280,5.9625954284703335e-09,1.925505409247217e-09
46692,4,280,5.9625954284703335e-09,1.925505409247217e-09
55006,4,280,5.9625954284703335e-09,1.925505409247217e-09
34944,4,280,5.9625954284703335e-09,1.925505409247217e-09
34054,4,280,5.9625954284703335e-09,1.925505409247217e-09
50210,4,280,5.9625954284703335e-09,1.925505409247217e-09
37404,4,280,5.9625954284703335e-09,1.925505409247217e-09
51204,4,280,5.9625954284703335e-09,1.925505409247217e-09
35650,4,280,5.9625954284703335e-09,1.925505409247217e-09
54094,4,280,5.9625954284703335e-09,1.925505409247217e-09
35296,4,280,5.9625954284703335e-09,1.925505409247217e-09
42418,4,280,5.9625954284703335e-09,1.925505409247217e-09
42886,4,280,5.9625954284703335e-09,1.925505409247217e-09
37320,4,280,5.9625954284703335e-09,1.925505409247217e-09
44988,4,280,5.9625954284703335e-09,1.925505409247217e-09
45878,4,280,5.9625954284703335e-09,1.925505409247217e-09
46328,4,280,5.9625954284703335e-09,1.925505409247217e-09
50198,4,280,5.9625954284703335e-09,1.925505409247217e-09
47128,4,280,5.9625954284703335e-09,1.925505409247217e-09
49494,4,280,5.9625954284703335e-09,1.925505409247217e-09
40352,4,280,5.9625954284703335e-09,1.925505409247217e-09
52782,4,280,5.9625954284703335e-09,1.925505409247217e-09
46854,4,280,5.9625954284703335e-09,1.925505409247217e-09
48042,4,280,5.9625954284703335e-09,1.925505409247217e-09
48000,4,280,5.9625954284703335e-09,1.925505409247217e-09
46134,4,280,5.9625954284703335e-09,1.925505409247217e-09
34230,4,280,5.9625954284703335e-09,1.925505409247217e-09
53274,4,280,5.9625954284703335e-09,1.925505409247217e-09
42944,4,280,5.9625954284703335e-09,1.925505409247217e-09
40156,4,280,5.9625954284703335e-09,1.925505409247217e-09
37316,4,280,5.9625954284703335e-09,1.925505409247217e-09
35468,4,280,5.9625954284703335e-09,1.925505409247217e-09
35378,4,280,5.9625954284703335e-09,1.925505409247217e-09
33074,4,280,5.9625954284703335e-09,1.925505409247217e-09
38898,4,280,5.9625954284703335e-09,1.925505409247217e-09
40464,4,280,5.9625954284703335e-09,1.925505409247217e-09
53902,4,280,5.9625954284703335e-09,1.925505409247217e-09
45800,4,280,5.9625954284703335e-09,1.925505409247217e-09
44090,4,280,5.9625954284703335e-09,1.925505409247217e-09
40158,4,280,5.9625954284703335e-09,1.925505409247217e-09
48414,4,280,5.9625954284703335e-09,1.925505409247217e-09
35168,4,280,5.9625954284703335e-09,1.925505409247217e-09
60796,4,280,5.9625954284703335e-09,1.925505409247217e-09
42664,4,280,5.9625954284703335e-09,1.925505409247217e-09
35342,4,280,5.9625954284703335e-09,1.925505409247217e-09
60758,4,280,5.9625954284703335e-09,1.925505409247217e-09
34012,4,280,5.9625954284703335e-09,1.925505409247217e-09
40790,4,280,5.9625954284703335e-09,1.925505409247217e-09
51598,4,280,5.9625954284703335e-09,1.925505409247217e-09
37340,4,280,5.9625954284703335e-09,1.925505409247217e-09
52326,4,280,5.9625954284703335e-09,1.925505409247217e-09
37228,4,280,5.9625954284703335e-09,1.925505409247217e-09
45000,4,280,5.9625954284703335e-09,1.925505409247217e-09
36236,4,280,5.9625954284703335e-09,1.925505409247217e-09
41994,4,280,5.9625954284703335e-09,1.925505409247217e-09
45562,4,280,5.9625954284703335e-09,1.925505409247217e-09
38710,4,280,5.9625954284703335e-09,1.925505409247217e-09
36206,4,280,5.9625954284703335e-09,1.925505409247217e-09
44412,4,280,5.9625954284703335e-09,1.925505409247217e-09
41278,4,280,5.9625954284703335e-09,1.925505409247217e-09
50670,4,280,5.9625954284703335e-09,1.925505409247217e-09
50388,4,280,5.9625954284703335e-09,1.925505409247217e-09
55768,4,280,5.9625954284703335e-09,1.925505409247217e-09
45788,4,280,5.9625954284703335e-09,1.925505409247217e-09
40824,4,280,5.9625954284703335e-09,1.925505409247217e-09
42396,4,280,5.9625954284703335e-09,1.925505409247217e-09
33304,4,280,5.9625954284703335e-09,1.925505409247217e-09
39446,4,280,5.9625954284703335e-09,1.925505409247217e-09
48960,4,280,5.9625954284703335e-09,1.925505409247217e-09
37696,4,280,5.9625954284703335e-09,1.925505409247217e-09
45700,4,280,5.9625954284703335e-09,1.925505409247217e-09
36464,4,280,5.9625954284703335e-09,1.925505409247217e-09
46094,4,280,5.9625954284703335e-09,1.925505409247217e-09
41104,4,280,5.9625954284703335e-09,1.925505409247217e-09
46002,4,280,5.9625954284703335e-09,1.925505409247217e-09
38620,4,280,5.9625954284703335e-09,1.925505409247217e-09
34646,4,280,5.9625954284703335e-09,1.925505409247217e-09
34288,4,280,5.9625954284703335e-09,1.925505409247217e-09
34082,4,280,5.9625954284703335e-09,1.925505409247217e-09
34548,4,280,5.9625954284703335e-09,1.925505409247217e-09
35830,4,280,5.9625954284703335e-09,1.925505409247217e-09
39186,4,280,5.9625954284703335e-09,1.925505409247217e-09
47754,4,280,5.9625954284703335e-09,1.925505409247217e-09
45544,4,280,5.9625954284703335e-09,1.925505409247217e-09
59436,4,280,5.9625954284703335e-09,1.925505409247217e-09
48074,4,280,5.9625954284703335e-09,1.925505409247217e-09
53622,4,280,5.9625954284703335e-09,1.925505409247217e-09
36408,4,280,5.9625954284703335e-09,1.925505409247217e-09
43054,4,280,5.9625954284703335e-09,1.925505409247217e-09
33454,4,280,5.9625954284703335e-09,1.925505409247217e-09
34826,4,280,5.9625954284703335e-09,1.925505409247217e-09
50870,4,280,5.9625954284703335e-09,1.925505409247217e-09
45340,4,280,5.9625954284703335e-09,1.925505409247217e-09
42882,4,280,5.9625954284703335e-09,1.925505409247217e-09
51938,4,280,5.9625954284703335e-09,1.925505409247217e-09
46302,4,280,5.9625954284703335e-09,1.925505409247217e-09
51706,4,280,5.9625954284703335e-09,1.925505409247217e-09
51356,4,280,5.9625954284703335e-09,1.925505409247217e-09
48772,4,280,5.9625954284703335e-09,1.925505409247217e-09
49560,4,280,5.9625954284703335e-09,1.925505409247217e-09
36520,4,280,5.9625954284703335e-09,1.925505409247217e-09
33462,4,280,5.9625954284703335e-09,1.925505409247217e-09
33612,4,280,5.9625954284703335e-09,1.925505409247217e-09
47850,4,280,5.9625954284703335e-09,1.925505409247217e-09
43002,4,280,5.9625954284703335e-09,1.925505409247217e-09
36498,4,280,5.9625954284703335e-09,1.925505409247217e-09
46660,4,280,5.9625954284703335e-09,1.925505409247217e-09
41148,4,280,5.9625954284703335e-09,1.925505409247217e-09
36984,4,280,5.9625954284703335e-09,1.925505409247217e-09
47748,4,280,5.9625954284703335e-09,1.925505409247217e-09
38922,4,280,5.9625954284703335e-09,1.925505409247217e-09
58710,4,280,5.9625954284703335e-09,1.925505409247217e-09
59804,4,280,5.9625954284703335e-09,1.925505409247217e-09
37128,4,280,5.9625954284703335e-09,1.925505409247217e-09
59310,4,280,5.9625954284703335e-09,1.925505409247217e-09
38364,4,280,5.9625954284703335e-09,1.925505409247217e-09
44082,4,280,5.9625954284703335e-09,1.925505409247217e-09
38604,4,280,5.9625954284703335e-09,1.925505409247217e-09
46096,4,280,5.9625954284703335e-09,1.925505409247217e-09
46830,4,280,5.9625954284703335e-09,1.925505409247217e-09
41200,4,280,5.9625954284703335e-09,1.925505409247217e-09
48202,4,280,5.9625954284703335e-09,1.925505409247217e-09
46442,4,280,5.9625954284703335e-09,1.925505409247217e-09
48122,4,280,5.9625954284703335e-09,1.925505409247217e-09
52296,4,280,5.9625954284703335e-09,1.925505409247217e-09
39150,4,280,5.9625954284703335e-09,1.925505409247217e-09
45594,4,280,5.9625954284703335e-09,1.925505409247217e-09
39946,4,280,5.9625954284703335e-09,1.925505409247217e-09
60786,4,280,5.9625954284703335e-09,1.925505409247217e-09
38622,4,280,5.9625954284703335e-09,1.925505409247217e-09
33750,4,280,5.9625954284703335e-09,1.925505409247217e-09
47158,4,280,5.9625954284703335e-09,1.925505409247217e-09
39160,4,280,5.9625954284703335e-09,1.925505409247217e-09
35516,4,280,5.9625954284703335e-09,1.925505409247217e-09
49868,4,280,5.9625954284703335e-09,1.925505409247217e-09
57264,4,280,5.9625954284703335e-09,1.925505409247217e-09
34322,4,280,5.9625954284703335e-09,1.925505409247217e-09
41756,4,280,5.9625954284703335e-09,1.925505409247217e-09
39210,4,280,5.9625954284703335e-09,1.925505409247217e-09
41024,4,280,5.9625954284703335e-09,1.925505409247217e-09
52172,4,280,5.9625954284703335e-09,1.925505409247217e-09
53702,4,280,5.9625954284703335e-09,1.925505409247217e-09
46466,4,280,5.9625954284703335e-09,1.925505409247217e-09
37782,4,280,5.9625954284703335e-09,1.925505409247217e-09
39474,4,280,5.9625954284703335e-09,1.925505409247217e-09
47388,4,280,5.9625954284703335e-09,1.925505409247217e-09
50888,4,280,5.9625954284703335e-09,1.925505409247217e-09
49034,4,280,5.9625954284703335e-09,1.925505409247217e-09
42334,4,280,5.9625954284703335e-09,1.925505409247217e-09
40134,4,280,5.9625954284703335e-09,1.925505409247217e-09
33882,4,280,5.9625954284703335e-09,1.925505409247217e-09
41936,4,280,5.9625954284703335e-09,1.925505409247217e-09
37260,4,280,5.9625954284703335e-09,1.925505409247217e-09
53278,4,280,5.9625954284703335e-09,1.925505409247217e-09
36554,4,280,5.9625954284703335e-09,1.925505409247217e-09
48612,4,280,5.9625954284703335e-09,1.925505409247217e-09
48088,4,280,5.9625954284703335e-09,1.925505409247217e-09
34902,4,280,5.9625954284703335e-09,1.925505409247217e-09
35464,4,280,5.9625954284703335e-09,1.925505409247217e-09
34550,4,280,5.9625954284703335e-09,1.925505409247217e-09
49516,4,280,5.9625954284703335e-09,1.925505409247217e-09
42954,4,280,5.9625954284703335e-09,1.925505409247217e-09
45914,4,280,5.9625954284703335e-09,1.925505409247217e-09
56594,4,280,5.9625954284703335e-09,1.925505409247217e-09
37412,4,280,5.9625954284703335e-09,1.925505409247217e-09
40596,4,280,5.9625954284703335e-09,1.925505409247217e-09
39616,4,280,5.9625954284703335e-09,1.925505409247217e-09
36192,4,280,5.9625954284703335e-09,1.925505409247217e-09
43118,4,280,5.9625954284703335e-09,1.925505409247217e-09
36466,4,280,5.9625954284703335e-09,1.925505409247217e-09
40960,4,280,5.9625954284703335e-09,1.925505409247217e-09
35798,4,280,5.9625954284703335e-09,1.925505409247217e-09
46772,4,280,5.9625954284703335e-09,1.925505409247217e-09
53030,4,280,5.9625954284703335e-09,1.925505409247217e-09
38166,4,280,5.9625954284703335e-09,1.925505409247217e-09
34994,4,280,5.9625954284703335e-09,1.925505409247217e-09
41890,4,280,5.9625954284703335e-09,1.925505409247217e-09
39360,4,280,5.9625954284703335e-09,1.925505409247217e-09
52192,4,280,5.9625954284703335e-09,1.925505409247217e-09
35364,4,280,5.9625954284703335e-09,1.925505409247217e-09
60476,4,280,5.9625954284703335e-09,1.925505409247217e-09
59440,4,280,5.9625954284703335e-09,1.925505409247217e-09
32990,4,280,5.9625954284703335e-09,1.925505409247217e-09
33442,4,280,5.9625954284703335e-09,1.925505409247217e-09
40900,4,280,5.9625954284703335e-09,1.925505409247217e-09
47792,4,280,5.9625954284703335e-09,1.925505409247217e-09
54282,4,280,5.9625954284703335e-09,1.925505409247217e-09
50318,4,280,5.9625954284703335e-09,1.925505409247217e-09
35546,4,280,5.9625954284703335e-09,1.925505409247217e-09
41392,4,280,5.9625954284703335e-09,1.925505409247217e-09
52314,4,280,5.9625954284703335e-09,1.925505409247217e-09
34694,4,280,5.9625954284703335e-09,1.925505409247217e-09
50538,4,280,5.9625954284703335e-09,1.925505409247217e-09
42800,4,280,5.9625954284703335e-09,1.925505409247217e-09
36862,4,280,5.9625954284703335e-09,1.925505409247217e-09
34976,4,280,5.9625954284703335e-09,1.925505409247217e-09
42370,4,280,5.9625954284703335e-09,1.925505409247217e-09
42068,4,280,5.9625954284703335e-09,1.925505409247217e-09
50904,4,280,5.9625954284703335e-09,1.925505409247217e-09
33436,4,280,5.9625954284703335e-09,1.925505409247217e-09
51276,4,280,5.9625954284703335e-09,1.925505409247217e-09
34068,4,280,5.9625954284703335e-09,1.925505409247217e-09
47402,4,280,5.9625954284703335e-09,1.925505409247217e-09
35174,4,280,5.9625954284703335e-09,1.925505409247217e-09
50150,4,280,5.9625954284703335e-09,1.925505409247217e-09
45380,4,280,5.9625954284703335e-09,1.925505409247217e-09
35870,4,280,5.9625954284703335e-09,1.925505409247217e-09
39444,4,280,5.9625954284703335e-09,1.925505409247217e-09
45694,4,280,5.9625954284703335e-09,1.925505409247217e-09
54162,4,280,5.9625954284703335e-09,1.925505409247217e-09
38020,4,280,5.9625954284703335e-09,1.925505409247217e-09
60028,4,280,5.9625954284703335e-09,1.925505409247217e-09
37894,4,280,5.9625954284703335e-09,1.925505409247217e-09
48262,4,280,5.9625954284703335e-09,1.925505409247217e-09
34278,4,280,5.9625954284703335e-09,1.925505409247217e-09
35390,4,280,5.9625954284703335e-09,1.925505409247217e-09
41674,4,280,5.9625954284703335e-09,1.925505409247217e-09
39336,4,280,5.9625954284703335e-09,1.925505409247217e-09
43134,4,280,5.9625954284703335e-09,1.925505409247217e-09
36986,4,280,5.9625954284703335e-09,1.925505409247217e-09
47744,4,280,5.9625954284703335e-09,1.925505409247217e-09
34540,4,280,5.9625954284703335e-09,1.925505409247217e-09
56094,4,280,5.9625954284703335e-09,1.925505409247217e-09
36468,4,280,5.9625954284703335e-09,1.925505409247217e-09
34744,4,280,5.9625954284703335e-09,1.925505409247217e-09
48706,4,280,5.9625954284703335e-09,1.925505409247217e-09
34450,4,280,5.9625954284703335e-09,1.925505409247217e-09
39780,4,280,5.9625954284703335e-09,1.925505409247217e-09
40606,4,280,5.9625954284703335e-09,1.925505409247217e-09
49110,4,280,5.9625954284703335e-09,1.925505409247217e-09
43964,4,280,5.9625954284703335e-09,1.925505409247217e-09
44670,4,280,5.9625954284703335e-09,1.925505409247217e-09
42250,4,280,5.9625954284703335e-09,1.925505409247217e-09
47960,4,280,5.9625954284703335e-09,1.925505409247217e-09
33804,4,280,5.9625954284703335e-09,1.925505409247217e-09
36776,4,280,5.9625954284703335e-09,1.925505409247217e-09
45334,4,280,5.9625954284703335e-09,1.925505409247217e-09
41150,4,280,5.9625954284703335e-09,1.925505409247217e-09
34716,4,280,5.9625954284703335e-09,1.925505409247217e-09
48008,4,280,5.9625954284703335e-09,1.925505409247217e-09
33856,4,280,5.9625954284703335e-09,1.925505409247217e-09
34074,4,280,5.9625954284703335e-09,1.925505409247217e-09
44916,4,280,5.9625954284703335e-09,1.925505409247217e-09
43684,4,280,5.9625954284703335e-09,1.925505409247217e-09
50582,4,280,5.9625954284703335e-09,1.925505409247217e-09
37400,4,280,5.9625954284703335e-09,1.925505409247217e-09
38682,4,280,5.9625954284703335e-09,1.925505409247217e-09
58032,4,280,5.9625954284703335e-09,1.925505409247217e-09
35248,4,280,5.9625954284703335e-09,1.925505409247217e-09
53534,4,280,5.9625954284703335e-09,1.925505409247217e-09
33362,4,280,5.9625954284703335e-09,1.925505409247217e-09
42772,4,280,5.9625954284703335e-09,1.925505409247217e-09
48158,4,280,5.9625954284703335e-09,1.925505409247217e-09
38410,4,280,5.9625954284703335e-09,1.925505409247217e-09
37648,4,280,5.9625954284703335e-09,1.925505409247217e-09
56822,4,280,5.9625954284703335e-09,1.925505409247217e-09
45268,4,280,5.9625954284703335e-09,1.925505409247217e-09
37708,4,280,5.9625954284703335e-09,1.925505409247217e-09
38178,4,280,5.9625954284703335e-09,1.925505409247217e-09
35466,4,280,5.9625954284703335e-09,1.925505409247217e-09
41146,4,280,5.9625954284703335e-09,1.925505409247217e-09
36780,4,280,5.9625954284703335e-09,1.925505409247217e-09
40526,4,280,5.9625954284703335e-09,1.925505409247217e-09
34340,4,280,5.9625954284703335e-09,1.925505409247217e-09
33394,4,280,5.9625954284703335e-09,1.925505409247217e-09
42946,4,280,5.9625954284703335e-09,1.925505409247217e-09
41444,4,280,5.9625954284703335e-09,1.925505409247217e-09
38762,4,280,5.9625954284703335e-09,1.925505409247217e-09
45170,4,280,5.9625954284703335e-09,1.925505409247217e-09
44998,4,280,5.9625954284703335e-09,1.925505409247217e-09
37290,4,280,5.9625954284703335e-09,1.925505409247217e-09
54160,4,280,5.9625954284703335e-09,1.925505409247217e-09
34584,4,280,5.9625954284703335e-09,1.925505409247217e-09
36908,4,280,5.9625954284703335e-09,1.925505409247217e-09
41232,4,280,5.9625954284703335e-09,1.925505409247217e-09
45468,4,280,5.9625954284703335e-09,1.925505409247217e-09
47054,4,280,5.9625954284703335e-09,1.925505409247217e-09
50060,4,280,5.9625954284703335e-09,1.925505409247217e-09
35426,4,280,5.9625954284703335e-09,1.925505409247217e-09
43336,4,280,5.9625954284703335e-09,1.925505409247217e-09
43976,4,280,5.9625954284703335e-09,1.925505409247217e-09
41400,4,280,5.9625954284703335e-09,1.925505409247217e-09
60374,4,280,5.9625954284703335e-09,1.925505409247217e-09
53016,4,280,5.9625954284703335e-09,1.925505409247217e-09
52956,4,280,5.9625954284703335e-09,1.925505409247217e-09
37230,4,280,5.9625954284703335e-09,1.925505409247217e-09
40196,4,280,5.9625954284703335e-09,1.925505409247217e-09
48066,4,280,5.9625954284703335e-09,1.925505409247217e-09
44394,4,280,5.9625954284703335e-09,1.925505409247217e-09
38666,4,280,5.9625954284703335e-09,1.925505409247217e-09
42122,4,280,5.9625954284703335e-09,1.925505409247217e-09
48252,4,280,5.9625954284703335e-09,1.925505409247217e-09
51954,4,280,5.9625954284703335e-09,1.925505409247217e-09
49650,4,280,5.9625954284703335e-09,1.925505409247217e-09
35896,4,280,5.9625954284703335e-09,1.925505409247217e-09
42230,4,280,5.9625954284703335e-09,1.925505409247217e-09
48966,4,280,5.9625954284703335e-09,1.925505409247217e-09
54494,4,280,5.9625954284703335e-09,1.925505409247217e-09
39558,4,280,5.9625954284703335e-09,1.925505409247217e-09
56616,4,280,5.9625954284703335e-09,1.925505409247217e-09
46156,4,280,5.9625954284703335e-09,1.925505409247217e-09
42322,4,280,5.9625954284703335e-09,1.925505409247217e-09
42960,4,280,5.9625954284703335e-09,1.925505409247217e-09
49442,4,280,5.9625954284703335e-09,1.925505409247217e-09
45406,4,280,5.9625954284703335e-09,1.925505409247217e-09
35422,4,280,5.9625954284703335e-09,1.925505409247217e-09
38402,4,280,5.9625954284703335e-09,1.925505409247217e-09
49410,4,280,5.9625954284703335e-09,1.925505409247217e-09
35298,4,280,5.9625954284703335e-09,1.925505409247217e-09
46154,4,280,5.9625954284703335e-09,1.925505409247217e-09
47134,4,280,5.9625954284703335e-09,1.925505409247217e-09
41096,4,280,5.9625954284703335e-09,1.925505409247217e-09
40694,4,280,5.9625954284703335e-09,1.925505409247217e-09
43472,4,280,5.9625954284703335e-09,1.925505409247217e-09
50436,4,280,5.9625954284703335e-09,1.925505409247217e-09
38738,4,280,5.9625954284703335e-09,1.925505409247217e-09
48164,4,280,5.9625954284703335e-09,1.925505409247217e-09
36010,4,280,5.9625954284703335e-09,1.925505409247217e-09
35940,4,280,5.9625954284703335e-09,1.925505409247217e-09
43752,4,280,5.9625954284703335e-09,1.925505409247217e-09
49002,4,280,5.9625954284703335e-09,1.925505409247217e-09
35886,4,280,5.9625954284703335e-09,1.925505409247217e-09
43120,4,280,5.9625954284703335e-09,1.925505409247217e-09
33122,4,280,5.9625954284703335e-09,1.925505409247217e-09
58090,4,280,5.9625954284703335e-09,1.925505409247217e-09
40054,4,280,5.9625954284703335e-09,1.925505409247217e-09
50752,4,280,5.9625954284703335e-09,1.925505409247217e-09
43528,4,280,5.9625954284703335e-09,1.925505409247217e-09
36708,4,280,5.9625954284703335e-09,1.925505409247217e-09
33622,4,280,5.9625954284703335e-09,1.925505409247217e-09
37000,4,280,5.9625954284703335e-09,1.925505409247217e-09
56962,4,280,5.9625954284703335e-09,1.925505409247217e-09
43716,4,280,5.9625954284703335e-09,1.925505409247217e-09
45512,4,280,5.9625954284703335e-09,1.925505409247217e-09
50492,4,280,5.9625954284703335e-09,1.925505409247217e-09
45198,4,280,5.9625954284703335e-09,1.925505409247217e-09
44298,4,280,5.9625954284703335e-09,1.925505409247217e-09
33668,4,280,5.9625954284703335e-09,1.925505409247217e-09
45190,4,280,5.9625954284703335e-09,1.925505409247217e-09
45768,4,280,5.9625954284703335e-09,1.925505409247217e-09
35078,4,280,5.9625954284703335e-09,1.925505409247217e-09
36222,4,280,5.9625954284703335e-09,1.925505409247217e-09
47126,4,280,5.9625954284703335e-09,1.925505409247217e-09
53664,4,280,5.9625954284703335e-09,1.925505409247217e-09
51672,4,280,5.9625954284703335e-09,1.925505409247217e-09
39312,4,280,5.9625954284703335e-09,1.925505409247217e-09
43628,4,280,5.9625954284703335e-09,1.925505409247217e-09
45968,4,280,5.9625954284703335e-09,1.925505409247217e-09
42166,4,280,5.9625954284703335e-09,1.925505409247217e-09
42146,4,280,5.9625954284703335e-09,1.925505409247217e-09
49082,4,280,5.9625954284703335e-09,1.925505409247217e-09
48948,4,280,5.9625954284703335e-09,1.925505409247217e-09
54606,4,280,5.9625954284703335e-09,1.925505409247217e-09
48232,4,280,5.9625954284703335e-09,1.925505409247217e-09
35948,4,280,5.9625954284703335e-09,1.925505409247217e-09
42302,4,280,5.9625954284703335e-09,1.925505409247217e-09
48850,4,280,5.9625954284703335e-09,1.925505409247217e-09
58014,4,280,5.9625954284703335e-09,1.925505409247217e-09
40702,4,280,5.9625954284703335e-09,1.925505409247217e-09
53642,4,280,5.9625954284703335e-09,1.925505409247217e-09
47496,4,280,5.9625954284703335e-09,1.925505409247217e-09
32848,4,280,5.9625954284703335e-09,1.925505409247217e-09
47394,4,280,5.9625954284703335e-09,1.925505409247217e-09
47972,4,280,5.9625954284703335e-09,1.925505409247217e-09
38888,4,280,5.9625954284703335e-09,1.925505409247217e-09
34864,4,280,5.9625954284703335e-09,1.925505409247217e-09
37600,4,280,5.9625954284703335e-09,1.925505409247217e-09
33276,4,280,5.9625954284703335e-09,1.925505409247217e-09
38868,4,280,5.9625954284703335e-09,1.925505409247217e-09
42504,4,280,5.9625954284703335e-09,1.925505409247217e-09
33426,4,280,5.9625954284703335e-09,1.925505409247217e-09
45950,4,280,5.9625954284703335e-09,1.925505409247217e-09
34866,4,280,5.9625954284703335e-09,1.925505409247217e-09
47482,4,280,5.9625954284703335e-09,1.925505409247217e-09
35856,4,280,5.9625954284703335e-09,1.925505409247217e-09
47268,4,280,5.9625954284703335e-09,1.925505409247217e-09
47376,4,280,5.9625954284703335e-09,1.925505409247217e-09
52004,4,280,5.9625954284703335e-09,1.925505409247217e-09
49874,4,280,5.9625954284703335e-09,1.925505409247217e-09
44840,4,280,5.9625954284703335e-09,1.925505409247217e-09
34816,4,280,5.9625954284703335e-09,1.925505409247217e-09
55652,4,280,5.9625954284703335e-09,1.925505409247217e-09
39110,4,280,5.9625954284703335e-09,1.925505409247217e-09
42738,4,280,5.9625954284703335e-09,1.925505409247217e-09
36006,4,280,5.9625954284703335e-09,1.925505409247217e-09
39342,4,280,5.9625954284703335e-09,1.925505409247217e-09
40180,4,280,5.9625954284703335e-09,1.925505409247217e-09
54150,4,280,5.9625954284703335e-09,1.925505409247217e-09
48426,4,280,5.9625954284703335e-09,1.925505409247217e-09
39122,4,280,5.9625954284703335e-09,1.925505409247217e-09
33864,4,280,5.9625954284703335e-09,1.925505409247217e-09
46092,4,280,5.9625954284703335e-09,1.925505409247217e-09
59776,4,280,5.9625954284703335e-09,1.925505409247217e-09
38296,4,280,5.9625954284703335e-09,1.925505409247217e-09
49566,4,280,5.9625954284703335e-09,1.925505409247217e-09
39504,4,280,5.9625954284703335e-09,1.925505409247217e-09
42468,4,280,5.9625954284703335e-09,1.925505409247217e-09
47368,4,280,5.9625954284703335e-09,1.925505409247217e-09
44254,4,280,5.9625954284703335e-09,1.925505409247217e-09
46460,4,280,5.9625954284703335e-09,1.925505409247217e-09
38026,4,280,5.9625954284703335e-09,1.925505409247217e-09
47100,4,280,5.9625954284703335e-09,1.925505409247217e-09
43706,4,280,5.9625954284703335e-09,1.925505409247217e-09
36056,4,280,5.9625954284703335e-09,1.925505409247217e-09
42362,4,280,5.9625954284703335e-09,1.925505409247217e-09
37790,4,280,5.9625954284703335e-09,1.925505409247217e-09
55352,4,280,5.9625954284703335e-09,1.925505409247217e-09
51456,4,280,5.9625954284703335e-09,1.925505409247217e-09
46226,4,280,5.9625954284703335e-09,1.925505409247217e-09
33286,4,280,5.9625954284703335e-09,1.925505409247217e-09
46530,4,280,5.9625954284703335e-09,1.925505409247217e-09
50972,4,280,5.9625954284703335e-09,1.925505409247217e-09
34040,4,280,5.9625954284703335e-09,1.925505409247217e-09
50202,4,280,5.9625954284703335e-09,1.925505409247217e-09
33702,4,280,5.9625954284703335e-09,1.925505409247217e-09
37744,4,280,5.9625954284703335e-09,1.925505409247217e-09
36962,4,280,5.9625954284703335e-09,1.925505409247217e-09
52220,4,280,5.9625954284703335e-09,1.925505409247217e-09
45200,4,280,5.9625954284703335e-09,1.925505409247217e-09
50082,4,280,5.9625954284703335e-09,1.925505409247217e-09
33918,4,280,5.9625954284703335e-09,1.925505409247217e-09
37870,4,280,5.9625954284703335e-09,1.925505409247217e-09
48002,4,280,5.9625954284703335e-09,1.925505409247217e-09
39728,4,280,5.9625954284703335e-09,1.925505409247217e-09
35360,4,280,5.9625954284703335e-09,1.925505409247217e-09
45078,4,280,5.9625954284703335e-09,1.925505409247217e-09
39192,4,280,5.9625954284703335e-09,1.925505409247217e-09
38254,4,280,5.9625954284703335e-09,1.925505409247217e-09
33506,4,280,5.9625954284703335e-09,1.925505409247217e-09
47420,4,280,5.9625954284703335e-09,1.925505409247217e-09
58652,4,280,5.9625954284703335e-09,1.925505409247217e-09
45558,4,280,5.9625954284703335e-09,1.925505409247217e-09
42514,4,280,5.9625954284703335e-09,1.925505409247217e-09
47516,4,280,5.9625954284703335e-09,1.925505409247217e-09
36312,4,280,5.9625954284703335e-09,1.925505409247217e-09
44798,4,280,5.9625954284703335e-09,1.925505409247217e-09
37116,4,280,5.9625954284703335e-09,1.925505409247217e-09
33100,4,280,5.9625954284703335e-09,1.925505409247217e-09
42410,4,280,5.9625954284703335e-09,1.925505409247217e-09
39076,4,280,5.9625954284703335e-09,1.925505409247217e-09
45288,4,280,5.9625954284703335e-09,1.925505409247217e-09
47952,4,280,5.9625954284703335e-09,1.925505409247217e-09
37652,4,280,5.9625954284703335e-09,1.925505409247217e-09
37872,4,280,5.9625954284703335e-09,1.925505409247217e-09
37202,4,280,5.9625954284703335e-09,1.925505409247217e-09
38852,4,280,5.9625954284703335e-09,1.925505409247217e-09
34696,4,280,5.9625954284703335e-09,1.925505409247217e-09
34952,4,280,5.9625954284703335e-09,1.925505409247217e-09
51120,4,280,5.9625954284703335e-09,1.925505409247217e-09
43014,4,280,5.9625954284703335e-09,1.925505409247217e-09
32812,4,280,5.9625954284703335e-09,1.925505409247217e-09
45902,4,280,5.9625954284703335e-09,1.925505409247217e-09
44370,4,280,5.9625954284703335e-09,1.925505409247217e-09
48278,4,280,5.9625954284703335e-09,1.925505409247217e-09
38434,4,280,5.9625954284703335e-09,1.925505409247217e-09
39854,4,280,5.9625954284703335e-09,1.925505409247217e-09
54850,4,280,5.9625954284703335e-09,1.925505409247217e-09
33324,4,280,5.9625954284703335e-09,1.925505409247217e-09
45116,4,280,5.9625954284703335e-09,1.925505409247217e-09
59684,4,280,5.9625954284703335e-09,1.925505409247217e-09
44234,4,280,5.9625954284703335e-09,1.925505409247217e-09
46080,4,280,5.9625954284703335e-09,1.925505409247217e-09
41886,4,280,5.9625954284703335e-09,1.925505409247217e-09
42158,4,280,5.9625954284703335e-09,1.925505409247217e-09
33108,4,280,5.9625954284703335e-09,1.925505409247217e-09
40228,4,280,5.9625954284703335e-09,1.925505409247217e-09
43254,4,280,5.9625954284703335e-09,1.925505409247217e-09
37480,4,280,5.9625954284703335e-09,1.925505409247217e-09
39698,4,280,5.9625954284703335e-09,1.925505409247217e-09
39416,4,280,5.9625954284703335e-09,1.925505409247217e-09
47272,4,280,5.9625954284703335e-09,1.925505409247217e-09
39362,4,280,5.9625954284703335e-09,1.925505409247217e-09
40322,4,280,5.9625954284703335e-09,1.925505409247217e-09
40746,4,280,5.9625954284703335e-09,1.925505409247217e-09
51584,4,280,5.9625954284703335e-09,1.925505409247217e-09
45222,4,280,5.9625954284703335e-09,1.925505409247217e-09
33672,4,280,5.9625954284703335e-09,1.925505409247217e-09
60700,4,280,5.9625954284703335e-09,1.925505409247217e-09
50508,4,280,5.9625954284703335e-09,1.925505409247217e-09
48718,4,280,5.9625954284703335e-09,1.925505409247217e-09
32892,4,280,5.9625954284703335e-09,1.925505409247217e-09
47202,4,280,5.9625954284703335e-09,1.925505409247217e-09
50046,4,280,5.9625954284703335e-09,1.925505409247217e-09
38086,4,280,5.9625954284703335e-09,1.925505409247217e-09
38240,4,280,5.9625954284703335e-09,1.925505409247217e-09
34878,4,280,5.9625954284703335e-09,1.925505409247217e-09
49838,4,280,5.9625954284703335e-09,1.925505409247217e-09
34014,4,280,5.9625954284703335e-09,1.925505409247217e-09
41482,4,280,5.9625954284703335e-09,1.925505409247217e-09
42992,4,280,5.9625954284703335e-09,1.925505409247217e-09
55734,4,280,5.9625954284703335e-09,1.925505409247217e-09
46406,4,280,5.9625954284703335e-09,1.925505409247217e-09
42952,4,280,5.9625954284703335e-09,1.925505409247217e-09
46782,4,280,5.9625954284703335e-09,1.925505409247217e-09
47702,4,280,5.9625954284703335e-09,1.925505409247217e-09
47342,4,280,5.9625954284703335e-09,1.925505409247217e-09
57180,4,280,5.9625954284703335e-09,1.925505409247217e-09
35580,4,280,5.9625954284703335e-09,1.925505409247217e-09
46324,4,280,5.9625954284703335e-09,1.925505409247217e-09
50962,4,280,5.9625954284703335e-09,1.925505409247217e-09
48746,4,280,5.9625954284703335e-09,1.925505409247217e-09
42572,4,280,5.9625954284703335e-09,1.925505409247217e-09
54950,4,280,5.9625954284703335e-09,1.925505409247217e-09
50148,4,280,5.9625954284703335e-09,1.925505409247217e-09
44092,4,280,5.9625954284703335e-09,1.925505409247217e-09
44830,4,280,5.9625954284703335e-09,1.925505409247217e-09
34720,4,280,5.9625954284703335e-09,1.925505409247217e-09
48848,4,280,5.9625954284703335e-09,1.925505409247217e-09
46918,4,280,5.9625954284703335e-09,1.925505409247217e-09
38174,4,280,5.9625954284703335e-09,1.925505409247217e-09
41810,4,280,5.9625954284703335e-09,1.925505409247217e-09
36688,4,280,5.9625954284703335e-09,1.925505409247217e-09
36478,4,280,5.9625954284703335e-09,1.925505409247217e-09
51402,4,280,5.9625954284703335e-09,1.925505409247217e-09
39986,4,280,5.9625954284703335e-09,1.925505409247217e-09
48810,4,280,5.9625954284703335e-09,1.925505409247217e-09
35610,4,280,5.9625954284703335e-09,1.925505409247217e-09
41068,4,280,5.9625954284703335e-09,1.925505409247217e-09
34778,4,280,5.9625954284703335e-09,1.925505409247217e-09
38588,4,280,5.9625954284703335e-09,1.925505409247217e-09
45392,4,280,5.9625954284703335e-09,1.925505409247217e-09
40092,4,280,5.9625954284703335e-09,1.925505409247217e-09
39742,4,280,5.9625954284703335e-09,1.925505409247217e-09
44970,4,280,5.9625954284703335e-09,1.925505409247217e-09
34432,4,280,5.9625954284703335e-09,1.925505409247217e-09
48198,4,280,5.9625954284703335e-09,1.925505409247217e-09
38466,4,280,5.9625954284703335e-09,1.925505409247217e-09
49182,4,280,5.9625954284703335e-09,1.925505409247217e-09
33752,4,280,5.9625954284703335e-09,1.925505409247217e-09
46048,4,280,5.9625954284703335e-09,1.925505409247217e-09
41626,4,280,5.9625954284703335e-09,1.925505409247217e-09
50154,4,280,5.9625954284703335e-09,1.925505409247217e-09
33577,4,352,5.9625954284703335e-09,2.420635371625073e-09
17549,4,192,5.9625954284703335e-09,1.320346566340949e-09
17468,4,192,5.9625954284703335e-09,1.320346566340949e-09
16938,4,192,5.9625954284703335e-09,1.320346566340949e-09
32798,4,352,5.9625954284703335e-09,2.420635371625073e-09
19662,4,192,5.9625954284703335e-09,1.320346566340949e-09
20359,4,192,5.9625954284703335e-09,1.320346566340949e-09
43327,4,352,5.9625954284703335e-09,2.420635371625073e-09
58747,4,352,5.9625954284703335e-09,2.420635371625073e-09
17184,4,192,5.9625954284703335e-09,1.320346566340949e-09
58749,4,352,5.9625954284703335e-09,2.420635371625073e-09
58751,4,352,5.9625954284703335e-09,2.420635371625073e-09
58753,4,352,5.9625954284703335e-09,2.420635371625073e-09
32533,2,696,2.9812977142351668e-09,4.78625630298594e-09
36649,2,696,2.9812977142351668e-09,4.78625630298594e-09
38345,2,696,2.9812977142351668e-09,4.78625630298594e-09
35804,2,696,2.9812977142351668e-09,4.78625630298594e-09
37360,2,696,2.9812977142351668e-09,4.78625630298594e-09
43834,2,696,2.9812977142351668e-09,4.78625630298594e-09
36504,2,696,2.9812977142351668e-09,4.78625630298594e-09
31021,2,696,2.9812977142351668e-09,4.78625630298594e-09
37879,2,696,2.9812977142351668e-09,4.78625630298594e-09
42409,2,696,2.9812977142351668e-09,4.78625630298594e-09
42735,2,696,2.9812977142351668e-09,4.78625630298594e-09
38389,2,696,2.9812977142351668e-09,4.78625630298594e-09
35017,2,696,2.9812977142351668e-09,4.78625630298594e-09
43319,2,696,2.9812977142351668e-09,4.78625630298594e-09
36700,2,696,2.9812977142351668e-09,4.78625630298594e-09
34331,2,696,2.9812977142351668e-09,4.78625630298594e-09
33460,2,696,2.9812977142351668e-09,4.78625630298594e-09
39308,2,696,2.9812977142351668e-09,4.78625630298594e-09
33206,2,696,2.9812977142351668e-09,4.78625630298594e-09
36720,2,696,2.9812977142351668e-09,4.78625630298594e-09
42419,2,696,2.9812977142351668e-09,4.78625630298594e-09
39700,2,696,2.9812977142351668e-09,4.78625630298594e-09
35156,2,696,2.9812977142351668e-09,4.78625630298594e-09
39904,2,696,2.9812977142351668e-09,4.78625630298594e-09
30601,2,696,2.9812977142351668e-09,4.78625630298594e-09
31599,2,696,2.9812977142351668e-09,4.78625630298594e-09
41677,2,696,2.9812977142351668e-09,4.78625630298594e-09
30613,2,696,2.9812977142351668e-09,4.78625630298594e-09
18985,2,96,2.9812977142351668e-09,6.601732831704744e-10
16739,2,96,2.9812977142351668e-09,6.601732831704744e-10
33579,2,176,2.9812977142351668e-09,1.2103176858125366e-09
33581,2,176,2.9812977142351668e-09,1.2103176858125366e-09
17585,2,96,2.9812977142351668e-09,6.601732831704744e-10
49204,2,176,2.9812977142351668e-09,1.2103176858125366e-09
17946,2,96,2.9812977142351668e-09,6.601732831704744e-10
17359,2,96,2.9812977142351668e-09,6.601732831704744e-10
11487,2,96,2.9812977142351668e-09,6.601732831704744e-10
33355,2,176,2.9812977142351668e-09,1.2103176858125366e-09
23781,2,96,2.9812977142351668e-09,6.601732831704744e-10
18134,2,96,2.9812977142351668e-09,6.601732831704744e-10
25709,2,96,2.9812977142351668e-09,6.601732831704744e-10
33281,2,176,2.9812977142351668e-09,1.2103176858125366e-09
33492,2,176,2.9812977142351668e-09,1.2103176858125366e-09
33494,2,176,2.9812977142351668e-09,1.2103176858125366e-09
39217,2,176,2.9812977142351668e-09,1.2103176858125366e-09
20249,2,96,2.9812977142351668e-09,6.601732831704744e-10
20665,2,96,2.9812977142351668e-09,6.601732831704744e-10
36893,2,176,2.9812977142351668e-09,1.2103176858125366e-09
44923,2,176,2.9812977142351668e-09,1.2103176858125366e-09
18883,2,96,2.9812977142351668e-09,6.601732831704744e-10
19933,2,96,2.9812977142351668e-09,6.601732831704744e-10
40724,2,176,2.9812977142351668e-09,1.2103176858125366e-09
17673,2,96,2.9812977142351668e-09,6.601732831704744e-10
43329,2,176,2.9812977142351668e-09,1.2103176858125366e-09
43331,2,176,2.9812977142351668e-09,1.2103176858125366e-09
20518,2,96,2.9812977142351668e-09,6.601732831704744e-10
16503,2,96,2.9812977142351668e-09,6.601732831704744e-10
58755,2,176,2.9812977142351668e-09,1.2103176858125366e-09
58757,2,176,2.9812977142351668e-09,1.2103176858125366e-09
58759,2,176,2.9812977142351668e-09,1.2103176858125366e-09
58761,2,176,2.9812977142351668e-09,1.2103176858125366e-09
42056,2,176,2.9812977142351668e-09,1.2103176858125366e-09
49214,2,176,2.9812977142351668e-09,1.2103176858125366e-09
57348,2,176,2.9812977142351668e-09,1.2103176858125366e-09
57350,2,176,2.9812977142351668e-09,1.2103176858125366e-09
57352,2,176,2.9812977142351668e-09,1.2103176858125366e-09
57354,2,176,2.9812977142351668e-09,1.2103176858125366e-09
57356,2,176,2.9812977142351668e-09,1.2103176858125366e-09
57358,2,176,2.9812977142351668e-09,1.2103176858125366e-09
